episode,mode,end_reason,total_reward,steps,food_remaining,food_eaten,power_remaining,epsilon,timestamp
1,TRAIN,DEATH,-1165.5000000000002,1308,539,34,3,0.8964,2026-01-07T04:22:01
2,TRAIN,DEATH,-1019.9000000000012,1380,526,47,3,0.8928144,2026-01-07T04:22:02
3,TRAIN,DEATH,-1256.800000000001,962,550,23,3,0.8892431424,2026-01-07T04:22:03
4,TRAIN,DEATH,-1167.1000000000004,801,542,31,3,0.8856861698304,2026-01-07T04:22:03
5,TRAIN,DEATH,-1165.500000000001,795,541,32,3,0.8821434251510785,2026-01-07T04:22:04
6,TRAIN,DEATH,-1168.900000000001,1152,542,31,3,0.8786148514504741,2026-01-07T04:22:05
7,TRAIN,DEATH,-1135.6000000000004,891,538,35,3,0.8751003920446723,2026-01-07T04:22:05
8,TRAIN,DEATH,-1246.6000000000006,943,549,24,3,0.8715999904764936,2026-01-07T04:22:06
9,TRAIN,DEATH,-1066.4,1169,530,43,3,0.8681135905145876,2026-01-07T04:22:07
10,TRAIN,DEATH,-1223.6000000000013,1076,546,27,3,0.8646411361525292,2026-01-07T04:22:08
11,TRAIN,DEATH,-1226.2000000000007,1009,547,26,3,0.8611825716079191,2026-01-07T04:22:09
12,TRAIN,DEATH,-1155.7000000000005,770,540,33,3,0.8577378413214874,2026-01-07T04:22:10
13,TRAIN,DEATH,-1250.200000000001,1087,550,23,3,0.8543068899562015,2026-01-07T04:22:10
14,TRAIN,DEATH,-1108.3000000000006,1122,536,37,3,0.8508896623963768,2026-01-07T04:22:11
15,TRAIN,DEATH,-1125.800000000001,929,537,36,3,0.8474861037467912,2026-01-07T04:22:12
16,TRAIN,DEATH,-1164.8000000000004,956,541,32,3,0.844096159331804,2026-01-07T04:22:13
17,TRAIN,DEATH,-1026.9000000000005,880,528,45,3,0.8407197746944768,2026-01-07T04:22:14
18,TRAIN,DEATH,-1095.7000000000005,853,534,39,3,0.8373568955956989,2026-01-07T04:22:14
19,TRAIN,DEATH,-1150.4,1039,540,33,3,0.8340074680133162,2026-01-07T04:22:15
20,TRAIN,DEATH,-936.3000000000005,988,538,35,3,0.8306714381412629,2026-01-07T04:22:16
21,TRAIN,DEATH,-1110.8000000000002,997,536,37,3,0.8273487523886979,2026-01-07T04:22:17
22,TRAIN,DEATH,-996.9000000000005,1080,524,49,3,0.824039357379143,2026-01-07T04:22:18
23,TRAIN,DEATH,-1091.4000000000008,1173,534,39,3,0.8207431999496264,2026-01-07T04:22:19
24,TRAIN,DEATH,-1185.7000000000007,975,543,30,3,0.8174602271498279,2026-01-07T04:22:19
25,TRAIN,DEATH,-1185.5,999,544,29,3,0.8141903862412286,2026-01-07T04:22:20
26,TRAIN,DEATH,-996.6000000000006,849,525,48,3,0.8109336246962637,2026-01-07T04:22:21
27,TRAIN,DEATH,-1199.3000000000015,1018,544,29,3,0.8076898901974787,2026-01-07T04:22:22
28,TRAIN,DEATH,-1176.7000000000007,1121,542,31,3,0.8044591306366888,2026-01-07T04:22:23
29,TRAIN,DEATH,-1172.6000000000006,840,541,32,3,0.801241294114142,2026-01-07T04:22:23
30,TRAIN,DEATH,-1027.6000000000008,983,528,45,3,0.7980363289376855,2026-01-07T04:22:24
31,TRAIN,DEATH,-1051.4000000000012,1347,530,43,3,0.7948441836219348,2026-01-07T04:22:25
32,TRAIN,DEATH,-1085.2000000000003,973,533,40,3,0.791664806887447,2026-01-07T04:22:26
33,TRAIN,DEATH,-1059.7000000000003,1008,531,42,3,0.7884981476598972,2026-01-07T04:22:27
34,TRAIN,DEATH,-1176.7000000000003,983,543,30,3,0.7853441550692576,2026-01-07T04:22:28
35,TRAIN,DEATH,-1117.6000000000004,916,537,36,3,0.7822027784489806,2026-01-07T04:22:28
36,TRAIN,DEATH,-1107.6000000000001,881,536,37,3,0.7790739673351846,2026-01-07T04:22:29
37,TRAIN,DEATH,-1126.7000000000003,1032,537,36,3,0.7759576714658439,2026-01-07T04:22:30
38,TRAIN,DEATH,-988.6000000000006,1130,524,49,3,0.7728538407799805,2026-01-07T04:22:31
39,TRAIN,DEATH,-990.2000000000003,1004,524,49,3,0.7697624254168606,2026-01-07T04:22:32
40,TRAIN,DEATH,-1178.3000000000002,997,543,30,3,0.7666833757151932,2026-01-07T04:22:32
41,TRAIN,DEATH,-1038.7000000000003,963,529,44,3,0.7636166422123324,2026-01-07T04:22:33
42,TRAIN,DEATH,-987.3000000000006,1055,524,49,3,0.760562175643483,2026-01-07T04:22:34
43,TRAIN,DEATH,-807.900000000001,1145,505,68,3,0.7575199269409091,2026-01-07T04:22:35
44,TRAIN,DEATH,-997.3000000000003,968,525,48,3,0.7544898472331455,2026-01-07T04:22:36
45,TRAIN,DEATH,-1169.7000000000007,1002,542,31,3,0.7514718878442129,2026-01-07T04:22:37
46,TRAIN,DEATH,-1018.2000000000007,1019,527,46,3,0.748466000292836,2026-01-07T04:22:37
47,TRAIN,DEATH,-1156.6000000000004,883,541,32,3,0.7454721362916648,2026-01-07T04:22:38
48,TRAIN,DEATH,-914.4000000000008,1235,515,58,3,0.7424902477464981,2026-01-07T04:22:39
49,TRAIN,DEATH,-989.6000000000008,1178,523,50,3,0.7395202867555121,2026-01-07T04:22:40
50,TRAIN,DEATH,-939.300000000001,1111,519,54,3,0.7365622056084901,2026-01-07T04:22:41
51,TRAIN,DEATH,-1089.2000000000003,937,534,39,3,0.7336159567860561,2026-01-07T04:22:42
52,TRAIN,DEATH,-1234.9000000000012,929,548,25,3,0.7306814929589118,2026-01-07T04:22:43
53,TRAIN,DEATH,-1172.5000000000011,1157,541,32,3,0.7277587669870762,2026-01-07T04:22:43
54,TRAIN,DEATH,-1028.5000000000007,1087,528,45,3,0.7248477319191279,2026-01-07T04:22:44
55,TRAIN,DEATH,-1198.000000000001,972,544,29,3,0.7219483409914513,2026-01-07T04:22:45
56,TRAIN,DEATH,-924.5000000000014,1199,517,56,3,0.7190605476274855,2026-01-07T04:22:46
57,TRAIN,DEATH,-1195.2000000000003,1053,544,29,3,0.7161843054369755,2026-01-07T04:22:47
58,TRAIN,DEATH,-1119.2000000000003,1107,537,36,3,0.7133195682152276,2026-01-07T04:22:48
59,TRAIN,DEATH,-1179.2000000000003,1000,543,30,3,0.7104662899423667,2026-01-07T04:22:49
60,TRAIN,DEATH,-1129.6000000000004,937,538,35,3,0.7076244247825972,2026-01-07T04:22:50
61,TRAIN,DEATH,-990.4000000000003,1117,524,49,3,0.7047939270834669,2026-01-07T04:22:50
62,TRAIN,DEATH,-1003.1000000000004,1078,524,49,3,0.701974751375133,2026-01-07T04:22:51
63,TRAIN,DEATH,-1089.1000000000004,1055,534,39,3,0.6991668523696325,2026-01-07T04:22:52
64,TRAIN,DEATH,-1066.3000000000004,973,532,41,3,0.696370184960154,2026-01-07T04:22:53
65,TRAIN,DEATH,-917.3000000000006,1188,516,57,3,0.6935847042203134,2026-01-07T04:22:54
66,TRAIN,DEATH,-1008.9000000000004,1112,526,47,3,0.6908103654034321,2026-01-07T04:22:55
67,TRAIN,DEATH,-1065.4000000000005,1028,531,42,3,0.6880471239418183,2026-01-07T04:22:56
68,TRAIN,DEATH,-1027.1000000000004,1133,527,46,3,0.685294935446051,2026-01-07T04:22:56
69,TRAIN,DEATH,-1159.8000000000002,1107,541,32,3,0.6825537557042668,2026-01-07T04:22:57
70,TRAIN,DEATH,-1147.3000000000002,961,540,33,3,0.6798235406814497,2026-01-07T04:22:58
71,TRAIN,DEATH,-1172.3000000000002,1094,542,31,3,0.6771042465187239,2026-01-07T04:22:59
72,TRAIN,DEATH,-1027.8000000000006,999,527,46,3,0.674395829532649,2026-01-07T04:23:00
73,TRAIN,DEATH,-998.0000000000007,948,525,48,3,0.6716982462145183,2026-01-07T04:23:00
74,TRAIN,DEATH,-1127.2,999,537,36,3,0.6690114532296603,2026-01-07T04:23:01
75,TRAIN,DEATH,-948.7000000000004,995,520,53,3,0.6663354074167416,2026-01-07T04:23:02
76,TRAIN,DEATH,-1153.1000000000004,909,539,34,3,0.6636700657870747,2026-01-07T04:23:03
77,TRAIN,DEATH,-1069.800000000001,1132,532,41,3,0.6610153855239264,2026-01-07T04:23:04
78,TRAIN,DEATH,-914.6000000000004,1086,516,57,3,0.6583713239818306,2026-01-07T04:23:05
79,TRAIN,DEATH,-827.6000000000007,1425,507,66,3,0.6557378386859033,2026-01-07T04:23:06
80,TRAIN,DEATH,-1047.6000000000006,869,530,43,3,0.6531148873311596,2026-01-07T04:23:07
81,TRAIN,DEATH,-1069.0000000000002,929,532,41,3,0.650502427781835,2026-01-07T04:23:07
82,TRAIN,DEATH,-1037.3000000000006,1135,528,45,3,0.6479004180707076,2026-01-07T04:23:08
83,TRAIN,DEATH,-1039.800000000001,1042,529,44,3,0.6453088163984249,2026-01-07T04:23:09
84,TRAIN,DEATH,-1116.300000000001,1165,537,36,3,0.6427275811328311,2026-01-07T04:23:10
85,TRAIN,DEATH,-1064.6000000000006,976,531,42,3,0.6401566708082999,2026-01-07T04:23:11
86,TRAIN,DEATH,-983.7000000000008,926,523,50,3,0.6375960441250667,2026-01-07T04:23:11
87,TRAIN,DEATH,-1136.1000000000004,905,539,34,3,0.6350456599485664,2026-01-07T04:23:12
88,TRAIN,DEATH,-1025.4000000000005,869,527,46,3,0.6325054773087722,2026-01-07T04:23:13
89,TRAIN,DEATH,-1067.4000000000005,902,532,41,3,0.629975455399537,2026-01-07T04:23:13
90,TRAIN,DEATH,-1135.4000000000003,920,538,35,3,0.6274555535779389,2026-01-07T04:23:14
91,TRAIN,DEATH,-1087.5,961,534,39,3,0.6249457313636272,2026-01-07T04:23:15
92,TRAIN,DEATH,-997.8000000000005,996,525,48,3,0.6224459484381727,2026-01-07T04:23:16
93,TRAIN,DEATH,-777.2000000000006,1049,503,70,3,0.61995616464442,2026-01-07T04:23:16
94,TRAIN,DEATH,-1048.1000000000008,1009,530,43,3,0.6174763399858424,2026-01-07T04:23:17
95,TRAIN,DEATH,-1088.700000000001,986,534,39,3,0.615006434625899,2026-01-07T04:23:18
96,TRAIN,DEATH,-1006.1000000000005,988,525,48,3,0.6125464088873954,2026-01-07T04:23:19
97,TRAIN,DEATH,-1028.3000000000006,1147,527,46,3,0.6100962232518459,2026-01-07T04:23:20
98,TRAIN,DEATH,-1040.1000000000006,1075,529,44,3,0.6076558383588385,2026-01-07T04:23:21
99,TRAIN,DEATH,-1019.2000000000006,931,527,46,3,0.6052252150054032,2026-01-07T04:23:21
100,TRAIN,DEATH,-917.5000000000011,1065,517,56,3,0.6028043141453815,2026-01-07T04:23:22
101,TRAIN,DEATH,-987.9000000000005,974,524,49,3,0.6003930968887999,2026-01-07T04:23:23
102,TRAIN,DEATH,-1077.700000000001,830,533,40,3,0.5979915245012447,2026-01-07T04:23:23
103,TRAIN,DEATH,-1044.4000000000005,943,529,44,3,0.5955995584032397,2026-01-07T04:23:24
104,TRAIN,DEATH,-1094.4000000000008,983,534,39,3,0.5932171601696268,2026-01-07T04:23:25
105,TRAIN,DEATH,-1088.0000000000005,915,534,39,3,0.5908442915289482,2026-01-07T04:23:26
106,TRAIN,DEATH,-939.9000000000004,1269,519,54,3,0.5884809143628325,2026-01-07T04:23:27
107,TRAIN,DEATH,-912.1000000000012,1033,515,58,3,0.5861269907053811,2026-01-07T04:23:28
108,TRAIN,DEATH,-893.0000000000008,910,513,60,3,0.5837824827425596,2026-01-07T04:23:29
109,TRAIN,DEATH,-986.9000000000007,938,524,49,3,0.5814473528115893,2026-01-07T04:23:30
110,TRAIN,DEATH,-1084.4000000000003,804,533,40,3,0.5791215634003429,2026-01-07T04:23:30
111,TRAIN,DEATH,-977.1000000000005,850,523,50,3,0.5768050771467416,2026-01-07T04:23:31
112,TRAIN,DEATH,-786.0000000000006,1064,504,69,3,0.5744978568381546,2026-01-07T04:23:32
113,TRAIN,DEATH,-643.6000000000013,1528,489,84,3,0.5721998654108019,2026-01-07T04:23:33
114,TRAIN,DEATH,-861.1000000000005,1078,511,62,3,0.5699110659491587,2026-01-07T04:23:34
115,TRAIN,DEATH,-1014.8000000000006,881,526,47,3,0.5676314216853621,2026-01-07T04:23:34
116,TRAIN,DEATH,-1007.2000000000007,1176,525,48,3,0.5653608959986206,2026-01-07T04:23:35
117,TRAIN,DEATH,-1148.8000000000009,875,540,33,3,0.5630994524146261,2026-01-07T04:23:36
118,TRAIN,DEATH,-663.3000000000015,1699,490,83,3,0.5608470546049676,2026-01-07T04:23:37
119,TRAIN,DEATH,-1076.4000000000005,1103,532,41,3,0.5586036663865478,2026-01-07T04:23:38
120,TRAIN,DEATH,-989.7000000000006,1144,524,49,3,0.5563692517210016,2026-01-07T04:23:39
121,TRAIN,DEATH,-856.5000000000008,1109,511,62,3,0.5541437747141176,2026-01-07T04:23:40
122,TRAIN,DEATH,-1087.0,837,534,39,3,0.5519271996152612,2026-01-07T04:23:41
123,TRAIN,DEATH,-909.8000000000011,1071,516,57,3,0.5497194908168002,2026-01-07T04:23:41
124,TRAIN,DEATH,-967.9000000000007,894,522,51,3,0.5475206128535329,2026-01-07T04:23:42
125,TRAIN,DEATH,-797.900000000001,1137,504,69,3,0.5453305304021188,2026-01-07T04:23:43
126,TRAIN,DEATH,-980.1000000000006,890,522,51,3,0.5431492082805103,2026-01-07T04:23:44
127,TRAIN,DEATH,-1005.6000000000004,794,526,47,3,0.5409766114473882,2026-01-07T04:23:44
128,TRAIN,DEATH,-868.5000000000009,1042,511,62,3,0.5388127050015986,2026-01-07T04:23:45
129,TRAIN,DEATH,-986.5000000000007,807,524,49,3,0.5366574541815922,2026-01-07T04:23:46
130,TRAIN,DEATH,-926.0000000000005,1013,517,56,3,0.5345108243648657,2026-01-07T04:23:47
131,TRAIN,DEATH,-935.3000000000004,869,519,54,3,0.5323727810674063,2026-01-07T04:23:47
132,TRAIN,DEATH,-856.5000000000007,943,510,63,3,0.5302432899431366,2026-01-07T04:23:48
133,TRAIN,DEATH,-865.1000000000005,974,512,61,3,0.5281223167833641,2026-01-07T04:23:49
134,TRAIN,DEATH,-988.0000000000003,941,524,49,3,0.5260098275162306,2026-01-07T04:23:50
135,TRAIN,DEATH,-781.5000000000002,1210,503,70,3,0.5239057882061656,2026-01-07T04:23:51
136,TRAIN,DEATH,-933.0000000000007,1077,518,55,3,0.521810165053341,2026-01-07T04:23:52
137,TRAIN,DEATH,-939.8000000000003,994,519,54,3,0.5197229243931276,2026-01-07T04:23:53
138,TRAIN,DEATH,-944.1000000000007,1099,519,54,3,0.5176440326955551,2026-01-07T04:23:53
139,TRAIN,DEATH,-975.1000000000006,875,522,51,3,0.5155734565647729,2026-01-07T04:23:54
140,TRAIN,DEATH,-688.7000000000007,1224,494,79,3,0.5135111627385138,2026-01-07T04:23:55
141,TRAIN,DEATH,-878.3000000000009,1061,513,60,3,0.5114571180875598,2026-01-07T04:23:56
142,TRAIN,DEATH,-1096.500000000001,1304,534,39,3,0.5094112896152095,2026-01-07T04:23:57
143,TRAIN,DEATH,-792.8000000000009,1155,504,69,3,0.5073736444567487,2026-01-07T04:23:58
144,TRAIN,DEATH,-1044.8000000000002,973,529,44,3,0.5053441498789217,2026-01-07T04:23:59
145,TRAIN,DEATH,-914.7000000000005,905,517,56,3,0.503322773279406,2026-01-07T04:23:59
146,TRAIN,DEATH,-948.5000000000009,1174,520,53,3,0.5013094821862883,2026-01-07T04:24:00
147,TRAIN,DEATH,-925.6000000000007,1146,516,57,3,0.4993042442575432,2026-01-07T04:24:01
148,TRAIN,DEATH,-867.5000000000005,1031,512,61,3,0.49730702728051307,2026-01-07T04:24:02
149,TRAIN,DEATH,-847.2000000000013,1088,509,64,3,0.495317799171391,2026-01-07T04:24:03
150,TRAIN,DEATH,-758.1000000000008,1033,501,72,3,0.49333652797470545,2026-01-07T04:24:04
151,TRAIN,DEATH,-1156.1000000000004,873,541,32,3,0.49136318186280664,2026-01-07T04:24:04
152,TRAIN,DEATH,-739.8000000000009,1251,498,75,3,0.4893977291353554,2026-01-07T04:24:05
153,TRAIN,DEATH,-1176.6000000000004,804,543,30,3,0.487440138218814,2026-01-07T04:24:06
154,TRAIN,DEATH,-813.2000000000011,1295,504,69,3,0.4854903776659387,2026-01-07T04:24:07
155,TRAIN,DEATH,-803.3000000000011,1122,504,69,3,0.48354841615527494,2026-01-07T04:24:08
156,TRAIN,DEATH,-877.9000000000007,1090,512,61,3,0.48161422249065383,2026-01-07T04:24:09
157,TRAIN,DEATH,-790.7000000000015,1280,504,69,3,0.4796877656006912,2026-01-07T04:24:10
158,TRAIN,DEATH,-992.8000000000012,1110,524,49,3,0.47776901453828846,2026-01-07T04:24:10
159,TRAIN,DEATH,-986.1000000000008,997,523,50,3,0.4758579384801353,2026-01-07T04:24:11
160,TRAIN,DEATH,-1054.8000000000004,836,531,42,3,0.47395450672621475,2026-01-07T04:24:12
161,TRAIN,DEATH,-726.3000000000008,1067,497,76,3,0.4720586886993099,2026-01-07T04:24:13
162,TRAIN,DEATH,-876.6000000000008,1030,513,60,3,0.4701704539445126,2026-01-07T04:24:13
163,TRAIN,DEATH,-997.5000000000007,1096,525,48,3,0.46828977212873457,2026-01-07T04:24:14
164,TRAIN,DEATH,-896.3000000000008,1361,513,60,3,0.46641661304021964,2026-01-07T04:24:15
165,TRAIN,DEATH,-1007.1000000000003,883,526,47,3,0.46455094658805873,2026-01-07T04:24:16
166,TRAIN,DEATH,-875.7000000000006,942,512,61,3,0.46269274280170647,2026-01-07T04:24:17
167,TRAIN,DEATH,-739.8000000000006,1158,498,75,3,0.46084197183049963,2026-01-07T04:24:18
168,TRAIN,DEATH,-949.1000000000006,952,520,53,3,0.45899860394317765,2026-01-07T04:24:19
169,TRAIN,DEATH,-1053.1000000000004,910,530,43,3,0.45716260952740495,2026-01-07T04:24:19
170,TRAIN,DEATH,-966.0000000000005,828,521,52,3,0.4553339590892953,2026-01-07T04:24:20
171,TRAIN,DEATH,-735.8,1207,496,77,3,0.4535126232529381,2026-01-07T04:24:21
172,TRAIN,DEATH,-878.100000000001,1064,513,60,3,0.45169857275992636,2026-01-07T04:24:22
173,TRAIN,DEATH,-914.1000000000005,894,516,57,3,0.44989177846888667,2026-01-07T04:24:22
174,TRAIN,DEATH,-846.6000000000008,1088,509,64,3,0.44809221135501115,2026-01-07T04:24:23
175,TRAIN,DEATH,-935.4000000000003,983,518,55,3,0.4462998425095911,2026-01-07T04:24:24
176,TRAIN,DEATH,-1036.7000000000005,770,529,44,3,0.44451464313955275,2026-01-07T04:24:25
177,TRAIN,DEATH,-784.600000000001,1297,502,71,3,0.44273658456699455,2026-01-07T04:24:26
178,TRAIN,DEATH,-983.3000000000009,1110,522,51,3,0.4409656382287266,2026-01-07T04:24:27
179,TRAIN,DEATH,-974.6000000000004,976,522,51,3,0.4392017756758117,2026-01-07T04:24:28
180,TRAIN,DEATH,-524.4000000000002,1372,477,96,3,0.43744496857310844,2026-01-07T04:24:29
181,TRAIN,DEATH,-888.400000000001,1062,514,59,3,0.435695188698816,2026-01-07T04:24:29
182,TRAIN,DEATH,-899.7000000000011,1050,515,58,3,0.43395240794402073,2026-01-07T04:24:30
183,TRAIN,DEATH,-736.4000000000008,1115,498,75,3,0.4322165983122446,2026-01-07T04:24:31
184,TRAIN,DEATH,-887.200000000001,1044,513,60,3,0.43048773191899564,2026-01-07T04:24:32
185,TRAIN,DEATH,-1006.5000000000005,817,526,47,3,0.4287657809913197,2026-01-07T04:24:33
186,TRAIN,DEATH,-998.4000000000003,860,525,48,3,0.4270507178673544,2026-01-07T04:24:33
187,TRAIN,DEATH,-728.5000000000008,1156,498,75,3,0.42534251499588493,2026-01-07T04:24:34
188,TRAIN,DEATH,-647.6999999999996,1392,494,80,2,0.4236411449359014,2026-01-07T04:24:35
189,TRAIN,DEATH,-975.9000000000007,1109,522,51,3,0.4219465803561578,2026-01-07T04:24:36
190,TRAIN,DEATH,-223.79999999999995,1772,470,104,2,0.42025879403473315,2026-01-07T04:24:38
191,TRAIN,DEATH,-783.4000000000005,1142,503,70,3,0.4185777588585942,2026-01-07T04:24:40
192,TRAIN,DEATH,-805.6000000000009,1030,505,68,3,0.41690344782315986,2026-01-07T04:24:41
193,TRAIN,DEATH,-956.4000000000003,964,521,52,3,0.4152358340318672,2026-01-07T04:24:42
194,TRAIN,DEATH,-876.400000000001,1143,511,62,3,0.4135748906957397,2026-01-07T04:24:43
195,TRAIN,DEATH,-813.9000000000011,1010,506,67,3,0.41192059113295676,2026-01-07T04:24:44
196,TRAIN,DEATH,-730.5000000000009,1187,498,75,3,0.4102729087684249,2026-01-07T04:24:45
197,TRAIN,DEATH,-696.500000000001,987,495,78,3,0.4086318171333512,2026-01-07T04:24:46
198,TRAIN,DEATH,-669.2999999999996,1282,492,81,3,0.4069972898648178,2026-01-07T04:24:47
199,TRAIN,DEATH,-935.2000000000005,877,518,55,3,0.40536930070535854,2026-01-07T04:24:48
200,TRAIN,DEATH,-658.8999999999997,1372,490,83,3,0.40374782350253713,2026-01-07T04:24:49
201,TRAIN,DEATH,-691.5000000000011,1190,494,79,3,0.40213283220852697,2026-01-07T04:24:50
202,TRAIN,DEATH,-875.7000000000007,974,513,60,3,0.4005243008796929,2026-01-07T04:24:51
203,TRAIN,DEATH,-786.700000000001,1096,504,69,3,0.3989222036761741,2026-01-07T04:24:51
204,TRAIN,DEATH,-769.7000000000007,1128,502,71,3,0.3973265148614694,2026-01-07T04:24:52
205,TRAIN,DEATH,-560.0000000000005,1665,479,94,3,0.3957372088020235,2026-01-07T04:24:54
206,TRAIN,DEATH,-561.1000000000006,1308,481,92,3,0.3941542599668154,2026-01-07T04:24:55
207,TRAIN,DEATH,-757.9000000000012,993,501,72,3,0.39257764292694813,2026-01-07T04:24:56
208,TRAIN,DEATH,-854.0000000000014,1415,510,63,3,0.3910073323552403,2026-01-07T04:24:57
209,TRAIN,DEATH,-700.300000000001,1302,495,78,3,0.38944330302581937,2026-01-07T04:24:58
210,TRAIN,DEATH,-923.5000000000009,889,517,56,3,0.3878855298137161,2026-01-07T04:24:59
211,TRAIN,DEATH,-831.3000000000006,1130,507,66,3,0.38633398769446126,2026-01-07T04:25:00
212,TRAIN,DEATH,-827.200000000001,905,508,65,3,0.38478865174368343,2026-01-07T04:25:01
213,TRAIN,DEATH,-777.0000000000009,1028,503,70,3,0.3832494971367087,2026-01-07T04:25:01
214,TRAIN,DEATH,-858.4000000000008,851,511,62,3,0.38171649914816186,2026-01-07T04:25:02
215,TRAIN,DEATH,-906.600000000001,1086,516,57,3,0.38018963315156923,2026-01-07T04:25:03
216,TRAIN,DEATH,-759.6000000000013,1165,500,73,3,0.3786688746189629,2026-01-07T04:25:04
217,TRAIN,DEATH,-604.2000000000006,1392,485,88,3,0.3771541991204871,2026-01-07T04:25:05
218,TRAIN,DEATH,-866.1000000000009,1067,511,62,3,0.37564558232400513,2026-01-07T04:25:06
219,TRAIN,DEATH,-624.900000000001,1312,487,86,3,0.3741429999947091,2026-01-07T04:25:07
220,TRAIN,DEATH,-690.5000000000011,1324,494,79,3,0.3726464279947303,2026-01-07T04:25:08
221,TRAIN,DEATH,-978.5000000000009,1031,523,50,3,0.3711558422827514,2026-01-07T04:25:09
222,TRAIN,DEATH,-509.20000000000084,1415,475,98,3,0.36967121891362037,2026-01-07T04:25:11
223,TRAIN,DEATH,-732.3000000000013,1151,496,77,3,0.36819253403796587,2026-01-07T04:25:11
224,TRAIN,DEATH,-796.5000000000006,962,505,68,3,0.366719763901814,2026-01-07T04:25:12
225,TRAIN,DEATH,-726.5000000000008,1167,496,77,3,0.3652528848462067,2026-01-07T04:25:13
226,TRAIN,DEATH,-718.8000000000003,1327,497,76,3,0.3637918733068219,2026-01-07T04:25:14
227,TRAIN,DEATH,-828.400000000001,953,508,65,3,0.3623367058135946,2026-01-07T04:25:15
228,TRAIN,DEATH,-507.200000000001,1382,476,97,3,0.36088735899034025,2026-01-07T04:25:16
229,TRAIN,DEATH,-707.4000000000005,1071,496,77,3,0.3594438095543789,2026-01-07T04:25:17
230,TRAIN,DEATH,-717.4000000000005,1111,497,76,3,0.35800603431616135,2026-01-07T04:25:18
231,TRAIN,DEATH,-334.70000000000016,1581,457,116,3,0.3565740101788967,2026-01-07T04:25:19
232,TRAIN,DEATH,-232.90000000000265,1902,448,125,3,0.35514771413818114,2026-01-07T04:25:21
233,TRAIN,DEATH,-692.1000000000007,1223,494,79,3,0.3537271232816284,2026-01-07T04:25:22
234,TRAIN,DEATH,-432.70000000000044,1762,467,106,3,0.3523122147885019,2026-01-07T04:25:23
235,TRAIN,DEATH,-850.1000000000007,1144,509,64,3,0.3509029659293479,2026-01-07T04:25:24
236,TRAIN,DEATH,-945.5000000000002,746,520,53,3,0.3494993540656305,2026-01-07T04:25:25
237,TRAIN,DEATH,-781.8000000000013,1146,502,71,3,0.348101356649368,2026-01-07T04:25:26
238,TRAIN,DEATH,-979.2000000000005,861,523,50,3,0.3467089512227705,2026-01-07T04:25:27
239,TRAIN,DEATH,-622.6000000000017,1550,487,86,3,0.34532211541787944,2026-01-07T04:25:28
240,TRAIN,DEATH,-626.7000000000011,1244,486,87,3,0.3439408269562079,2026-01-07T04:25:29
241,TRAIN,DEATH,-700.9000000000008,1201,495,78,3,0.3425650636483831,2026-01-07T04:25:30
242,TRAIN,DEATH,-602.8000000000006,1437,484,89,3,0.34119480339378955,2026-01-07T04:25:31
243,TRAIN,DEATH,-730.0000000000002,1086,498,75,3,0.3398300241802144,2026-01-07T04:25:32
244,TRAIN,DEATH,-758.4000000000012,1164,501,72,3,0.33847070408349356,2026-01-07T04:25:33
245,TRAIN,DEATH,-884.7000000000006,780,514,59,3,0.3371168212671596,2026-01-07T04:25:33
246,TRAIN,DEATH,-697.0000000000006,1223,495,78,3,0.33576835398209093,2026-01-07T04:25:35
247,TRAIN,DEATH,-727.1000000000013,1315,497,76,3,0.33442528056616255,2026-01-07T04:25:36
248,TRAIN,DEATH,-796.8000000000011,1085,505,68,3,0.3330875794438979,2026-01-07T04:25:37
249,TRAIN,DEATH,-502.400000000001,1403,475,98,3,0.3317552291261223,2026-01-07T04:25:38
250,TRAIN,DEATH,-670.5000000000005,1142,492,81,3,0.3304282082096178,2026-01-07T04:25:40
251,TRAIN,DEATH,-667.4000000000008,1164,491,82,3,0.32910649537677933,2026-01-07T04:25:41
252,TRAIN,DEATH,-732.9000000000009,1448,497,76,3,0.3277900693952722,2026-01-07T04:25:43
253,TRAIN,DEATH,-499.00000000000045,1451,475,98,3,0.3264789091176911,2026-01-07T04:25:44
254,TRAIN,DEATH,-772.0000000000009,998,502,71,3,0.32517299348122036,2026-01-07T04:25:45
255,TRAIN,DEATH,-887.900000000001,870,514,59,3,0.32387230150729546,2026-01-07T04:25:46
256,TRAIN,DEATH,-537.5000000000008,1279,478,95,3,0.3225768123012663,2026-01-07T04:25:47
257,TRAIN,DEATH,-557.0000000000005,1157,481,92,3,0.3212865050520612,2026-01-07T04:25:49
258,TRAIN,DEATH,-848.6000000000009,890,510,63,3,0.32000135903185295,2026-01-07T04:25:49
259,TRAIN,DEATH,-662.0000000000003,1199,490,83,3,0.3187213535957255,2026-01-07T04:25:51
260,TRAIN,DEATH,-757.0000000000014,998,501,72,3,0.3174464681813426,2026-01-07T04:25:51
261,TRAIN,DEATH,-926.2000000000005,872,518,55,3,0.31617668230861723,2026-01-07T04:25:52
262,TRAIN,DEATH,-753.9000000000004,1115,499,74,3,0.3149119755793828,2026-01-07T04:25:53
263,TRAIN,DEATH,-676.7000000000006,1524,490,83,3,0.31365232767706525,2026-01-07T04:25:55
264,TRAIN,DEATH,-450.2000000000009,1307,468,105,3,0.312397718366357,2026-01-07T04:25:57
265,TRAIN,DEATH,-560.8000000000003,1333,480,93,3,0.31114812749289156,2026-01-07T04:25:58
266,TRAIN,DEATH,-372.1000000000009,1424,482,91,3,0.30990353498292,2026-01-07T04:25:59
267,TRAIN,DEATH,-562.300000000001,1392,481,92,3,0.3086639208429883,2026-01-07T04:26:01
268,TRAIN,DEATH,-856.2000000000003,892,511,62,3,0.3074292651596164,2026-01-07T04:26:02
269,TRAIN,DEATH,-936.8000000000009,940,518,55,3,0.3061995480989779,2026-01-07T04:26:03
270,TRAIN,DEATH,-470.2000000000014,1372,472,101,3,0.304974749906582,2026-01-07T04:26:05
271,TRAIN,DEATH,-837.1000000000009,1031,509,64,3,0.3037548509069557,2026-01-07T04:26:06
272,TRAIN,DEATH,-631.4000000000005,1310,487,86,3,0.30253983150332786,2026-01-07T04:26:08
273,TRAIN,DEATH,-534.5000000000003,1349,477,96,3,0.30132967217731454,2026-01-07T04:26:10
274,TRAIN,DEATH,-767.2000000000008,931,502,71,3,0.3001243534886053,2026-01-07T04:26:11
275,TRAIN,DEATH,-562.9000000000011,1335,481,92,3,0.29892385607465083,2026-01-07T04:26:13
276,TRAIN,DEATH,-467.3000000000003,1347,471,102,3,0.29772816065035224,2026-01-07T04:26:14
277,TRAIN,DEATH,-677.9000000000001,1192,492,81,3,0.29653724800775083,2026-01-07T04:26:15
278,TRAIN,DEATH,-827.9000000000012,984,508,65,3,0.2953510990157198,2026-01-07T04:26:16
279,TRAIN,DEATH,-373.2000000000011,1494,461,112,3,0.2941696946196569,2026-01-07T04:26:17
280,TRAIN,DEATH,-519.5000000000017,1348,477,96,3,0.2929930158411783,2026-01-07T04:26:18
281,TRAIN,DEATH,-594.4000000000008,1177,484,89,3,0.2918210437778136,2026-01-07T04:26:20
282,TRAIN,DEATH,-865.9000000000005,803,512,61,3,0.29065375960270234,2026-01-07T04:26:21
283,TRAIN,DEATH,-281.4000000000027,1551,453,120,3,0.28949114456429154,2026-01-07T04:26:22
284,TRAIN,DEATH,-648.8000000000002,1167,489,84,3,0.28833317998603436,2026-01-07T04:26:24
285,TRAIN,DEATH,-864.8000000000009,849,512,61,3,0.28717984726609025,2026-01-07T04:26:24
286,TRAIN,DEATH,-914.9000000000003,873,517,56,3,0.2860311278770259,2026-01-07T04:26:25
287,TRAIN,DEATH,-517.8000000000012,1450,476,97,3,0.2848870033655178,2026-01-07T04:26:27
288,TRAIN,DEATH,-240.50000000000148,1718,448,125,3,0.28374745535205576,2026-01-07T04:26:28
289,TRAIN,DEATH,-698.5000000000002,1051,495,78,3,0.2826124655306475,2026-01-07T04:26:29
290,TRAIN,DEATH,-766.9000000000013,1075,502,71,3,0.28148201566852493,2026-01-07T04:26:30
291,TRAIN,DEATH,-612.2000000000006,1324,486,87,3,0.28035608760585085,2026-01-07T04:26:32
292,TRAIN,DEATH,-401.69999999999993,1459,464,109,3,0.27923466325542745,2026-01-07T04:26:33
293,TRAIN,DEATH,-418.3000000000021,1859,465,108,3,0.27811772460240575,2026-01-07T04:26:35
294,TRAIN,DEATH,-876.1000000000006,883,513,60,3,0.27700525370399615,2026-01-07T04:26:35
295,TRAIN,DEATH,-766.9000000000009,1164,501,72,3,0.27589723268918015,2026-01-07T04:26:36
296,TRAIN,DEATH,-411.600000000001,1481,466,107,3,0.2747936437584234,2026-01-07T04:26:37
297,TRAIN,DEATH,-651.1000000000003,1296,488,85,3,0.27369446918338974,2026-01-07T04:26:39
298,TRAIN,DEATH,-616.8000000000005,1264,486,87,3,0.2725996913066562,2026-01-07T04:26:40
299,TRAIN,DEATH,-679.800000000001,1494,493,80,3,0.2715092925414295,2026-01-07T04:26:41
300,TRAIN,DEATH,-600.7,1361,485,88,3,0.2704232553712638,2026-01-07T04:26:42
301,TRAIN,DEATH,-904.2000000000004,772,515,58,3,0.2693415623497788,2026-01-07T04:26:43
302,TRAIN,DEATH,-885.5000000000007,798,513,60,3,0.26826419610037966,2026-01-07T04:26:43
303,TRAIN,DEATH,-924.6000000000005,770,517,56,3,0.26719113931597815,2026-01-07T04:26:44
304,TRAIN,DEATH,-915.8000000000003,759,517,56,3,0.26612237475871425,2026-01-07T04:26:45
305,TRAIN,DEATH,-491.6000000000004,1452,475,99,2,0.2650578852596794,2026-01-07T04:26:46
306,TRAIN,DEATH,-481.90000000000043,1292,473,100,3,0.26399765371864065,2026-01-07T04:26:47
307,TRAIN,DEATH,-555.5000000000005,1266,480,93,3,0.2629416631037661,2026-01-07T04:26:48
308,TRAIN,DEATH,-549.1999999999999,1196,480,93,3,0.261889896451351,2026-01-07T04:26:49
309,TRAIN,DEATH,-747.8000000000003,1096,499,74,3,0.26084233686554564,2026-01-07T04:26:50
310,TRAIN,DEATH,-534.6000000000005,1109,479,94,3,0.25979896751808346,2026-01-07T04:26:52
311,TRAIN,DEATH,-717.6000000000008,1107,497,76,3,0.2587597716480111,2026-01-07T04:26:54
312,TRAIN,DEATH,-37.400000000003615,2002,428,145,3,0.2577247325614191,2026-01-07T04:26:56
313,TRAIN,DEATH,-407.5999999999999,1578,465,108,3,0.25669383363117343,2026-01-07T04:26:58
314,TRAIN,DEATH,-884.100000000001,1010,513,60,3,0.2556670582966487,2026-01-07T04:26:59
315,TRAIN,DEATH,-560.7000000000002,1403,481,92,3,0.2546443900634621,2026-01-07T04:27:00
316,TRAIN,DEATH,-490.70000000000067,1379,473,100,3,0.25362581250320826,2026-01-07T04:27:02
317,TRAIN,DEATH,-894.0000000000006,1036,514,59,3,0.2526113092531954,2026-01-07T04:27:03
318,TRAIN,DEATH,-509.1000000000001,1245,476,97,3,0.25160086401618265,2026-01-07T04:27:04
319,TRAIN,DEATH,-577.6000000000005,1201,483,90,3,0.2505944605601179,2026-01-07T04:27:05
320,TRAIN,DEATH,-129.60000000000161,1959,436,137,3,0.24959208271787744,2026-01-07T04:27:07
321,TRAIN,DEATH,-496.89999999999986,1344,475,98,3,0.24859371438700592,2026-01-07T04:27:08
322,TRAIN,DEATH,-79.80000000000211,1853,432,141,3,0.2475993395294579,2026-01-07T04:27:10
323,TRAIN,DEATH,-721.3000000000009,987,496,77,3,0.24660894217134005,2026-01-07T04:27:11
324,TRAIN,DEATH,-551.3000000000001,1222,480,93,3,0.24562250640265468,2026-01-07T04:27:13
325,TRAIN,DEATH,-687.1000000000001,1212,494,79,3,0.24464001637704405,2026-01-07T04:27:14
326,TRAIN,DEATH,-461.90000000000083,1313,471,102,3,0.24366145631153588,2026-01-07T04:27:15
327,TRAIN,DEATH,-40.50000000000233,1991,426,147,3,0.24268681048628973,2026-01-07T04:27:17
328,TRAIN,DEATH,-994.7000000000003,713,525,48,3,0.24171606324434458,2026-01-07T04:27:18
329,TRAIN,DEATH,-300.80000000000064,1652,454,119,3,0.2407491989913672,2026-01-07T04:27:19
330,TRAIN,DEATH,-788.7000000000012,1095,503,70,3,0.23978620219540173,2026-01-07T04:27:20
331,TRAIN,DEATH,-326.8999999999995,1518,457,116,3,0.2388270573866201,2026-01-07T04:27:22
332,TRAIN,DEATH,-601.6000000000004,1290,484,89,3,0.23787174915707363,2026-01-07T04:27:23
333,TRAIN,DEATH,-365.3000000000005,1435,460,113,3,0.23692026216044532,2026-01-07T04:27:24
334,TRAIN,DEATH,-800.1000000000006,967,505,68,3,0.23597258111180353,2026-01-07T04:27:25
335,TRAIN,DEATH,-687.9000000000003,1166,494,79,3,0.2350286907873563,2026-01-07T04:27:26
336,TRAIN,DEATH,-707.600000000001,1144,495,78,3,0.23408857602420688,2026-01-07T04:27:27
337,TRAIN,DEATH,-628.2,1403,486,87,3,0.23315222172011005,2026-01-07T04:27:28
338,TRAIN,DEATH,-762.4000000000008,1008,501,72,3,0.23221961283322962,2026-01-07T04:27:29
339,TRAIN,DEATH,-625.7000000000003,1135,488,85,3,0.2312907343818967,2026-01-07T04:27:30
340,TRAIN,DEATH,-84.90000000000413,1945,433,140,3,0.23036557144436912,2026-01-07T04:27:31
341,TRAIN,DEATH,-348.5000000000002,1694,458,115,3,0.22944410915859165,2026-01-07T04:27:33
342,TRAIN,DEATH,-404.6000000000007,1447,489,85,2,0.22852633272195727,2026-01-07T04:27:34
343,TRAIN,DEATH,-749.1000000000008,1030,500,73,3,0.22761222739106943,2026-01-07T04:27:35
344,TRAIN,DEATH,-381.3000000000008,1518,462,111,3,0.22670177848150516,2026-01-07T04:27:36
345,TRAIN,DEATH,-745.6000000000009,976,500,73,3,0.22579497136757914,2026-01-07T04:27:37
346,TRAIN,DEATH,-749.5000000000009,1223,500,73,3,0.22489179148210883,2026-01-07T04:27:38
347,TRAIN,DEATH,96.49999999999602,1957,415,158,3,0.2239922243161804,2026-01-07T04:27:40
348,TRAIN,DEATH,-366.10000000000116,1559,461,112,3,0.22309625541891567,2026-01-07T04:27:41
349,TRAIN,DEATH,-627.1000000000001,1238,487,86,3,0.22220387039724002,2026-01-07T04:27:42
350,TRAIN,DEATH,-437.20000000000056,1508,467,106,3,0.22131505491565107,2026-01-07T04:27:44
351,TRAIN,DEATH,-554.3000000000005,1243,481,92,3,0.22042979469598847,2026-01-07T04:27:45
352,TRAIN,DEATH,-426.9000000000001,1342,467,106,3,0.2195480755172045,2026-01-07T04:27:46
353,TRAIN,DEATH,-300.6999999999996,1573,455,118,3,0.2186698832151357,2026-01-07T04:27:47
354,TRAIN,DEATH,-277.6000000000017,1595,452,121,3,0.21779520368227515,2026-01-07T04:27:49
355,TRAIN,DEATH,-833.7000000000004,915,508,65,3,0.21692402286754606,2026-01-07T04:27:49
356,TRAIN,DEATH,-360.10000000000025,1378,461,112,3,0.21605632677607586,2026-01-07T04:27:50
357,TRAIN,DEATH,-772.4000000000011,1019,502,71,3,0.21519210146897155,2026-01-07T04:27:51
358,TRAIN,DEATH,539.4999999999961,2816,369,204,3,0.21433133306309565,2026-01-07T04:27:54
359,TRAIN,DEATH,-761.9000000000008,1202,500,73,3,0.21347400773084327,2026-01-07T04:27:55
360,TRAIN,DEATH,-392.5000000000008,1797,464,109,3,0.2126201116999199,2026-01-07T04:27:56
361,TRAIN,DEATH,-697.0000000000011,1014,494,79,3,0.21176963125312023,2026-01-07T04:27:57
362,TRAIN,DEATH,-659.8000000000012,1191,489,84,3,0.21092255272810775,2026-01-07T04:27:58
363,TRAIN,DEATH,-625.3000000000006,1348,488,85,3,0.21007886251719532,2026-01-07T04:28:00
364,TRAIN,DEATH,-9.000000000003865,2173,425,148,3,0.20923854706712655,2026-01-07T04:28:01
365,TRAIN,DEATH,-734.3000000000006,894,499,74,3,0.20840159287885804,2026-01-07T04:28:02
366,TRAIN,DEATH,-883.6000000000005,871,514,59,3,0.2075679865073426,2026-01-07T04:28:03
367,TRAIN,DEATH,-528.0999999999997,1198,478,95,3,0.20673771456131323,2026-01-07T04:28:04
368,TRAIN,DEATH,-540.5999999999997,1264,479,94,3,0.205910763703068,2026-01-07T04:28:05
369,TRAIN,DEATH,-90.80000000000103,1572,476,98,2,0.2050871206482557,2026-01-07T04:28:06
370,TRAIN,DEATH,-711.6000000000006,1181,496,77,3,0.2042667721656627,2026-01-07T04:28:07
371,TRAIN,DEATH,-785.200000000001,932,503,70,3,0.20344970507700003,2026-01-07T04:28:08
372,TRAIN,DEATH,-484.90000000000134,1391,472,101,3,0.20263590625669203,2026-01-07T04:28:09
373,TRAIN,DEATH,-543.7000000000003,1435,479,94,3,0.20182536263166526,2026-01-07T04:28:10
374,TRAIN,DEATH,-699.6000000000004,1085,495,78,3,0.2010180611811386,2026-01-07T04:28:11
375,TRAIN,DEATH,40.69999999999675,1886,419,154,3,0.20021398893641404,2026-01-07T04:28:13
376,TRAIN,DEATH,690.6000000000026,2353,398,176,2,0.19941313298066837,2026-01-07T04:28:14
377,TRAIN,DEATH,-580.7000000000011,1290,483,90,3,0.1986154804487457,2026-01-07T04:28:15
378,TRAIN,DEATH,-780.3000000000006,886,502,71,3,0.19782101852695072,2026-01-07T04:28:16
379,TRAIN,DEATH,-193.60000000000127,1779,444,129,3,0.19702973445284291,2026-01-07T04:28:18
380,TRAIN,DEATH,-49.50000000000318,1869,429,144,3,0.19624161551503155,2026-01-07T04:28:19
381,TRAIN,DEATH,-459.7000000000007,1430,470,103,3,0.19545664905297142,2026-01-07T04:28:20
382,TRAIN,DEATH,-589.2000000000008,1201,484,89,3,0.19467482245675952,2026-01-07T04:28:21
383,TRAIN,DEATH,-535.2000000000007,1269,478,95,3,0.19389612316693247,2026-01-07T04:28:22
384,TRAIN,DEATH,-676.7000000000005,1032,493,80,3,0.19312053867426474,2026-01-07T04:28:23
385,TRAIN,DEATH,-381.7000000000008,1300,463,110,3,0.19234805651956768,2026-01-07T04:28:24
386,TRAIN,DEATH,-398.1000000000016,1245,464,109,3,0.1915786642934894,2026-01-07T04:28:25
387,TRAIN,DEATH,-639.5000000000002,1178,489,84,3,0.19081234963631544,2026-01-07T04:28:26
388,TRAIN,DEATH,-284.50000000000205,1527,453,120,3,0.19004910023777016,2026-01-07T04:28:27
389,TRAIN,DEATH,-901.5000000000007,726,514,59,3,0.1892889038368191,2026-01-07T04:28:28
390,TRAIN,DEATH,-548.6000000000004,1112,480,93,3,0.1885317482214718,2026-01-07T04:28:29
391,TRAIN,DEATH,-210.60000000000053,1489,445,128,3,0.18777762122858593,2026-01-07T04:28:30
392,TRAIN,DEATH,-663.6000000000004,1076,491,82,3,0.18702651074367158,2026-01-07T04:28:31
393,TRAIN,DEATH,-335.39999999999964,1677,462,112,2,0.1862784047006969,2026-01-07T04:28:32
394,TRAIN,DEATH,-646.7000000000007,1107,490,83,3,0.18553329108189412,2026-01-07T04:28:33
395,TRAIN,DEATH,-231.1000000000006,1576,446,127,3,0.18479115791756653,2026-01-07T04:28:35
396,TRAIN,DEATH,-154.40000000000242,1689,439,134,3,0.18405199328589628,2026-01-07T04:28:36
397,TRAIN,DEATH,-371.7,1393,462,111,3,0.1833157853127527,2026-01-07T04:28:37
398,TRAIN,DEATH,-338.3000000000017,1470,458,115,3,0.18258252217150167,2026-01-07T04:28:38
399,TRAIN,DEATH,-560.2999999999995,1245,481,92,3,0.18185219208281567,2026-01-07T04:28:39
400,TRAIN,DEATH,2.5999999999983743,1622,467,107,2,0.1811247833144844,2026-01-07T04:28:41
401,TRAIN,DEATH,-206.1000000000015,1991,448,126,2,0.18040028418122644,2026-01-07T04:28:42
402,TRAIN,DEATH,-773.0000000000005,951,502,71,3,0.17967868304450155,2026-01-07T04:28:43
403,TRAIN,DEATH,14.999999999999318,1583,447,127,2,0.17895996831232355,2026-01-07T04:28:44
404,TRAIN,DEATH,-654.8000000000011,1086,489,84,3,0.17824412843907425,2026-01-07T04:28:45
405,TRAIN,DEATH,-470.6000000000012,1349,472,101,3,0.17753115192531796,2026-01-07T04:28:46
406,TRAIN,DEATH,-656.9000000000007,1050,491,82,3,0.17682102731761667,2026-01-07T04:28:47
407,TRAIN,DEATH,112.89999999999736,1941,412,161,3,0.17611374320834622,2026-01-07T04:28:48
408,TRAIN,DEATH,-600.3000000000004,1144,485,88,3,0.17540928823551283,2026-01-07T04:28:49
409,TRAIN,DEATH,-735.8000000000005,942,499,74,3,0.17470765108257078,2026-01-07T04:28:50
410,TRAIN,DEATH,-120.60000000000241,1788,437,136,3,0.17400882047824048,2026-01-07T04:28:52
411,TRAIN,DEATH,-184.40000000000055,1685,443,130,3,0.17331278519632753,2026-01-07T04:28:53
412,TRAIN,DEATH,-379.10000000000133,1369,463,110,3,0.17261953405554223,2026-01-07T04:28:54
413,TRAIN,DEATH,-475.90000000000066,1169,472,101,3,0.17192905591932006,2026-01-07T04:28:55
414,TRAIN,DEATH,-573.0000000000007,1188,482,91,3,0.17124133969564279,2026-01-07T04:28:56
415,TRAIN,DEATH,-159.50000000000148,1753,440,133,3,0.17055637433686022,2026-01-07T04:28:58
416,TRAIN,DEATH,-695.100000000001,1229,494,79,3,0.16987414883951277,2026-01-07T04:28:59
417,TRAIN,DEATH,-350.4000000000014,1350,460,113,3,0.16919465224415473,2026-01-07T04:29:01
418,TRAIN,DEATH,-900.4000000000003,762,515,58,3,0.16851787363517812,2026-01-07T04:29:01
419,TRAIN,DEATH,-484.59999999999997,1358,472,101,3,0.1678438021406374,2026-01-07T04:29:03
420,TRAIN,DEATH,-581.8999999999997,1268,483,90,3,0.16717242693207485,2026-01-07T04:29:04
421,TRAIN,DEATH,-893.4000000000009,770,514,59,3,0.16650373722434655,2026-01-07T04:29:05
422,TRAIN,DEATH,-168.10000000000252,1717,440,133,3,0.16583772227544916,2026-01-07T04:29:06
423,TRAIN,DEATH,-157.5000000000008,2084,443,131,2,0.16517437138634736,2026-01-07T04:29:08
424,TRAIN,DEATH,491.5000000000085,2210,419,155,2,0.16451367390080196,2026-01-07T04:29:09
425,TRAIN,DEATH,-782.2000000000011,942,503,70,3,0.16385561920519875,2026-01-07T04:29:10
426,TRAIN,DEATH,-409.4000000000004,1291,466,107,3,0.16320019672837796,2026-01-07T04:29:11
427,TRAIN,DEATH,-181.0000000000009,1718,443,130,3,0.16254739594146445,2026-01-07T04:29:13
428,TRAIN,DEATH,-763.500000000001,883,502,71,3,0.16189720635769858,2026-01-07T04:29:14
429,TRAIN,DEATH,-251.80000000000126,1561,450,123,3,0.1612496175322678,2026-01-07T04:29:15
430,TRAIN,DEATH,-609.8999999999999,1192,486,87,3,0.16060461906213871,2026-01-07T04:29:16
431,TRAIN,DEATH,-223.70000000000152,1474,446,127,3,0.15996220058589017,2026-01-07T04:29:17
432,TRAIN,DEATH,-753.3000000000006,1265,500,73,3,0.15932235178354662,2026-01-07T04:29:18
433,TRAIN,DEATH,-527.4000000000009,1235,478,95,3,0.15868506237641242,2026-01-07T04:29:20
434,TRAIN,DEATH,-62.30000000000223,1709,430,143,3,0.15805032212690676,2026-01-07T04:29:22
435,TRAIN,DEATH,-548.5000000000005,1225,480,93,3,0.15741812083839912,2026-01-07T04:29:23
436,TRAIN,DEATH,-615.9000000000011,1338,486,87,3,0.15678844835504552,2026-01-07T04:29:24
437,TRAIN,DEATH,-139.70000000000118,1644,438,135,3,0.15616129456162534,2026-01-07T04:29:25
438,TRAIN,DEATH,-349.50000000000045,1414,459,114,3,0.15553664938337883,2026-01-07T04:29:26
439,TRAIN,DEATH,-267.7000000000022,1734,451,122,3,0.15491450278584531,2026-01-07T04:29:28
440,TRAIN,DEATH,-659.4000000000005,1135,491,82,3,0.15429484477470193,2026-01-07T04:29:29
441,TRAIN,DEATH,19.69999999999743,1990,422,151,3,0.15367766539560312,2026-01-07T04:29:30
442,TRAIN,DEATH,-469.6000000000012,1520,471,102,3,0.1530629547340207,2026-01-07T04:29:32
443,TRAIN,DEATH,-320.40000000000157,1438,457,116,3,0.1524507029150846,2026-01-07T04:29:33
444,TRAIN,DEATH,-405.4000000000011,1460,465,108,3,0.15184090010342427,2026-01-07T04:29:34
445,TRAIN,DEATH,-449.6000000000007,1349,470,103,3,0.15123353650301058,2026-01-07T04:29:36
446,TRAIN,DEATH,-220.20000000000084,1572,447,126,3,0.15062860235699854,2026-01-07T04:29:37
447,TRAIN,DEATH,142.99999999999704,2045,409,164,3,0.15002608794757055,2026-01-07T04:29:39
448,TRAIN,DEATH,-250.50000000000225,1638,449,124,3,0.14942598359578027,2026-01-07T04:29:40
449,TRAIN,DEATH,-351.2000000000015,1406,460,113,3,0.14882827966139714,2026-01-07T04:29:41
450,TRAIN,DEATH,-435.80000000000047,1464,467,106,3,0.14823296654275156,2026-01-07T04:29:42
451,TRAIN,DEATH,-214.60000000000065,1633,446,127,3,0.14764003467658054,2026-01-07T04:29:44
452,TRAIN,DEATH,-83.00000000000341,1753,433,140,3,0.14704947453787423,2026-01-07T04:29:45
453,TRAIN,DEATH,-745.3000000000011,938,500,73,3,0.14646127663972272,2026-01-07T04:29:46
454,TRAIN,DEATH,-627.6000000000003,1144,486,87,3,0.14587543153316382,2026-01-07T04:29:47
455,TRAIN,DEATH,-74.40000000000185,1756,432,141,3,0.14529192980703115,2026-01-07T04:29:49
456,TRAIN,DEATH,-523.500000000001,1294,476,97,3,0.14471076208780304,2026-01-07T04:29:50
457,TRAIN,DEATH,211.39999999999588,2442,403,170,3,0.14413191903945183,2026-01-07T04:29:52
458,TRAIN,DEATH,-541.9000000000003,1143,478,95,3,0.143555391363294,2026-01-07T04:29:52
459,TRAIN,DEATH,-30.300000000001717,1901,427,146,3,0.14298116979784084,2026-01-07T04:29:54
460,TRAIN,DEATH,-588.9000000000003,1064,484,89,3,0.14240924511864947,2026-01-07T04:29:55
461,TRAIN,DEATH,-601.1000000000006,1166,485,88,3,0.14183960813817487,2026-01-07T04:29:56
462,TRAIN,DEATH,-508.10000000000025,1147,475,98,3,0.14127224970562216,2026-01-07T04:29:57
463,TRAIN,DEATH,-756.9000000000012,998,500,73,3,0.14070716070679967,2026-01-07T04:29:58
464,TRAIN,DEATH,-554.0000000000016,1576,479,94,3,0.14014433206397248,2026-01-07T04:29:59
465,TRAIN,DEATH,-398.20000000000044,1324,465,108,3,0.13958375473571658,2026-01-07T04:30:00
466,TRAIN,DEATH,-567.2000000000011,1148,481,92,3,0.1390254197167737,2026-01-07T04:30:01
467,TRAIN,DEATH,-323.6000000000024,1458,457,116,3,0.1384693180379066,2026-01-07T04:30:02
468,TRAIN,DEATH,-250.20000000000127,1595,449,124,3,0.137915440765755,2026-01-07T04:30:04
469,TRAIN,DEATH,-786.3000000000006,894,504,69,3,0.13736377900269198,2026-01-07T04:30:05
470,TRAIN,DEATH,-422.5000000000008,1301,467,106,3,0.13681432388668122,2026-01-07T04:30:06
471,TRAIN,DEATH,-882.2000000000007,773,512,61,3,0.1362670665911345,2026-01-07T04:30:06
472,TRAIN,DEATH,-325.1000000000013,1597,457,116,3,0.13572199832476994,2026-01-07T04:30:08
473,TRAIN,DEATH,708.6999999999996,3023,355,219,2,0.13517911033147087,2026-01-07T04:30:10
474,TRAIN,DEATH,-723.0000000000007,953,496,77,3,0.13463839389014498,2026-01-07T04:30:11
475,TRAIN,DEATH,-203.50000000000068,1595,445,128,3,0.1340998403145844,2026-01-07T04:30:12
476,TRAIN,DEATH,-333.1,1374,457,116,3,0.13356344095332606,2026-01-07T04:30:13
477,TRAIN,DEATH,-474.8000000000004,1300,473,100,3,0.13302918718951276,2026-01-07T04:30:15
478,TRAIN,DEATH,-589.9,1223,484,89,3,0.1324970704407547,2026-01-07T04:30:16
479,TRAIN,DEATH,-556.3000000000002,1074,481,92,3,0.1319670821589917,2026-01-07T04:30:17
480,TRAIN,DEATH,-347.4000000000008,1429,459,114,3,0.13143921383035573,2026-01-07T04:30:18
481,TRAIN,DEATH,-609.2000000000005,1110,486,87,3,0.13091345697503431,2026-01-07T04:30:19
482,TRAIN,DEATH,-305.8000000000008,1505,455,118,3,0.13038980314713416,2026-01-07T04:30:20
483,TRAIN,DEATH,-206.60000000000326,1833,445,128,3,0.12986824393454563,2026-01-07T04:30:22
484,TRAIN,DEATH,-722.4000000000008,959,497,76,3,0.12934877095880745,2026-01-07T04:30:23
485,TRAIN,DEATH,-50.60000000000258,1847,429,144,3,0.12883137587497223,2026-01-07T04:30:25
486,TRAIN,DEATH,-179.89999999999998,1672,443,130,3,0.12831605037147234,2026-01-07T04:30:26
487,TRAIN,DEATH,-272.10000000000076,1558,452,121,3,0.12780278616998644,2026-01-07T04:30:28
488,TRAIN,DEATH,-222.60000000000105,1618,446,127,3,0.1272915750253065,2026-01-07T04:30:29
489,TRAIN,DEATH,-727.800000000001,990,498,75,3,0.12678240872520527,2026-01-07T04:30:30
490,TRAIN,DEATH,-216.50000000000125,1485,446,127,3,0.12627527909030445,2026-01-07T04:30:31
491,TRAIN,DEATH,572.7000000000025,2333,411,163,2,0.12577017797394324,2026-01-07T04:30:33
492,TRAIN,DEATH,-180.3000000000019,1711,442,131,3,0.12526709726204746,2026-01-07T04:30:34
493,TRAIN,DEATH,-479.00000000000045,1209,473,100,3,0.12476602887299927,2026-01-07T04:30:35
494,TRAIN,DEATH,-318.7,1464,456,117,3,0.12426696475750727,2026-01-07T04:30:36
495,TRAIN,DEATH,-403.10000000000093,1314,463,110,3,0.12376989689847724,2026-01-07T04:30:37
496,TRAIN,DEATH,-408.50000000000045,1364,465,108,3,0.12327481731088333,2026-01-07T04:30:38
497,TRAIN,DEATH,19.699999999995725,1936,420,153,3,0.1227817180416398,2026-01-07T04:30:40
498,TRAIN,DEATH,-299.5000000000007,1530,454,119,3,0.12229059116947325,2026-01-07T04:30:41
499,TRAIN,DEATH,-602.7000000000015,1345,484,89,3,0.12180142880479534,2026-01-07T04:30:43
500,TRAIN,DEATH,-332.20000000000175,1561,458,115,3,0.12131422308957616,2026-01-07T04:30:44
501,TRAIN,DEATH,-57.10000000000207,2080,430,143,3,0.12082896619721786,2026-01-07T04:30:45
502,TRAIN,DEATH,215.3999999999951,2373,401,172,3,0.12034565033242899,2026-01-07T04:30:47
503,TRAIN,DEATH,-557.1000000000008,1348,480,93,3,0.11986426773109927,2026-01-07T04:30:49
504,TRAIN,DEATH,392.0999999999999,2094,428,146,2,0.11938481066017488,2026-01-07T04:30:50
505,TRAIN,DEATH,-450.5000000000007,1316,469,104,3,0.11890727141753418,2026-01-07T04:30:51
506,TRAIN,DEATH,136.79999999999643,1954,410,163,3,0.11843164233186404,2026-01-07T04:30:54
507,TRAIN,DEATH,-328.4999999999998,1322,458,115,3,0.11795791576253659,2026-01-07T04:30:56
508,TRAIN,DEATH,314.6999999999956,2364,392,181,3,0.11748608409948644,2026-01-07T04:30:59
509,TRAIN,DEATH,-726.5000000000007,917,498,75,3,0.11701613976308849,2026-01-07T04:31:00
510,TRAIN,DEATH,-392.2000000000004,1348,465,108,3,0.11654807520403614,2026-01-07T04:31:02
511,TRAIN,DEATH,59.199999999998,1994,417,156,3,0.11608188290322,2026-01-07T04:31:05
512,TRAIN,DEATH,-338.90000000000146,1384,459,114,3,0.11561755537160712,2026-01-07T04:31:06
513,TRAIN,DEATH,-528.3000000000004,1293,481,93,2,0.11515508515012068,2026-01-07T04:31:07
514,TRAIN,DEATH,547.7999999999959,2464,369,204,3,0.1146944648095202,2026-01-07T04:31:10
515,TRAIN,DEATH,58.89999999999668,2226,421,153,2,0.11423568695028212,2026-01-07T04:31:12
516,TRAIN,DEATH,-626.400000000001,1085,487,86,3,0.11377874420248099,2026-01-07T04:31:14
517,TRAIN,DEATH,760.1000000000047,3206,346,227,3,0.11332362922567106,2026-01-07T04:31:17
518,TRAIN,DEATH,494.89999999999566,2745,376,198,2,0.11287033470876838,2026-01-07T04:31:20
519,TRAIN,DEATH,168.59999999999513,2326,411,163,2,0.1124188533699333,2026-01-07T04:31:23
520,TRAIN,DEATH,385.69999999999675,2469,388,186,2,0.11196917795645357,2026-01-07T04:31:25
521,TRAIN,DEATH,-423.60000000000076,1360,467,106,3,0.11152130124462775,2026-01-07T04:31:27
522,TRAIN,DEATH,-361.00000000000057,1438,461,112,3,0.11107521603964925,2026-01-07T04:31:29
523,TRAIN,DEATH,122.99999999999739,2059,412,161,3,0.11063091517549065,2026-01-07T04:31:32
524,TRAIN,DEATH,71.29999999999563,2025,421,153,2,0.11018839151478868,2026-01-07T04:31:33
525,TRAIN,DEATH,-332.1000000000008,1452,457,116,3,0.10974763794872952,2026-01-07T04:31:35
526,TRAIN,DEATH,167.99999999999466,2365,410,164,2,0.1093086473969346,2026-01-07T04:31:37
527,TRAIN,DEATH,-140.80000000000246,1830,438,135,3,0.10887141280734687,2026-01-07T04:31:39
528,TRAIN,DEATH,266.4999999999951,2441,400,174,2,0.10843592715611748,2026-01-07T04:31:41
529,TRAIN,DEATH,169.299999999997,2148,405,168,3,0.10800218344749302,2026-01-07T04:31:43
530,TRAIN,DEATH,87.89999999999554,2194,418,156,2,0.10757017471370305,2026-01-07T04:31:44
531,TRAIN,DEATH,-626.3000000000002,1246,488,85,3,0.10713989401484823,2026-01-07T04:31:47
532,TRAIN,DEATH,-152.10000000000218,1662,440,133,3,0.10671133443878884,2026-01-07T04:31:48
533,TRAIN,DEATH,-116.30000000000126,1731,434,139,3,0.10628448910103369,2026-01-07T04:31:50
534,TRAIN,DEATH,-325.2000000000012,1379,457,116,3,0.10585935114462956,2026-01-07T04:31:52
535,TRAIN,DEATH,-111.90000000000146,1706,436,137,3,0.10543591374005104,2026-01-07T04:31:54
536,TRAIN,DEATH,942.2000000000116,2885,353,221,2,0.10501417008509084,2026-01-07T04:31:56
537,TRAIN,DEATH,-836.3000000000009,960,509,64,3,0.10459411340475047,2026-01-07T04:31:57
538,TRAIN,DEATH,-221.80000000000086,1504,447,126,3,0.10417573695113147,2026-01-07T04:31:59
539,TRAIN,DEATH,-477.50000000000045,1268,472,101,3,0.10375903400332695,2026-01-07T04:32:00
540,TRAIN,DEATH,-522.2000000000019,1301,476,97,3,0.10334399786731364,2026-01-07T04:32:01
541,TRAIN,DEATH,-472.20000000000084,1270,472,101,3,0.10293062187584438,2026-01-07T04:32:03
542,TRAIN,DEATH,-223.80000000000013,1767,445,128,3,0.10251889938834101,2026-01-07T04:32:04
543,TRAIN,DEATH,-242.70000000000232,1775,449,124,3,0.10210882379078765,2026-01-07T04:32:06
544,TRAIN,DEATH,-84.60000000000389,1879,433,140,3,0.10170038849562449,2026-01-07T04:32:08
545,TRAIN,DEATH,-512.3000000000018,1371,480,94,2,0.10129358694164199,2026-01-07T04:32:10
546,TRAIN,DEATH,259.39999999999486,2356,398,175,3,0.10088841259387542,2026-01-07T04:32:12
547,TRAIN,DEATH,130.7999999999971,1993,410,163,3,0.10048485894349991,2026-01-07T04:32:14
548,TRAIN,DEATH,-176.90000000000197,1688,441,132,3,0.10008291950772591,2026-01-07T04:32:16
549,TRAIN,DEATH,80.29999999999711,1952,416,157,3,0.09968258782969501,2026-01-07T04:32:18
550,TRAIN,DEATH,673.1999999999971,2959,355,218,3,0.09928385747837623,2026-01-07T04:32:22
551,TRAIN,DEATH,127.4999999999958,2182,415,159,2,0.09888672204846273,2026-01-07T04:32:24
552,TRAIN,DEATH,224.6999999999964,2091,425,149,2,0.09849117516026888,2026-01-07T04:32:26
553,TRAIN,DEATH,8.399999999998158,1996,421,152,3,0.09809721045962781,2026-01-07T04:32:29
554,TRAIN,DEATH,294.8999999999968,2171,395,178,3,0.0977048216177893,2026-01-07T04:32:32
555,TRAIN,DEATH,212.89999999999725,1949,427,147,2,0.09731400233131815,2026-01-07T04:32:34
556,TRAIN,DEATH,-66.6000000000015,1789,431,142,3,0.09692474632199288,2026-01-07T04:32:36
557,TRAIN,DEATH,-141.0000000000024,2118,440,134,2,0.09653704733670491,2026-01-07T04:32:38
558,TRAIN,DEATH,118.59999999999695,1932,413,160,3,0.0961508991473581,2026-01-07T04:32:39
559,TRAIN,DEATH,-428.50000000000057,1360,467,106,3,0.09576629555076867,2026-01-07T04:32:41
560,TRAIN,DEATH,-343.1000000000016,1517,459,114,3,0.0953832303685656,2026-01-07T04:32:42
561,TRAIN,DEATH,-31.700000000003627,1783,427,146,3,0.09500169744709133,2026-01-07T04:32:44
562,TRAIN,DEATH,18.99999999999875,2071,426,148,2,0.09462169065730297,2026-01-07T04:32:46
563,TRAIN,DEATH,68.49999999999568,1970,416,157,3,0.09424320389467376,2026-01-07T04:32:47
564,TRAIN,DEATH,-350.7000000000005,1373,460,113,3,0.09386623107909507,2026-01-07T04:32:48
565,TRAIN,DEATH,-370.30000000000194,1459,461,112,3,0.09349076615477869,2026-01-07T04:32:50
566,TRAIN,DEATH,-265.20000000000124,1520,450,123,3,0.09311680309015957,2026-01-07T04:32:52
567,TRAIN,DEATH,305.4999999999943,2501,397,177,2,0.09274433587779893,2026-01-07T04:32:54
568,TRAIN,DEATH,-120.90000000000316,1687,437,136,3,0.09237335853428773,2026-01-07T04:32:56
569,TRAIN,DEATH,248.29999999999643,2271,398,175,3,0.09200386510015057,2026-01-07T04:32:58
570,TRAIN,DEATH,564.1999999999948,2525,389,185,2,0.09163584963974997,2026-01-07T04:33:01
571,TRAIN,DEATH,210.39999999999623,2135,403,170,3,0.09126930624119096,2026-01-07T04:33:03
572,TRAIN,DEATH,1001.4000000000053,3132,367,207,2,0.0909042290162262,2026-01-07T04:33:06
573,TRAIN,DEATH,-481.6000000000007,1377,472,101,3,0.0905406121001613,2026-01-07T04:33:07
574,TRAIN,DEATH,240.29999999999552,2342,423,151,2,0.09017844965176065,2026-01-07T04:33:09
575,TRAIN,DEATH,-235.50000000000165,1584,446,127,3,0.08981773585315361,2026-01-07T04:33:11
576,TRAIN,DEATH,77.49999999999693,1841,441,133,2,0.08945846490974099,2026-01-07T04:33:12
577,TRAIN,DEATH,-206.90000000000066,1495,445,128,3,0.08910063105010203,2026-01-07T04:33:14
578,TRAIN,DEATH,22.39999999999668,2013,422,151,3,0.08874422852590162,2026-01-07T04:33:15
579,TRAIN,DEATH,481.0999999999956,2612,376,197,3,0.08838925161179802,2026-01-07T04:33:18
580,TRAIN,DEATH,-785.4000000000012,1032,503,70,3,0.08803569460535082,2026-01-07T04:33:19
581,TRAIN,DEATH,-736.6000000000013,1040,499,74,3,0.08768355182692941,2026-01-07T04:33:20
582,TRAIN,DEATH,-313.20000000000186,1383,456,117,3,0.0873328176196217,2026-01-07T04:33:21
583,TRAIN,DEATH,617.0999999999956,2793,361,212,3,0.08698348634914321,2026-01-07T04:33:24
584,TRAIN,DEATH,71.79999999999723,1889,417,156,3,0.08663555240374664,2026-01-07T04:33:26
585,TRAIN,DEATH,-373.40000000000094,1410,462,111,3,0.08628901019413165,2026-01-07T04:33:27
586,TRAIN,DEATH,453.79999999999666,2421,402,172,2,0.08594385415335513,2026-01-07T04:33:29
587,TRAIN,DEATH,18.09999999999809,1819,423,150,3,0.08560007873674172,2026-01-07T04:33:30
588,TRAIN,DEATH,655.2000000000044,2497,382,192,2,0.08525767842179476,2026-01-07T04:33:32
589,TRAIN,DEATH,74.39999999999861,1776,417,156,3,0.08491664770810757,2026-01-07T04:33:34
590,TRAIN,DEATH,490.59999999999445,2865,377,197,2,0.08457698111727514,2026-01-07T04:33:36
591,TRAIN,DEATH,-422.10000000000065,1459,465,108,3,0.08423867319280605,2026-01-07T04:33:37
592,TRAIN,DEATH,-124.30000000000234,1647,437,136,3,0.08390171850003482,2026-01-07T04:33:39
593,TRAIN,DEATH,-560.6000000000009,1244,480,93,3,0.08356611162603468,2026-01-07T04:33:40
594,TRAIN,DEATH,136.69999999999834,2005,411,162,3,0.08323184717953054,2026-01-07T04:33:41
595,TRAIN,DEATH,-359.4000000000012,1628,461,112,3,0.08289891979081242,2026-01-07T04:33:43
596,TRAIN,DEATH,567.8000000000061,2556,390,184,2,0.08256732411164917,2026-01-07T04:33:45
597,TRAIN,DEATH,78.99999999999625,1924,416,157,3,0.08223705481520258,2026-01-07T04:33:46
598,TRAIN,DEATH,-519.5000000000018,1446,476,97,3,0.08190810659594176,2026-01-07T04:33:48
599,TRAIN,DEATH,-204.90000000000174,1706,444,129,3,0.08158047416955799,2026-01-07T04:33:49
600,TRAIN,DEATH,-375.60000000000105,1326,461,112,3,0.08125415227287976,2026-01-07T04:33:50
601,TRAIN,DEATH,-683.4000000000004,912,493,80,3,0.08092913566378823,2026-01-07T04:33:51
602,TRAIN,DEATH,-364.7000000000009,1460,461,112,3,0.08060541912113307,2026-01-07T04:33:52
603,TRAIN,DEATH,-568.4000000000003,1112,481,92,3,0.08028299744464854,2026-01-07T04:33:53
604,TRAIN,DEATH,-93.60000000000105,1586,434,139,3,0.07996186545486994,2026-01-07T04:33:55
605,TRAIN,DEATH,-592.2000000000004,987,483,90,3,0.07964201799305046,2026-01-07T04:33:56
606,TRAIN,DEATH,-952.8000000000004,669,521,52,3,0.07932344992107826,2026-01-07T04:33:56
607,TRAIN,DEATH,121.09999999999684,2025,412,161,3,0.07900615612139394,2026-01-07T04:33:58
608,TRAIN,DEATH,-850.800000000001,826,510,63,3,0.07869013149690837,2026-01-07T04:33:59
609,TRAIN,DEATH,-83.50000000000216,1756,433,140,3,0.07837537097092073,2026-01-07T04:34:00
610,TRAIN,DEATH,-421.6000000000014,1558,467,106,3,0.07806186948703706,2026-01-07T04:34:02
611,TRAIN,DEATH,399.2999999999969,2728,384,189,3,0.0777496220090889,2026-01-07T04:34:04
612,TRAIN,DEATH,-5.8000000000035925,1932,425,148,3,0.07743862352105255,2026-01-07T04:34:06
613,TRAIN,DEATH,269.7999999999962,2107,397,176,3,0.07712886902696833,2026-01-07T04:34:08
614,TRAIN,DEATH,-357.5000000000009,1508,460,113,3,0.07682035355086046,2026-01-07T04:34:09
615,TRAIN,DEATH,-104.70000000000039,1763,433,140,3,0.07651307213665702,2026-01-07T04:34:11
616,TRAIN,DEATH,-286.30000000000155,1187,473,100,3,0.07620701984811039,2026-01-07T04:34:12
617,TRAIN,DEATH,99.89999999999816,2037,413,160,3,0.07590219176871794,2026-01-07T04:34:14
618,TRAIN,DEATH,212.09999999999513,2186,402,171,3,0.07559858300164307,2026-01-07T04:34:16
619,TRAIN,DEATH,659.9000000000015,2681,381,193,2,0.0752961886696365,2026-01-07T04:34:18
620,TRAIN,DEATH,299.0999999999948,2443,398,176,2,0.07499500391495795,2026-01-07T04:34:20
621,TRAIN,DEATH,199.1999999999971,2240,404,169,3,0.07469502389929812,2026-01-07T04:34:22
622,TRAIN,DEATH,240.19999999999834,1721,423,151,2,0.07439624380370093,2026-01-07T04:34:23
623,TRAIN,DEATH,871.9000000000106,3163,360,214,2,0.07409865882848612,2026-01-07T04:34:26
624,TRAIN,DEATH,-107.20000000000198,1613,434,139,3,0.07380226419317218,2026-01-07T04:34:27
625,TRAIN,DEATH,338.89999999999577,2263,390,183,3,0.07350705513639949,2026-01-07T04:34:29
626,TRAIN,DEATH,-192.5000000000009,1922,446,128,2,0.0732130269158539,2026-01-07T04:34:31
627,TRAIN,DEATH,169.99999999999636,2118,406,167,3,0.07292017480819048,2026-01-07T04:34:32
628,TRAIN,DEATH,-30.00000000000091,1810,425,148,3,0.07262849410895772,2026-01-07T04:34:34
629,TRAIN,DEATH,262.399999999996,2244,398,175,3,0.07233798013252189,2026-01-07T04:34:36
630,TRAIN,DEATH,-114.10000000000116,1662,436,137,3,0.0720486282119918,2026-01-07T04:34:38
631,TRAIN,DEATH,-261.100000000001,1435,450,123,3,0.07176043369914384,2026-01-07T04:34:39
632,TRAIN,DEATH,-207.60000000000218,1417,445,128,3,0.07147339196434727,2026-01-07T04:34:40
633,TRAIN,DEATH,-128.2000000000017,1698,437,136,3,0.07118749839648987,2026-01-07T04:34:41
634,TRAIN,DEATH,89.69999999999618,2269,412,161,3,0.0709027484029039,2026-01-07T04:34:43
635,TRAIN,DEATH,44.2999999999995,1866,420,153,3,0.07061913740929229,2026-01-07T04:34:45
636,TRAIN,DEATH,417.3999999999992,2293,405,169,2,0.07033666085965512,2026-01-07T04:34:47
637,TRAIN,DEATH,-255.4000000000006,1595,450,123,3,0.0700553142162165,2026-01-07T04:34:48
638,TRAIN,DEATH,545.2000000000016,2571,393,181,2,0.06977509295935164,2026-01-07T04:34:50
639,TRAIN,DEATH,870.6000000000001,2524,381,193,2,0.06949599258751422,2026-01-07T04:34:52
640,TRAIN,DEATH,387.79999999999825,2196,409,165,2,0.06921800861716416,2026-01-07T04:34:54
641,TRAIN,DEATH,404.19999999999516,2660,383,190,3,0.0689411365826955,2026-01-07T04:34:56
642,TRAIN,DEATH,370.6999999999995,2252,386,187,3,0.06866537203636472,2026-01-07T04:34:59
643,TRAIN,DEATH,889.8999999999978,3252,357,217,2,0.06839071054821926,2026-01-07T04:35:01
644,TRAIN,DEATH,-151.600000000002,1548,439,134,3,0.06811714770602638,2026-01-07T04:35:03
645,TRAIN,DEATH,-245.30000000000018,1615,449,124,3,0.06784467911520227,2026-01-07T04:35:04
646,TRAIN,DEATH,-7.000000000001705,1843,424,149,3,0.06757330039874146,2026-01-07T04:35:05
647,TRAIN,DEATH,493.39999999999657,2422,375,198,3,0.06730300719714649,2026-01-07T04:35:07
648,TRAIN,DEATH,-328.000000000001,1425,457,116,3,0.0670337951683579,2026-01-07T04:35:09
649,TRAIN,DEATH,-83.5000000000017,1806,433,140,3,0.06676565998768447,2026-01-07T04:35:10
650,TRAIN,DEATH,782.5000000000045,2894,345,228,3,0.06649859734773372,2026-01-07T04:35:12
651,TRAIN,DEATH,-358.90000000000043,1433,459,114,3,0.06623260295834278,2026-01-07T04:35:14
652,TRAIN,DEATH,125.99999999999704,2186,410,163,3,0.06596767254650941,2026-01-07T04:35:16
653,TRAIN,DEATH,-103.40000000000333,1618,435,138,3,0.06570380185632338,2026-01-07T04:35:17
654,TRAIN,DEATH,189.89999999999645,2126,404,169,3,0.06544098664889808,2026-01-07T04:35:19
655,TRAIN,DEATH,833.7000000000116,2466,385,189,2,0.06517922270230249,2026-01-07T04:35:21
656,TRAIN,DEATH,-91.70000000000334,1926,432,141,3,0.06491850581149328,2026-01-07T04:35:23
657,TRAIN,DEATH,870.8000000000084,3091,359,215,2,0.0646588317882473,2026-01-07T04:35:26
658,TRAIN,DEATH,-23.40000000000407,1959,427,146,3,0.06440019646109431,2026-01-07T04:35:29
659,TRAIN,DEATH,-341.40000000000106,1384,458,115,3,0.06414259567524994,2026-01-07T04:35:30
660,TRAIN,DEATH,3.799999999996203,1904,424,149,3,0.06388602529254894,2026-01-07T04:35:31
661,TRAIN,DEATH,92.79999999999632,1921,415,158,3,0.06363048119137875,2026-01-07T04:35:33
662,TRAIN,DEATH,159.49999999999613,2221,412,162,2,0.06337595926661323,2026-01-07T04:35:35
663,TRAIN,DEATH,213.89999999999543,2229,402,171,3,0.06312245542954677,2026-01-07T04:35:36
664,TRAIN,DEATH,800.7000000000103,2658,348,226,2,0.06286996560782858,2026-01-07T04:35:39
665,TRAIN,DEATH,16.799999999998022,1811,422,151,3,0.06261848574539726,2026-01-07T04:35:40
666,TRAIN,DEATH,779.100000000007,2053,414,161,1,0.06236801180241567,2026-01-07T04:35:42
667,TRAIN,DEATH,587.1999999999982,2627,364,209,3,0.06211853975520601,2026-01-07T04:35:44
668,TRAIN,DEATH,888.1000000000147,3166,338,236,2,0.061870065596185186,2026-01-07T04:35:47
669,TRAIN,DEATH,507.79999999999427,2639,376,198,2,0.061622585333800446,2026-01-07T04:35:49
670,TRAIN,DEATH,282.5999999999956,2160,396,177,3,0.06137609499246524,2026-01-07T04:35:51
671,TRAIN,DEATH,259.4999999999965,2152,399,174,3,0.06113059061249538,2026-01-07T04:35:53
672,TRAIN,DEATH,427.79999999999745,2380,405,169,2,0.060886068250045396,2026-01-07T04:35:55
673,TRAIN,DEATH,-35.5000000000033,1729,428,145,3,0.06064252397704521,2026-01-07T04:35:56
674,TRAIN,DEATH,1018.5000000000098,2776,365,209,2,0.06039995388113703,2026-01-07T04:35:58
675,TRAIN,DEATH,307.8999999999995,2466,417,157,2,0.060158354065612485,2026-01-07T04:36:00
676,TRAIN,DEATH,63.19999999999811,2057,418,155,3,0.05991772064935003,2026-01-07T04:36:02
677,TRAIN,DEATH,-145.80000000000229,1633,439,134,3,0.05967804976675263,2026-01-07T04:36:04
678,TRAIN,DEATH,754.0999999999981,2613,372,202,2,0.05943933756768562,2026-01-07T04:36:06
679,TRAIN,DEATH,384.2999999999954,2140,385,188,3,0.05920158021741488,2026-01-07T04:36:08
680,TRAIN,DEATH,-241.00000000000227,1688,448,125,3,0.058964773896545225,2026-01-07T04:36:09
681,TRAIN,DEATH,341.79999999999825,2021,433,141,2,0.05872891480095904,2026-01-07T04:36:11
682,TRAIN,DEATH,-368.7000000000015,1380,461,112,3,0.0584939991417552,2026-01-07T04:36:12
683,TRAIN,DEATH,-124.00000000000335,1617,437,136,3,0.05826002314518818,2026-01-07T04:36:13
684,TRAIN,DEATH,278.49999999999545,2512,400,174,2,0.05802698305260743,2026-01-07T04:36:15
685,TRAIN,DEATH,545.2,2479,369,204,3,0.057794875120397,2026-01-07T04:36:17
686,TRAIN,DEATH,1032.7000000000053,3396,319,254,3,0.057563695619915416,2026-01-07T04:36:20
687,TRAIN,DEATH,-170.00000000000205,1532,441,132,3,0.05733344083743575,2026-01-07T04:36:21
688,TRAIN,DEATH,-51.10000000000309,1799,429,144,3,0.05710410707408601,2026-01-07T04:36:23
689,TRAIN,DEATH,-363.20000000000226,1445,483,91,2,0.056875690645789664,2026-01-07T04:36:23
690,TRAIN,DEATH,-173.900000000001,1560,441,132,3,0.056648187883206504,2026-01-07T04:36:25
691,TRAIN,DEATH,449.19999999999686,2353,403,171,2,0.05642159513167368,2026-01-07T04:36:26
692,TRAIN,DEATH,570.0999999999983,2573,391,183,2,0.05619590875114698,2026-01-07T04:36:28
693,TRAIN,DEATH,380.79999999999507,2430,386,187,3,0.05597112511614239,2026-01-07T04:36:30
694,TRAIN,DEATH,213.19999999999686,2546,401,172,3,0.05574724061567782,2026-01-07T04:36:32
695,TRAIN,DEATH,456.60000000000764,2275,422,152,2,0.055524251653215104,2026-01-07T04:36:34
696,TRAIN,DEATH,-92.10000000000099,1541,458,116,2,0.05530215464660224,2026-01-07T04:36:36
697,TRAIN,DEATH,397.4999999999952,2283,384,189,3,0.05508094602801583,2026-01-07T04:36:37
698,TRAIN,DEATH,540.599999999997,2472,393,181,2,0.05486062224390377,2026-01-07T04:36:39
699,TRAIN,DEATH,78.79999999999745,1960,415,158,3,0.05464117975492815,2026-01-07T04:36:41
700,TRAIN,DEATH,-285.90000000000214,1449,453,120,3,0.054422615035908437,2026-01-07T04:36:42
701,TRAIN,DEATH,196.19999999999584,2115,403,170,3,0.054204924575764805,2026-01-07T04:36:44
702,TRAIN,DEATH,-22.200000000002092,1755,427,146,3,0.053988104877461744,2026-01-07T04:36:45
703,TRAIN,DEATH,253.80000000000177,2429,422,152,2,0.053772152457951895,2026-01-07T04:36:47
704,TRAIN,DEATH,124.79999999999836,1989,411,162,3,0.05355706384812009,2026-01-07T04:36:49
705,TRAIN,DEATH,-61.800000000003536,2074,429,144,3,0.05334283559272761,2026-01-07T04:36:50
706,TRAIN,DEATH,211.39999999999668,2002,403,170,3,0.053129464250356695,2026-01-07T04:36:52
707,TRAIN,DEATH,-33.50000000000318,1743,427,146,3,0.05291694639335527,2026-01-07T04:36:53
708,TRAIN,DEATH,-463.4000000000009,1098,470,103,3,0.05270527860778185,2026-01-07T04:36:54
709,TRAIN,DEATH,451.6999999999973,2127,402,172,2,0.05249445749335072,2026-01-07T04:36:56
710,TRAIN,DEATH,673.9000000000001,2969,378,196,2,0.05228447966337732,2026-01-07T04:36:58
711,TRAIN,DEATH,295.5999999999981,2261,397,177,2,0.05207534174472381,2026-01-07T04:37:00
712,TRAIN,DEATH,577.9999999999968,2285,386,187,3,0.051867040377744915,2026-01-07T04:37:02
713,TRAIN,DEATH,-430.0999999999997,1258,468,105,3,0.051659572216233934,2026-01-07T04:37:03
714,TRAIN,DEATH,532.499999999995,2645,370,203,3,0.051452933927369,2026-01-07T04:37:05
715,TRAIN,DEATH,3.69999999999834,2253,422,151,3,0.05124712219165952,2026-01-07T04:37:07
716,TRAIN,DEATH,271.79999999999643,2104,421,153,2,0.05104213370289288,2026-01-07T04:37:08
717,TRAIN,DEATH,615.8000000000034,2605,387,187,2,0.050837965168081305,2026-01-07T04:37:10
718,TRAIN,DEATH,-54.7000000000034,1990,431,142,3,0.05063461330740898,2026-01-07T04:37:12
719,TRAIN,DEATH,161.89999999999623,2156,407,166,3,0.050432074854179346,2026-01-07T04:37:14
720,TRAIN,DEATH,-459.20000000000164,1394,468,105,3,0.05023034655476263,2026-01-07T04:37:15
721,TRAIN,DEATH,966.0000000000077,3561,327,246,3,0.05002942516854358,2026-01-07T04:37:18
722,TRAIN,DEATH,-368.400000000001,1421,461,112,3,0.049829307467869406,2026-01-07T04:37:19
723,TRAIN,DEATH,-199.20000000000147,1582,445,128,3,0.049629990237997926,2026-01-07T04:37:20
724,TRAIN,DEATH,311.599999999999,1716,438,136,2,0.04943147027704593,2026-01-07T04:37:21
725,TRAIN,DEATH,116.19999999999675,1900,413,160,3,0.04923374439593775,2026-01-07T04:37:23
726,TRAIN,DEATH,-370.60000000000036,1434,462,111,3,0.049036809418354,2026-01-07T04:37:24
727,TRAIN,DEATH,-430.80000000000035,1151,468,105,3,0.04884066218068058,2026-01-07T04:37:25
728,TRAIN,DEATH,-180.60000000000093,1427,443,130,3,0.048645299531957856,2026-01-07T04:37:26
729,TRAIN,DEATH,-430.70000000000033,1212,468,105,3,0.04845071833383002,2026-01-07T04:37:27
730,TRAIN,DEATH,613.8000000000045,2542,387,187,2,0.0482569154604947,2026-01-07T04:37:29
731,TRAIN,DEATH,796.0000000000018,2934,346,228,2,0.04806388779865272,2026-01-07T04:37:31
732,TRAIN,DEATH,473.29999999999495,2500,375,198,3,0.04787163224745811,2026-01-07T04:37:33
733,TRAIN,DEATH,-388.00000000000017,1062,484,89,3,0.04768014571846827,2026-01-07T04:37:34
734,TRAIN,DEATH,41.199999999997885,1751,444,130,2,0.0474894251355944,2026-01-07T04:37:35
735,TRAIN,DEATH,46.099999999997294,1773,420,153,3,0.04729946743505202,2026-01-07T04:37:37
736,TRAIN,DEATH,154.19999999999789,2124,408,165,3,0.047110269565311814,2026-01-07T04:37:38
737,TRAIN,DEATH,68.69999999999743,1990,417,156,3,0.046921828487050565,2026-01-07T04:37:40
738,TRAIN,DEATH,298.79999999999586,2442,394,179,3,0.046734141173102366,2026-01-07T04:37:42
739,TRAIN,DEATH,-155.6000000000028,1707,440,133,3,0.046547204608409956,2026-01-07T04:37:43
740,TRAIN,DEATH,26.099999999998317,1887,422,151,3,0.04636101578997632,2026-01-07T04:37:45
741,TRAIN,DEATH,624.499999999997,2939,384,190,2,0.04617557172681641,2026-01-07T04:37:47
742,TRAIN,DEATH,253.99999999999716,2171,398,175,3,0.04599086943990915,2026-01-07T04:37:49
743,TRAIN,DEATH,415.40000000000464,2488,407,167,2,0.04580690596214951,2026-01-07T04:37:51
744,TRAIN,DEATH,-277.8000000000013,1530,452,121,3,0.04562367833830091,2026-01-07T04:37:52
745,TRAIN,DEATH,952.5000000000136,3357,351,223,2,0.04544118362494771,2026-01-07T04:37:55
746,TRAIN,DEATH,662.1999999999966,2588,357,216,3,0.04525941889044792,2026-01-07T04:37:57
747,TRAIN,DEATH,191.29999999999643,2179,408,166,2,0.04507838121488613,2026-01-07T04:37:58
748,TRAIN,DEATH,107.3999999999968,2152,413,160,3,0.044898067690026584,2026-01-07T04:38:00
749,TRAIN,DEATH,-146.20000000000095,1703,439,134,3,0.044718475419266476,2026-01-07T04:38:01
750,TRAIN,DEATH,-135.90000000000202,1605,438,135,3,0.04453960151758941,2026-01-07T04:38:03
751,TRAIN,DEATH,-254.60000000000124,1672,449,124,3,0.04436144311151905,2026-01-07T04:38:04
752,TRAIN,DEATH,-25.700000000003,1845,426,147,3,0.044183997339072974,2026-01-07T04:38:05
753,TRAIN,DEATH,-127.90000000000282,1733,437,136,3,0.044007261349716685,2026-01-07T04:38:07
754,TRAIN,DEATH,-74.50000000000125,1604,432,141,3,0.04383123230431782,2026-01-07T04:38:08
755,TRAIN,DEATH,615.0999999999963,2677,362,211,3,0.04365590737510055,2026-01-07T04:38:11
756,TRAIN,DEATH,-98.40000000000305,1811,433,140,3,0.04348128374560015,2026-01-07T04:38:13
757,TRAIN,DEATH,-735.6000000000012,930,498,75,3,0.04330735861061775,2026-01-07T04:38:13
758,TRAIN,DEATH,4.499999999997726,1900,423,150,3,0.043134129176175276,2026-01-07T04:38:15
759,TRAIN,DEATH,197.0999999999973,1979,405,168,3,0.042961592659470575,2026-01-07T04:38:17
760,TRAIN,DEATH,155.9999999999976,1922,408,165,3,0.04278974628883269,2026-01-07T04:38:18
761,TRAIN,DEATH,602.0000000000016,2456,367,207,2,0.04261858730367736,2026-01-07T04:38:20
762,TRAIN,DEATH,296.49999999999454,2511,398,176,2,0.04244811295446265,2026-01-07T04:38:22
763,TRAIN,DEATH,-1.2000000000026603,1716,424,149,3,0.0422783205026448,2026-01-07T04:38:24
764,TRAIN,DEATH,121.19999999999618,1858,412,161,3,0.04210920722063422,2026-01-07T04:38:25
765,TRAIN,DEATH,536.299999999997,2389,389,184,3,0.04194077039175168,2026-01-07T04:38:27
766,TRAIN,DEATH,711.9999999999977,2892,352,221,3,0.04177300731018468,2026-01-07T04:38:29
767,TRAIN,DEATH,531.2999999999954,2749,370,203,3,0.04160591528094394,2026-01-07T04:38:32
768,TRAIN,DEATH,658.8999999999974,2557,357,216,3,0.04143949161982017,2026-01-07T04:38:34
769,TRAIN,DEATH,282.99999999999807,2196,396,177,3,0.04127373365334089,2026-01-07T04:38:36
770,TRAIN,DEATH,-405.20000000000243,1432,463,110,3,0.041108638718727525,2026-01-07T04:38:37
771,TRAIN,DEATH,134.29999999999586,1978,410,163,3,0.04094420416385262,2026-01-07T04:38:38
772,TRAIN,DEATH,569.7999999999972,2724,371,203,2,0.04078042734719721,2026-01-07T04:38:41
773,TRAIN,DEATH,428.3999999999952,2616,385,189,2,0.040617305637808424,2026-01-07T04:38:42
774,TRAIN,DEATH,-343.80000000000075,1448,459,114,3,0.04045483641525719,2026-01-07T04:38:44
775,TRAIN,DEATH,140.39999999999634,2195,410,163,3,0.04029301706959616,2026-01-07T04:38:46
776,TRAIN,DEATH,225.59999999999502,2275,402,171,3,0.04013184500131778,2026-01-07T04:38:48
777,TRAIN,DEATH,-260.70000000000084,1514,450,123,3,0.03997131762131251,2026-01-07T04:38:49
778,TRAIN,DEATH,405.00000000000284,2378,407,167,2,0.03981143235082726,2026-01-07T04:38:51
779,TRAIN,DEATH,-0.10000000000150067,1807,424,149,3,0.039652186621423946,2026-01-07T04:38:52
780,TRAIN,DEATH,188.19999999999698,2295,409,165,2,0.03949357787493825,2026-01-07T04:38:54
781,TRAIN,DEATH,453.599999999994,2796,382,192,2,0.039335603563438494,2026-01-07T04:38:56
782,TRAIN,DEATH,270.39999999999566,2003,421,153,2,0.03917826114918474,2026-01-07T04:38:58
783,TRAIN,DEATH,330.59999999999684,2115,391,182,3,0.039021548104588,2026-01-07T04:39:00
784,TRAIN,DEATH,339.399999999995,2420,389,184,3,0.03886546191216965,2026-01-07T04:39:01
785,TRAIN,DEATH,364.3000000000018,2025,411,163,2,0.03871000006452097,2026-01-07T04:39:03
786,TRAIN,DEATH,236.6999999999963,2154,400,173,3,0.03855516006426289,2026-01-07T04:39:05
787,TRAIN,DEATH,498.399999999995,2680,378,196,2,0.03840093942400584,2026-01-07T04:39:07
788,TRAIN,DEATH,447.8999999999995,2321,378,195,3,0.03824733566630981,2026-01-07T04:39:09
789,TRAIN,DEATH,189.09999999999718,2112,405,168,3,0.03809434632364457,2026-01-07T04:39:10
790,TRAIN,DEATH,362.3999999999952,2260,391,183,2,0.037941968938349994,2026-01-07T04:39:12
791,TRAIN,DEATH,436.3999999999985,2310,383,191,2,0.0377902010625966,2026-01-07T04:39:14
792,TRAIN,DEATH,310.7999999999963,2047,393,180,3,0.03763904025834621,2026-01-07T04:39:16
793,TRAIN,DEATH,74.4999999999967,1555,435,138,3,0.03748848409731283,2026-01-07T04:39:17
794,TRAIN,DEATH,353.6999999999965,2115,392,182,2,0.037338530160923575,2026-01-07T04:39:19
795,TRAIN,DEATH,-76.2000000000013,1621,432,141,3,0.03718917604027988,2026-01-07T04:39:20
796,TRAIN,DEATH,468.6999999999971,2626,377,196,3,0.03704041933611876,2026-01-07T04:39:22
797,TRAIN,DEATH,395.89999999999577,2237,387,187,2,0.03689225765877429,2026-01-07T04:39:24
798,TRAIN,DEATH,40.39999999999782,1823,419,154,3,0.03674468862813919,2026-01-07T04:39:25
799,TRAIN,DEATH,455.79999999999575,2388,383,191,2,0.036597709873626635,2026-01-07T04:39:27
800,TRAIN,DEATH,707.1999999999971,2868,352,221,3,0.03645131903413213,2026-01-07T04:39:30
801,TRAIN,DEATH,38.799999999997226,1910,424,150,2,0.0363055137579956,2026-01-07T04:39:32
802,TRAIN,DEATH,223.2999999999953,2367,400,173,3,0.03616029170296362,2026-01-07T04:39:34
803,TRAIN,DEATH,-5.800000000001319,1829,425,148,3,0.036015650536151765,2026-01-07T04:39:36
804,TRAIN,DEATH,486.2000000000045,2716,374,199,3,0.03587158793400716,2026-01-07T04:39:38
805,TRAIN,DEATH,49.99999999999784,1787,419,154,3,0.03572810158227113,2026-01-07T04:39:39
806,TRAIN,DEATH,160.3999999999961,2028,408,165,3,0.03558518917594205,2026-01-07T04:39:41
807,TRAIN,DEATH,-214.0000000000008,1515,446,127,3,0.03544284841923828,2026-01-07T04:39:42
808,TRAIN,DEATH,91.59999999999673,2259,414,159,3,0.03530107702556133,2026-01-07T04:39:44
809,TRAIN,DEATH,29.999999999997613,2244,444,130,2,0.03515987271745909,2026-01-07T04:39:46
810,TRAIN,DEATH,428.6999999999988,2521,381,192,3,0.03501923322658925,2026-01-07T04:39:48
811,TRAIN,DEATH,823.9000000000012,3002,345,229,2,0.03487915629368289,2026-01-07T04:39:51
812,TRAIN,DEATH,245.19999999999754,1816,423,151,2,0.03473963966850816,2026-01-07T04:39:52
813,TRAIN,DEATH,-142.80000000000126,1656,438,135,3,0.03460068110983413,2026-01-07T04:39:54
814,TRAIN,DEATH,132.99999999999636,1876,411,162,3,0.03446227838539479,2026-01-07T04:39:55
815,TRAIN,DEATH,108.9999999999983,2118,416,158,2,0.03432442927185321,2026-01-07T04:39:57
816,TRAIN,DEATH,172.19999999999675,1957,406,167,3,0.0341871315547658,2026-01-07T04:39:58
817,TRAIN,DEATH,573.3000000000006,2349,390,184,2,0.03405038302854674,2026-01-07T04:40:00
818,TRAIN,DEATH,-260.900000000001,1541,451,122,3,0.03391418149643255,2026-01-07T04:40:01
819,TRAIN,DEATH,760.3000000000043,2315,391,183,2,0.03377852477044682,2026-01-07T04:40:03
820,TRAIN,DEATH,59.199999999996635,1849,418,155,3,0.03364341067136503,2026-01-07T04:40:05
821,TRAIN,DEATH,654.0000000000075,3022,361,213,2,0.03350883702867957,2026-01-07T04:40:07
822,TRAIN,DEATH,111.99999999999693,1822,413,160,3,0.03337480168056486,2026-01-07T04:40:08
823,TRAIN,DEATH,64.2999999999962,1934,418,155,3,0.0332413024738426,2026-01-07T04:40:10
824,TRAIN,DEATH,239.09999999999616,2046,400,173,3,0.03310833726394723,2026-01-07T04:40:12
825,TRAIN,DEATH,-199.50000000000074,1392,444,129,3,0.032975903914891434,2026-01-07T04:40:13
826,TRAIN,DEATH,837.6000000000076,3111,339,234,3,0.03284400029923187,2026-01-07T04:40:16
827,TRAIN,DEATH,510.0999999999964,2106,397,177,2,0.03271262429803494,2026-01-07T04:40:18
828,TRAIN,DEATH,-6.500000000003638,1732,425,148,3,0.0325817738008428,2026-01-07T04:40:19
829,TRAIN,DEATH,420.09999999999616,2150,382,191,3,0.03245144670563943,2026-01-07T04:40:20
830,TRAIN,DEATH,56.59999999999627,2182,418,155,3,0.032321640918816875,2026-01-07T04:40:22
831,TRAIN,DEATH,136.89999999999839,1956,434,140,2,0.03219235435514161,2026-01-07T04:40:24
832,TRAIN,DEATH,37.89999999999736,1889,421,152,3,0.032063584937721046,2026-01-07T04:40:25
833,TRAIN,DEATH,-332.80000000000064,1389,458,115,3,0.031935330597970164,2026-01-07T04:40:27
834,TRAIN,DEATH,14.699999999998226,1661,423,150,3,0.03180758927557829,2026-01-07T04:40:28
835,TRAIN,DEATH,708.4000000000055,2750,377,197,2,0.031680358918475975,2026-01-07T04:40:31
836,TRAIN,DEATH,127.89999999999736,1945,412,161,3,0.03155363748280207,2026-01-07T04:40:32
837,TRAIN,DEATH,89.99999999999636,2285,416,158,2,0.03142742293287086,2026-01-07T04:40:34
838,TRAIN,DEATH,154.7999999999978,2072,409,164,3,0.031301713241139374,2026-01-07T04:40:36
839,TRAIN,DEATH,432.59999999999434,2586,379,194,3,0.031176506388174815,2026-01-07T04:40:38
840,TRAIN,DEATH,-167.50000000000023,1606,441,132,3,0.031051800362622114,2026-01-07T04:40:39
841,TRAIN,DEATH,285.4999999999959,2206,395,178,3,0.030927593161171624,2026-01-07T04:40:41
842,TRAIN,DEATH,-94.20000000000113,1695,434,139,3,0.03080388278852694,2026-01-07T04:40:42
843,TRAIN,DEATH,488.49999999999557,2613,374,199,3,0.030680667257372833,2026-01-07T04:40:45
844,TRAIN,DEATH,55.09999999999695,1866,419,154,3,0.030557944588343343,2026-01-07T04:40:46
845,TRAIN,DEATH,226.79999999999688,2464,406,168,2,0.03043571280998997,2026-01-07T04:40:48
846,TRAIN,DEATH,0.7999999999982492,1899,424,149,3,0.03031396995875001,2026-01-07T04:40:49
847,TRAIN,DEATH,-231.80000000000075,1542,446,127,3,0.03019271407891501,2026-01-07T04:40:51
848,TRAIN,DEATH,107.39999999999793,1945,412,161,3,0.03007194322259935,2026-01-07T04:40:52
849,TRAIN,DEATH,198.99999999999613,2000,404,169,3,0.02995165544970895,2026-01-07T04:40:54
850,TRAIN,DEATH,1011.7000000000064,2943,346,228,2,0.029831848827910117,2026-01-07T04:40:56
851,TRAIN,DEATH,54.799999999997794,1819,419,154,3,0.029712521432598477,2026-01-07T04:40:58
852,TRAIN,DEATH,962.4000000000174,2990,371,203,2,0.02959367134686808,2026-01-07T04:41:00
853,TRAIN,DEATH,55.99999999999852,1740,419,154,3,0.029475296661480608,2026-01-07T04:41:02
854,TRAIN,DEATH,945.7000000000066,3100,329,244,3,0.029357395474834687,2026-01-07T04:41:04
855,TRAIN,DEATH,-186.7000000000006,1619,443,130,3,0.029239965892935347,2026-01-07T04:41:06
856,TRAIN,DEATH,520.9999999999947,2567,372,201,3,0.029123006029363605,2026-01-07T04:41:08
857,TRAIN,DEATH,481.7000000000006,2299,399,175,2,0.02900651400524615,2026-01-07T04:41:09
858,TRAIN,DEATH,856.0000000000086,2881,361,213,2,0.028890487949225167,2026-01-07T04:41:12
859,TRAIN,DEATH,209.39999999999725,1855,427,147,2,0.028774925997428265,2026-01-07T04:41:13
860,TRAIN,DEATH,-496.2000000000006,1109,475,98,3,0.02865982629343855,2026-01-07T04:41:14
861,TRAIN,DEATH,346.29999999999495,2381,388,185,3,0.028545186988264797,2026-01-07T04:41:16
862,TRAIN,DEATH,325.5999999999975,2477,390,183,3,0.028431006240311738,2026-01-07T04:41:18
863,TRAIN,DEATH,502.09999999999616,2599,373,200,3,0.02831728221535049,2026-01-07T04:41:20
864,TRAIN,DEATH,25.19999999999777,1788,422,151,3,0.028204013086489087,2026-01-07T04:41:21
865,TRAIN,DEATH,434.89999999999475,2433,384,190,2,0.02809119703414313,2026-01-07T04:41:23
866,TRAIN,DEATH,-118.70000000000141,1733,435,138,3,0.027978832246006557,2026-01-07T04:41:25
867,TRAIN,DEATH,522.6999999999977,2465,395,179,2,0.027866916917022533,2026-01-07T04:41:26
868,TRAIN,DEATH,-373.8000000000007,1345,462,111,3,0.02775544924935444,2026-01-07T04:41:27
869,TRAIN,DEATH,61.29999999999632,2005,418,155,3,0.027644427452357023,2026-01-07T04:41:29
870,TRAIN,DEATH,128.69999999999663,2171,415,159,2,0.027533849742547595,2026-01-07T04:41:31
871,TRAIN,DEATH,1201.4000000000092,3891,302,271,3,0.027423714343577404,2026-01-07T04:41:34
872,TRAIN,DEATH,-252.0000000000013,1448,450,123,3,0.027314019486203094,2026-01-07T04:41:35
873,TRAIN,DEATH,586.6000000000031,2362,388,186,2,0.02720476340825828,2026-01-07T04:41:37
874,TRAIN,DEATH,335.1999999999997,2376,391,182,3,0.02709594435462525,2026-01-07T04:41:39
875,TRAIN,DEATH,-91.40000000000225,1853,437,137,2,0.02698756057720675,2026-01-07T04:41:40
876,TRAIN,DEATH,471.99999999999443,2470,374,199,3,0.02687961033489792,2026-01-07T04:41:42
877,TRAIN,DEATH,761.1999999999969,2863,347,226,3,0.02677209189355833,2026-01-07T04:41:44
878,TRAIN,DEATH,-140.00000000000273,1712,438,135,3,0.026665003525984096,2026-01-07T04:41:46
879,TRAIN,DEATH,232.49999999999545,2377,399,174,3,0.02655834351188016,2026-01-07T04:41:48
880,TRAIN,DEATH,-321.9000000000005,1384,456,117,3,0.026452110137832642,2026-01-07T04:41:49
881,TRAIN,DEATH,596.5999999999963,2669,363,210,3,0.02634630169728131,2026-01-07T04:41:51
882,TRAIN,DEATH,-339.0000000000009,1429,462,112,2,0.026240916490492185,2026-01-07T04:41:52
883,TRAIN,DEATH,941.2000000000005,3131,328,245,3,0.026135952824530215,2026-01-07T04:41:54
884,TRAIN,DEATH,551.299999999999,3011,372,202,2,0.026031409013232094,2026-01-07T04:41:57
885,TRAIN,DEATH,295.49999999999636,2286,394,179,3,0.025927283377179165,2026-01-07T04:41:59
886,TRAIN,DEATH,477.09999999999445,2592,376,197,3,0.025823574243670447,2026-01-07T04:42:01
887,TRAIN,DEATH,349.79999999999643,2228,392,182,2,0.025720279946695766,2026-01-07T04:42:02
888,TRAIN,DEATH,491.89999999999964,2466,378,196,2,0.025617398826908982,2026-01-07T04:42:04
889,TRAIN,DEATH,274.39999999999566,2127,396,177,3,0.025514929231601344,2026-01-07T04:42:06
890,TRAIN,DEATH,385.09999999999434,2602,385,188,3,0.02541286951467494,2026-01-07T04:42:08
891,TRAIN,DEATH,173.99999999999648,2151,405,168,3,0.025311218036616238,2026-01-07T04:42:10
892,TRAIN,DEATH,547.3999999999955,3088,375,200,1,0.02520997316446977,2026-01-07T04:42:12
893,TRAIN,DEATH,922.6000000000031,3008,331,242,3,0.02510913327181189,2026-01-07T04:42:15
894,TRAIN,DEATH,233.4999999999959,1952,401,172,3,0.025008696738724644,2026-01-07T04:42:16
895,TRAIN,DEATH,1027.8000000000177,3068,363,211,2,0.024908661951769745,2026-01-07T04:42:18
896,TRAIN,DEATH,645.3000000000015,2869,383,191,2,0.024809027303962665,2026-01-07T04:42:21
897,TRAIN,DEATH,-291.9000000000016,1482,454,119,3,0.024709791194746814,2026-01-07T04:42:22
898,TRAIN,DEATH,41.99999999999716,1877,420,153,3,0.024610952029967825,2026-01-07T04:42:23
899,TRAIN,DEATH,995.800000000009,3323,323,250,3,0.024512508221847955,2026-01-07T04:42:26
900,TRAIN,DEATH,-54.80000000000308,2017,433,141,2,0.024414458188960562,2026-01-07T04:42:28
901,TRAIN,DEATH,-56.50000000000193,1771,430,143,3,0.02431680035620472,2026-01-07T04:42:29
902,TRAIN,DEATH,466.89999999999395,2688,381,193,2,0.024219533154779902,2026-01-07T04:42:31
903,TRAIN,DEATH,277.99999999999704,2080,420,154,2,0.024122655022160783,2026-01-07T04:42:33
904,TRAIN,DEATH,87.5999999999973,1966,415,158,3,0.02402616440207214,2026-01-07T04:42:35
905,TRAIN,DEATH,256.19999999999584,2227,399,174,3,0.023930059744463848,2026-01-07T04:42:37
906,TRAIN,DEATH,87.29999999999598,1979,420,154,2,0.023834339505485993,2026-01-07T04:42:38
907,TRAIN,DEATH,343.499999999995,2388,389,184,3,0.02373900214746405,2026-01-07T04:42:40
908,TRAIN,DEATH,290.1999999999957,2407,399,175,2,0.023644046138874195,2026-01-07T04:42:42
909,TRAIN,DEATH,218.19999999999652,2238,401,172,3,0.023549469954318697,2026-01-07T04:42:43
910,TRAIN,DEATH,-35.600000000002524,1660,428,145,3,0.02345527207450142,2026-01-07T04:42:45
911,TRAIN,DEATH,544.9000000000028,2530,393,181,2,0.023361450986203416,2026-01-07T04:42:47
912,TRAIN,DEATH,-53.20000000000226,1801,430,143,3,0.023268005182258602,2026-01-07T04:42:48
913,TRAIN,DEATH,319.899999999995,2342,392,181,3,0.023174933161529566,2026-01-07T04:42:50
914,TRAIN,DEATH,529.3999999999976,2071,395,179,2,0.023082233428883447,2026-01-07T04:42:52
915,TRAIN,DEATH,234.0999999999957,2225,399,174,3,0.022989904495167912,2026-01-07T04:42:53
916,TRAIN,DEATH,1434.1000000000167,3682,303,271,2,0.02289794487718724,2026-01-07T04:42:56
917,TRAIN,DEATH,93.49999999999625,1844,415,158,3,0.02280635309767849,2026-01-07T04:42:58
918,TRAIN,DEATH,194.29999999999598,2702,406,168,2,0.022715127685287776,2026-01-07T04:43:00
919,TRAIN,DEATH,410.2999999999944,2859,385,189,2,0.022624267174546624,2026-01-07T04:43:02
920,TRAIN,DEATH,-9.700000000001694,1708,425,148,3,0.022533770105848436,2026-01-07T04:43:03
921,TRAIN,DEATH,1052.9000000000162,3101,342,232,2,0.02244363502542504,2026-01-07T04:43:05
922,TRAIN,DEATH,1236.1000000000142,3141,324,250,2,0.02235386048532334,2026-01-07T04:43:08
923,TRAIN,DEATH,250.79999999999643,2129,399,174,3,0.022264445043382045,2026-01-07T04:43:10
924,TRAIN,DEATH,129.19999999999652,1989,415,159,2,0.022175387263208515,2026-01-07T04:43:11
925,TRAIN,DEATH,284.9999999999967,2285,419,155,2,0.02208668571415568,2026-01-07T04:43:13
926,TRAIN,DEATH,691.0999999999972,2598,354,219,3,0.021998338971299058,2026-01-07T04:43:15
927,TRAIN,DEATH,-342.5000000000003,1459,459,114,3,0.02191034561541386,2026-01-07T04:43:16
928,TRAIN,DEATH,-29.40000000000248,1727,427,146,3,0.021822704232952204,2026-01-07T04:43:18
929,TRAIN,DEATH,-383.30000000000035,1462,463,110,3,0.021735413416020397,2026-01-07T04:43:19
930,TRAIN,DEATH,297.3999999999951,2598,395,179,2,0.021648471762356316,2026-01-07T04:43:21
931,TRAIN,DEATH,-28.40000000000157,1767,426,147,3,0.02156187787530689,2026-01-07T04:43:22
932,TRAIN,DEATH,-7.900000000003843,2458,425,149,2,0.02147563036380566,2026-01-07T04:43:24
933,TRAIN,DEATH,844.200000000003,2815,363,211,2,0.02138972784235044,2026-01-07T04:43:26
934,TRAIN,DEATH,598.1000000000029,2609,407,167,2,0.021304168930981037,2026-01-07T04:43:28
935,TRAIN,DEATH,-141.70000000000118,1767,439,134,3,0.021218952255257113,2026-01-07T04:43:30
936,TRAIN,DEATH,734.2000000000035,2317,394,180,2,0.021134076446236084,2026-01-07T04:43:31
937,TRAIN,DEATH,-142.10000000000326,1743,438,135,3,0.02104954014045114,2026-01-07T04:43:33
938,TRAIN,DEATH,514.9999999999961,2579,372,201,3,0.020965341979889335,2026-01-07T04:43:35
939,TRAIN,DEATH,301.6999999999963,2191,394,179,3,0.020881480611969778,2026-01-07T04:43:37
940,TRAIN,DEATH,-55.800000000003024,1842,430,143,3,0.0207979546895219,2026-01-07T04:43:38
941,TRAIN,DEATH,972.300000000009,3099,350,224,2,0.02071476287076381,2026-01-07T04:43:41
942,TRAIN,DEATH,221.79999999999688,1966,402,171,3,0.020631903819280754,2026-01-07T04:43:42
943,TRAIN,DEATH,744.4000000000078,2927,353,221,2,0.02054937620400363,2026-01-07T04:43:45
944,TRAIN,DEATH,762.2000000000091,3514,354,221,1,0.020467178699187617,2026-01-07T04:43:47
945,TRAIN,DEATH,163.2999999999962,1993,408,165,3,0.020385309984390865,2026-01-07T04:43:49
946,TRAIN,DEATH,358.6999999999996,2215,388,185,3,0.0203037687444533,2026-01-07T04:43:51
947,TRAIN,DEATH,-210.70000000000147,1549,445,128,3,0.020222553669475486,2026-01-07T04:43:52
948,TRAIN,DEATH,208.49999999999557,2139,403,170,3,0.020141663454797586,2026-01-07T04:43:54
949,TRAIN,DEATH,1748.4000000000306,4457,270,304,2,0.020061096800978395,2026-01-07T04:43:57
950,TRAIN,DEATH,1937.3000000000156,3845,277,298,1,0.02,2026-01-07T04:44:01
951,TRAIN,DEATH,940.8000000000166,3437,353,221,2,0.02,2026-01-07T04:44:04
952,TRAIN,DEATH,3.099999999998488,1855,423,150,3,0.02,2026-01-07T04:44:05
953,TRAIN,DEATH,-221.80000000000126,1562,447,126,3,0.02,2026-01-07T04:44:07
954,TRAIN,DEATH,921.9000000000178,2818,374,200,2,0.02,2026-01-07T04:44:09
955,TRAIN,DEATH,-84.30000000000211,1845,433,140,3,0.02,2026-01-07T04:44:11
956,TRAIN,DEATH,-22.60000000000116,1631,427,146,3,0.02,2026-01-07T04:44:12
957,TRAIN,DEATH,495.29999999999507,2749,378,196,2,0.02,2026-01-07T04:44:14
958,TRAIN,DEATH,222.69999999999595,1935,402,171,3,0.02,2026-01-07T04:44:15
959,TRAIN,DEATH,550.5,2473,393,181,2,0.02,2026-01-07T04:44:17
960,TRAIN,DEATH,810.600000000002,2729,387,187,2,0.02,2026-01-07T04:44:19
961,TRAIN,DEATH,852.900000000006,3011,363,212,1,0.02,2026-01-07T04:44:22
962,TRAIN,DEATH,-91.90000000000407,2107,431,142,3,0.02,2026-01-07T04:44:23
963,TRAIN,DEATH,587.4999999999998,2570,388,186,2,0.02,2026-01-07T04:44:25
964,TRAIN,DEATH,839.0999999999992,2590,363,211,2,0.02,2026-01-07T04:44:27
965,TRAIN,DEATH,-610.3000000000009,1174,485,88,3,0.02,2026-01-07T04:44:28
966,TRAIN,DEATH,-505.00000000000114,1231,475,98,3,0.02,2026-01-07T04:44:29
967,TRAIN,DEATH,447.099999999995,2465,378,195,3,0.02,2026-01-07T04:44:31
968,TRAIN,DEATH,788.5000000000127,2961,344,229,3,0.02,2026-01-07T04:44:34
969,TRAIN,DEATH,1169.2000000000141,2998,350,224,2,0.02,2026-01-07T04:44:36
970,TRAIN,DEATH,320.39999999999475,2545,390,183,3,0.02,2026-01-07T04:44:38
971,TRAIN,DEATH,574.7999999999975,2648,365,208,3,0.02,2026-01-07T04:44:40
972,TRAIN,DEATH,304.0999999999967,2138,394,179,3,0.02,2026-01-07T04:44:42
973,TRAIN,DEATH,333.8999999999985,2374,393,181,2,0.02,2026-01-07T04:44:44
974,TRAIN,DEATH,391.9999999999951,2250,385,188,3,0.02,2026-01-07T04:44:45
975,TRAIN,DEATH,231.59999999999718,2062,424,150,2,0.02,2026-01-07T04:44:47
976,TRAIN,DEATH,1665.9000000000287,3612,300,274,2,0.02,2026-01-07T04:44:50
977,TRAIN,DEATH,846.899999999999,2755,362,212,2,0.02,2026-01-07T04:44:52
978,TRAIN,DEATH,1970.9000000000192,4164,294,281,1,0.02,2026-01-07T04:44:55
979,TRAIN,DEATH,369.59999999999525,2409,386,187,3,0.02,2026-01-07T04:44:57
980,TRAIN,DEATH,1250.90000000001,3196,343,231,2,0.02,2026-01-07T04:44:59
981,TRAIN,DEATH,-188.80000000000166,2033,446,128,2,0.02,2026-01-07T04:45:01
982,TRAIN,DEATH,472.49999999999636,2386,376,197,3,0.02,2026-01-07T04:45:03
983,TRAIN,DEATH,209.49999999999648,2112,403,170,3,0.02,2026-01-07T04:45:05
984,TRAIN,DEATH,1028.8000000000043,2781,365,209,2,0.02,2026-01-07T04:45:07
985,TRAIN,DEATH,1204.3000000000156,3019,347,227,2,0.02,2026-01-07T04:45:09
986,TRAIN,DEATH,130.29999999999654,2072,410,163,3,0.02,2026-01-07T04:45:11
987,TRAIN,DEATH,1035.4000000000142,3179,343,231,2,0.02,2026-01-07T04:45:13
988,TRAIN,DEATH,-191.50000000000068,1561,443,130,3,0.02,2026-01-07T04:45:15
989,TRAIN,DEATH,342.6999999999948,2468,389,184,3,0.02,2026-01-07T04:45:17
990,TRAIN,DEATH,931.2000000000089,2621,354,220,2,0.02,2026-01-07T04:45:19
991,TRAIN,DEATH,805.5000000000041,2838,367,207,2,0.02,2026-01-07T04:45:21
992,TRAIN,DEATH,360.2999999999955,2441,388,185,3,0.02,2026-01-07T04:45:23
993,TRAIN,DEATH,159.59999999999798,1887,407,166,3,0.02,2026-01-07T04:45:24
994,TRAIN,DEATH,794.9999999999993,2798,367,207,2,0.02,2026-01-07T04:45:26
995,TRAIN,DEATH,972.5000000000055,2770,350,224,2,0.02,2026-01-07T04:45:29
996,TRAIN,DEATH,234.79999999999632,2048,401,172,3,0.02,2026-01-07T04:45:30
997,TRAIN,DEATH,122.79999999999757,2291,438,137,1,0.02,2026-01-07T04:45:32
998,TRAIN,DEATH,559.999999999997,3166,367,206,3,0.02,2026-01-07T04:45:35
999,TRAIN,DEATH,753.1000000000081,3054,351,223,2,0.02,2026-01-07T04:45:37
1000,TRAIN,DEATH,493.59999999999627,2783,377,197,2,0.02,2026-01-07T04:45:39
1001,TRAIN,DEATH,-233.10000000000292,1686,448,125,3,0.02,2026-01-07T04:45:41
1002,TRAIN,DEATH,184.09999999999525,2464,408,166,2,0.02,2026-01-07T04:45:42
1003,TRAIN,DEATH,-261.0000000000011,1573,451,122,3,0.02,2026-01-07T04:45:44
1004,TRAIN,DEATH,36.899999999997476,2241,425,149,2,0.02,2026-01-07T04:45:46
1005,TRAIN,DEATH,306.2999999999947,2553,397,177,2,0.02,2026-01-07T04:45:47
1006,TRAIN,DEATH,317.1999999999965,2207,392,181,3,0.02,2026-01-07T04:45:49
1007,TRAIN,DEATH,690.2000000000041,2419,398,176,2,0.02,2026-01-07T04:45:51
1008,TRAIN,DEATH,-432.1,1411,468,105,3,0.02,2026-01-07T04:45:52
1009,TRAIN,DEATH,139.49999999999602,2038,414,160,2,0.02,2026-01-07T04:45:54
1010,TRAIN,DEATH,151.99999999999773,2026,409,164,3,0.02,2026-01-07T04:45:56
1011,TRAIN,DEATH,873.8000000000088,3242,334,239,3,0.02,2026-01-07T04:45:58
1012,TRAIN,DEATH,396.70000000000016,2573,406,168,2,0.02,2026-01-07T04:46:00
1013,TRAIN,DEATH,677.2000000000094,2986,355,218,3,0.02,2026-01-07T04:46:03
1014,TRAIN,DEATH,25.999999999997044,1799,421,152,3,0.02,2026-01-07T04:46:04
1015,TRAIN,DEATH,-27.500000000002274,1662,451,123,2,0.02,2026-01-07T04:46:05
1016,TRAIN,DEATH,1231.7000000000119,3673,327,248,1,0.02,2026-01-07T04:46:08
1017,TRAIN,DEATH,520.7000000000005,2533,372,201,3,0.02,2026-01-07T04:46:10
1018,TRAIN,DEATH,-128.10000000000275,1700,437,136,3,0.02,2026-01-07T04:46:12
1019,TRAIN,DEATH,759.5999999999981,2716,347,226,3,0.02,2026-01-07T04:46:14
1020,TRAIN,DEATH,-6.700000000003115,1956,424,149,3,0.02,2026-01-07T04:46:16
1021,TRAIN,DEATH,-122.30000000000257,1926,436,137,3,0.02,2026-01-07T04:46:18
1022,TRAIN,DEATH,293.99999999999534,2104,395,178,3,0.02,2026-01-07T04:46:19
1023,TRAIN,DEATH,339.6999999999947,2367,390,183,3,0.02,2026-01-07T04:46:21
1024,TRAIN,DEATH,644.800000000005,2909,359,214,3,0.02,2026-01-07T04:46:23
1025,TRAIN,DEATH,481.399999999995,2246,396,177,3,0.02,2026-01-07T04:46:25
1026,TRAIN,DEATH,836.2000000000012,3054,339,234,3,0.02,2026-01-07T04:46:28
1027,TRAIN,DEATH,106.79999999999643,2297,414,159,3,0.02,2026-01-07T04:46:30
1028,TRAIN,DEATH,417.00000000000307,2522,407,167,2,0.02,2026-01-07T04:46:31
1029,TRAIN,DEATH,397.59999999999525,2340,383,190,3,0.02,2026-01-07T04:46:34
1030,TRAIN,DEATH,283.19999999999743,2197,399,175,2,0.02,2026-01-07T04:46:35
1031,TRAIN,DEATH,1299.1000000000085,2988,340,235,1,0.02,2026-01-07T04:46:38
1032,TRAIN,DEATH,362.09999999999695,2128,388,185,3,0.02,2026-01-07T04:46:40
1033,TRAIN,DEATH,-216.40000000000202,1623,445,128,3,0.02,2026-01-07T04:46:41
1034,TRAIN,DEATH,893.2000000000155,2903,358,216,2,0.02,2026-01-07T04:46:43
1035,TRAIN,DEATH,-287.70000000000255,1584,453,120,3,0.02,2026-01-07T04:46:45
1036,TRAIN,DEATH,375.4999999999957,2362,389,185,2,0.02,2026-01-07T04:46:47
1037,TRAIN,DEATH,373.2999999999952,2204,386,187,3,0.02,2026-01-07T04:46:49
1038,TRAIN,DEATH,-351.90000000000157,1392,460,113,3,0.02,2026-01-07T04:46:50
1039,TRAIN,DEATH,385.60000000000014,2533,384,189,3,0.02,2026-01-07T04:46:52
1040,TRAIN,DEATH,469.39999999999407,2601,377,196,3,0.02,2026-01-07T04:46:54
1041,TRAIN,DEATH,-70.40000000000191,1776,431,142,3,0.02,2026-01-07T04:46:56
1042,TRAIN,DEATH,686.3000000000009,2795,355,218,3,0.02,2026-01-07T04:46:58
1043,TRAIN,DEATH,60.19999999999595,2095,422,152,2,0.02,2026-01-07T04:47:00
1044,TRAIN,DEATH,204.9999999999959,2130,404,169,3,0.02,2026-01-07T04:47:01
1045,TRAIN,DEATH,-2.5000000000038085,1944,423,150,3,0.02,2026-01-07T04:47:03
1046,TRAIN,DEATH,317.5999999999965,2204,392,181,3,0.02,2026-01-07T04:47:05
1047,TRAIN,DEATH,750.7000000000094,3063,372,202,2,0.02,2026-01-07T04:47:07
1048,TRAIN,DEATH,111.89999999999748,2068,416,158,2,0.02,2026-01-07T04:47:09
1049,TRAIN,DEATH,136.89999999999566,2128,410,163,3,0.02,2026-01-07T04:47:11
1050,TRAIN,DEATH,-395.1000000000014,1243,463,110,3,0.02,2026-01-07T04:47:12
1051,TRAIN,DEATH,-389.7000000000012,1220,464,109,3,0.02,2026-01-07T04:47:13
1052,TRAIN,DEATH,-65.30000000000149,1664,431,142,3,0.02,2026-01-07T04:47:15
1053,TRAIN,DEATH,340.7999999999955,2372,393,181,2,0.02,2026-01-07T04:47:16
1054,TRAIN,DEATH,119.09999999999536,2180,416,158,2,0.02,2026-01-07T04:47:18
1055,TRAIN,DEATH,266.5999999999956,2097,396,177,3,0.02,2026-01-07T04:47:20
1056,TRAIN,DEATH,1199.0000000000116,3249,347,227,2,0.02,2026-01-07T04:47:22
1057,TRAIN,DEATH,1067.7000000000032,3081,341,233,2,0.02,2026-01-07T04:47:25
1058,TRAIN,DEATH,1324.400000000014,3784,314,260,2,0.02,2026-01-07T04:47:28
1059,TRAIN,DEATH,560.8999999999967,2612,372,202,2,0.02,2026-01-07T04:47:30
1060,TRAIN,DEATH,1446.8000000000138,3407,302,272,2,0.02,2026-01-07T04:47:32
1061,TRAIN,DEATH,430.69999999999766,2431,381,192,3,0.02,2026-01-07T04:47:34
1062,TRAIN,DEATH,554.9000000000026,2420,392,182,2,0.02,2026-01-07T04:47:36
1063,TRAIN,DEATH,942.2000000000135,2989,353,221,2,0.02,2026-01-07T04:47:39
1064,TRAIN,DEATH,597.0999999999979,2361,388,186,2,0.02,2026-01-07T04:47:41
1065,TRAIN,DEATH,923.0000000000123,2568,375,199,2,0.02,2026-01-07T04:47:43
1066,TRAIN,DEATH,290.6999999999956,2262,395,178,3,0.02,2026-01-07T04:47:44
1067,TRAIN,DEATH,-54.10000000000224,1675,429,144,3,0.02,2026-01-07T04:47:46
1068,TRAIN,DEATH,245.4999999999966,2338,399,174,3,0.02,2026-01-07T04:47:48
1069,TRAIN,DEATH,459.2999999999935,2804,377,196,3,0.02,2026-01-07T04:47:50
1070,TRAIN,DEATH,1519.7000000000148,3653,298,277,1,0.02,2026-01-07T04:47:53
1071,TRAIN,DEATH,663.1999999999987,2796,360,214,2,0.02,2026-01-07T04:47:55
1072,TRAIN,DEATH,710.9000000000008,3192,356,218,2,0.02,2026-01-07T04:47:58
1073,TRAIN,DEATH,513.3999999999951,2566,377,197,2,0.02,2026-01-07T04:48:00
1074,TRAIN,DEATH,410.4000000000019,2332,408,166,2,0.02,2026-01-07T04:48:02
1075,TRAIN,DEATH,120.09999999999673,2119,411,162,3,0.02,2026-01-07T04:48:04
1076,TRAIN,DEATH,158.3999999999951,2587,411,163,2,0.02,2026-01-07T04:48:06
1077,TRAIN,DEATH,301.49999999999534,2609,394,179,3,0.02,2026-01-07T04:48:08
1078,TRAIN,DEATH,396.0999999999939,2733,381,192,3,0.02,2026-01-07T04:48:10
1079,TRAIN,DEATH,-283.3000000000022,1543,452,121,3,0.02,2026-01-07T04:48:11
1080,TRAIN,DEATH,-13.90000000000407,1883,424,149,3,0.02,2026-01-07T04:48:13
1081,TRAIN,DEATH,43.39999999999702,1841,423,151,2,0.02,2026-01-07T04:48:15
1082,TRAIN,DEATH,9.599999999998147,2137,423,150,3,0.02,2026-01-07T04:48:16
1083,TRAIN,DEATH,1291.400000000012,3447,338,236,2,0.02,2026-01-07T04:48:19
1084,TRAIN,DEATH,553.6999999999957,2523,369,204,3,0.02,2026-01-07T04:48:22
1085,TRAIN,DEATH,704.2000000000064,2663,377,197,2,0.02,2026-01-07T04:48:24
1086,TRAIN,DEATH,343.69999999999504,2289,389,184,3,0.02,2026-01-07T04:48:26
1087,TRAIN,DEATH,759.6999999999989,2642,395,180,1,0.02,2026-01-07T04:48:28
1088,TRAIN,DEATH,271.69999999999516,2208,396,177,3,0.02,2026-01-07T04:48:30
1089,TRAIN,DEATH,654.800000000002,2781,358,215,3,0.02,2026-01-07T04:48:32
1090,TRAIN,DEATH,621.3999999999967,2929,361,212,3,0.02,2026-01-07T04:48:35
1091,TRAIN,DEATH,-606.0000000000005,1134,486,87,3,0.02,2026-01-07T04:48:36
1092,TRAIN,DEATH,406.3999999999992,2286,382,191,3,0.02,2026-01-07T04:48:38
1093,TRAIN,DEATH,561.1999999999971,2332,390,184,2,0.02,2026-01-07T04:48:40
1094,TRAIN,DEATH,-94.70000000000061,1933,434,139,3,0.02,2026-01-07T04:48:42
1095,TRAIN,DEATH,380.19999999999516,2243,385,188,3,0.02,2026-01-07T04:48:44
1096,TRAIN,DEATH,796.0000000000045,3089,344,229,3,0.02,2026-01-07T04:48:46
1097,TRAIN,DEATH,351.7999999999945,2755,392,182,2,0.02,2026-01-07T04:48:48
1098,TRAIN,DEATH,836.9000000000078,2927,363,211,2,0.02,2026-01-07T04:48:50
1099,TRAIN,DEATH,-74.80000000000189,1563,456,118,2,0.02,2026-01-07T04:48:52
1100,TRAIN,DEATH,812.4000000000005,2448,366,208,2,0.02,2026-01-07T04:48:54
1101,TRAIN,DEATH,539.6999999999962,3178,373,201,2,0.02,2026-01-07T04:48:56
1102,TRAIN,DEATH,-102.50000000000415,1933,437,137,2,0.02,2026-01-07T04:48:58
1103,TRAIN,DEATH,346.399999999997,2465,390,183,3,0.02,2026-01-07T04:49:00
1104,TRAIN,DEATH,914.1999999999985,3211,333,240,3,0.02,2026-01-07T04:49:02
1105,TRAIN,DEATH,416.09999999999536,2454,426,148,2,0.02,2026-01-07T04:49:05
1106,TRAIN,DEATH,1239.3000000000013,3044,343,231,2,0.02,2026-01-07T04:49:07
1107,TRAIN,DEATH,780.0000000000091,2340,389,185,2,0.02,2026-01-07T04:49:09
1108,TRAIN,DEATH,340.99999999999636,2221,389,184,3,0.02,2026-01-07T04:49:11
1109,TRAIN,DEATH,862.300000000012,2677,361,213,2,0.02,2026-01-07T04:49:13
1110,TRAIN,DEATH,-62.10000000000184,1710,454,120,2,0.02,2026-01-07T04:49:14
1111,TRAIN,DEATH,-12.700000000003001,1785,424,149,3,0.02,2026-01-07T04:49:16
1112,TRAIN,DEATH,773.1000000000001,2842,350,224,2,0.02,2026-01-07T04:49:18
1113,TRAIN,DEATH,384.1999999999962,2568,410,164,2,0.02,2026-01-07T04:49:20
1114,TRAIN,DEATH,733.9000000000005,2390,394,180,2,0.02,2026-01-07T04:49:22
1115,TRAIN,DEATH,357.29999999999734,2469,410,164,2,0.02,2026-01-07T04:49:25
1116,TRAIN,DEATH,467.2999999999963,2205,377,196,3,0.02,2026-01-07T04:49:26
1117,TRAIN,DEATH,433.8999999999995,2286,381,192,3,0.02,2026-01-07T04:49:28
1118,TRAIN,DEATH,734.6999999999998,2568,374,200,2,0.02,2026-01-07T04:49:31
1119,TRAIN,DEATH,411.89999999999543,2320,381,192,3,0.02,2026-01-07T04:49:33
1120,TRAIN,DEATH,939.800000000015,2735,373,201,2,0.02,2026-01-07T04:49:35
1121,TRAIN,DEATH,361.8999999999961,2280,391,183,2,0.02,2026-01-07T04:49:37
1122,TRAIN,DEATH,404.4999999999959,2254,384,189,3,0.02,2026-01-07T04:49:39
1123,TRAIN,DEATH,839.1999999999994,2617,363,211,2,0.02,2026-01-07T04:49:41
1124,TRAIN,DEATH,631.0000000000098,2266,405,169,2,0.02,2026-01-07T04:49:43
1125,TRAIN,DEATH,1327.900000000005,3517,314,260,2,0.02,2026-01-07T04:49:45
1126,TRAIN,DEATH,-637.8000000000006,954,489,84,3,0.02,2026-01-07T04:49:46
1127,TRAIN,DEATH,519.3000000000035,2069,416,158,2,0.02,2026-01-07T04:49:48
1128,TRAIN,DEATH,658.399999999999,2787,382,192,2,0.02,2026-01-07T04:49:50
1129,TRAIN,DEATH,1183.200000000018,4067,327,247,2,0.02,2026-01-07T04:49:53
1130,TRAIN,DEATH,86.39999999999793,1958,415,158,3,0.02,2026-01-07T04:49:55
1131,TRAIN,DEATH,1323.1000000000251,3790,314,260,2,0.02,2026-01-07T04:49:58
1132,TRAIN,DEATH,220.2999999999978,2241,401,172,3,0.02,2026-01-07T04:50:00
1133,TRAIN,DEATH,658.7999999999975,2794,358,215,3,0.02,2026-01-07T04:50:02
1134,TRAIN,DEATH,1351.4000000000049,2838,337,238,1,0.02,2026-01-07T04:50:05
1135,TRAIN,DEATH,633.8999999999978,2520,360,213,3,0.02,2026-01-07T04:50:07
1136,TRAIN,DEATH,468.4999999999958,2477,380,194,2,0.02,2026-01-07T04:50:09
1137,TRAIN,DEATH,440.29999999999984,2165,402,172,2,0.02,2026-01-07T04:50:11
1138,TRAIN,DEATH,-50.400000000002194,1595,429,144,3,0.02,2026-01-07T04:50:13
1139,TRAIN,DEATH,643.1999999999973,2368,383,191,2,0.02,2026-01-07T04:50:14
1140,TRAIN,DEATH,474.0000000000007,2408,379,195,2,0.02,2026-01-07T04:50:17
1141,TRAIN,DEATH,808.3999999999976,3031,365,209,2,0.02,2026-01-07T04:50:19
1142,TRAIN,DEATH,838.1999999999989,2772,382,192,2,0.02,2026-01-07T04:50:21
1143,TRAIN,DEATH,6.999999999997385,1789,423,150,3,0.02,2026-01-07T04:50:23
1144,TRAIN,DEATH,53.69999999999732,1960,419,154,3,0.02,2026-01-07T04:50:24
1145,TRAIN,DEATH,638.5999999999972,2715,360,213,3,0.02,2026-01-07T04:50:26
1146,TRAIN,DEATH,472.49999999999693,2421,399,175,2,0.02,2026-01-07T04:50:29
1147,TRAIN,DEATH,-184.30000000000103,1575,443,130,3,0.02,2026-01-07T04:50:30
1148,TRAIN,DEATH,362.1000000000007,2183,388,185,3,0.02,2026-01-07T04:50:32
1149,TRAIN,DEATH,627.3000000000038,2293,386,188,2,0.02,2026-01-07T04:50:34
1150,TRAIN,DEATH,617.6000000000006,2379,386,188,2,0.02,2026-01-07T04:50:36
1151,TRAIN,DEATH,670.9999999999991,2288,381,193,2,0.02,2026-01-07T04:50:38
1152,TRAIN,DEATH,910.2000000000166,3065,356,218,2,0.02,2026-01-07T04:50:40
1153,TRAIN,DEATH,24.899999999998613,1790,422,151,3,0.02,2026-01-07T04:50:42
1154,TRAIN,DEATH,453.7999999999988,2522,401,173,2,0.02,2026-01-07T04:50:44
1155,TRAIN,DEATH,610.099999999999,2306,388,186,2,0.02,2026-01-07T04:50:46
1156,TRAIN,DEATH,-108.50000000000125,1752,436,137,3,0.02,2026-01-07T04:50:48
1157,TRAIN,DEATH,691.1999999999996,2816,354,219,3,0.02,2026-01-07T04:50:50
1158,TRAIN,DEATH,898.1000000000136,2887,358,216,2,0.02,2026-01-07T04:50:52
1159,TRAIN,DEATH,139.19999999999777,2082,410,163,3,0.02,2026-01-07T04:50:54
1160,TRAIN,DEATH,931.1000000000104,3097,334,240,2,0.02,2026-01-07T04:50:56
1161,TRAIN,DEATH,1284.6000000000217,3744,318,256,2,0.02,2026-01-07T04:51:00
1162,TRAIN,DEATH,1020.2000000000137,3571,325,249,2,0.02,2026-01-07T04:51:03
1163,TRAIN,DEATH,479.89999999999554,2240,380,194,2,0.02,2026-01-07T04:51:05
1164,TRAIN,DEATH,-458.40000000000043,1256,471,102,3,0.02,2026-01-07T04:51:06
1165,TRAIN,DEATH,867.3999999999996,3343,337,236,3,0.02,2026-01-07T04:51:09
1166,TRAIN,DEATH,1039.1000000000013,2814,368,207,1,0.02,2026-01-07T04:51:11
1167,TRAIN,DEATH,1477.200000000017,4263,278,296,2,0.02,2026-01-07T04:51:14
1168,TRAIN,DEATH,545.8999999999965,2748,369,204,3,0.02,2026-01-07T04:51:16
1169,TRAIN,DEATH,914.5000000000032,2881,356,218,2,0.02,2026-01-07T04:51:19
1170,TRAIN,DEATH,895.5000000000059,2806,357,217,2,0.02,2026-01-07T04:51:21
1171,TRAIN,DEATH,668.9999999999986,2804,356,217,3,0.02,2026-01-07T04:51:24
1172,TRAIN,DEATH,219.89999999999748,1900,426,148,2,0.02,2026-01-07T04:51:25
1173,TRAIN,DEATH,352.0999999999958,2466,392,182,2,0.02,2026-01-07T04:51:27
1174,TRAIN,DEATH,359.79999999999575,2364,388,185,3,0.02,2026-01-07T04:51:29
1175,TRAIN,DEATH,955.3999999999996,3098,351,223,2,0.02,2026-01-07T04:51:31
1176,TRAIN,DEATH,491.099999999998,2308,399,175,2,0.02,2026-01-07T04:51:33
1177,TRAIN,DEATH,661.7000000000044,2138,402,172,2,0.02,2026-01-07T04:51:35
1178,TRAIN,DEATH,847.4000000000046,3190,363,211,2,0.02,2026-01-07T04:51:38
1179,TRAIN,DEATH,5.899999999998272,1822,424,149,3,0.02,2026-01-07T04:51:39
1180,TRAIN,DEATH,739.1000000000054,2527,373,201,2,0.02,2026-01-07T04:51:41
1181,TRAIN,DEATH,974.7000000000126,3381,350,224,2,0.02,2026-01-07T04:51:44
1182,TRAIN,DEATH,707.4000000000069,2825,353,220,3,0.02,2026-01-07T04:51:46
1183,TRAIN,DEATH,984.3000000000184,3565,326,248,2,0.02,2026-01-07T04:51:49
1184,TRAIN,DEATH,-428.2000000000007,1391,468,105,3,0.02,2026-01-07T04:51:50
1185,TRAIN,DEATH,280.6999999999965,2131,419,155,2,0.02,2026-01-07T04:51:52
1186,TRAIN,DEATH,787.0000000000011,3630,347,227,2,0.02,2026-01-07T04:51:55
1187,TRAIN,DEATH,-201.50000000000057,1663,445,128,3,0.02,2026-01-07T04:51:56
1188,TRAIN,DEATH,-234.6000000000007,1936,450,124,2,0.02,2026-01-07T04:51:58
1189,TRAIN,DEATH,530.0000000000027,2895,369,204,3,0.02,2026-01-07T04:52:00
1190,TRAIN,DEATH,607.5000000000018,2763,386,188,2,0.02,2026-01-07T04:52:02
1191,TRAIN,DEATH,-14.300000000003138,1823,426,147,3,0.02,2026-01-07T04:52:04
1192,TRAIN,DEATH,345.7999999999963,2192,394,180,2,0.02,2026-01-07T04:52:05
1193,TRAIN,DEATH,579.8999999999992,2701,365,208,3,0.02,2026-01-07T04:52:08
1194,TRAIN,DEATH,-189.40000000000066,1480,443,130,3,0.02,2026-01-07T04:52:09
1195,TRAIN,DEATH,463.59999999999604,2274,401,173,2,0.02,2026-01-07T04:52:11
1196,TRAIN,DEATH,550.4999999999991,2648,373,201,2,0.02,2026-01-07T04:52:13
1197,TRAIN,DEATH,1164.8000000000175,2845,350,224,2,0.02,2026-01-07T04:52:15
1198,TRAIN,DEATH,1140.500000000017,3503,333,241,2,0.02,2026-01-07T04:52:17
1199,TRAIN,DEATH,-429.400000000001,1311,468,105,3,0.02,2026-01-07T04:52:18
1200,TRAIN,DEATH,716.4000000000053,2331,397,177,2,0.02,2026-01-07T04:52:20
1201,TRAIN,DEATH,430.89999999999463,2520,381,192,3,0.02,2026-01-07T04:52:22
1202,TRAIN,DEATH,1178.6000000000172,3180,332,243,1,0.02,2026-01-07T04:52:25
1203,TRAIN,DEATH,-115.10000000000218,2138,433,140,3,0.02,2026-01-07T04:52:27
1204,TRAIN,DEATH,-231.40000000000157,1562,448,125,3,0.02,2026-01-07T04:52:28
1205,TRAIN,DEATH,-833.1000000000008,906,508,65,3,0.02,2026-01-07T04:52:28
1206,TRAIN,DEATH,543.5999999999945,2700,369,204,3,0.02,2026-01-07T04:52:31
1207,TRAIN,DEATH,1060.2000000000091,2738,362,212,2,0.02,2026-01-07T04:52:33
1208,TRAIN,DEATH,247.29999999999836,2238,421,153,2,0.02,2026-01-07T04:52:34
1209,TRAIN,DEATH,769.1000000000038,2600,371,203,2,0.02,2026-01-07T04:52:37
1210,TRAIN,DEATH,176.3999999999961,2285,405,168,3,0.02,2026-01-07T04:52:38
1211,TRAIN,DEATH,519.999999999996,2671,372,201,3,0.02,2026-01-07T04:52:40
1212,TRAIN,DEATH,568.7000000000028,2682,390,184,2,0.02,2026-01-07T04:52:43
1213,TRAIN,DEATH,294.19999999999857,2424,397,177,2,0.02,2026-01-07T04:52:45
1214,TRAIN,DEATH,-7.700000000004366,1989,424,149,3,0.02,2026-01-07T04:52:46
1215,TRAIN,DEATH,865.3000000000166,2997,336,237,3,0.02,2026-01-07T04:52:49
1216,TRAIN,DEATH,-617.8000000000004,1033,487,86,3,0.02,2026-01-07T04:52:50
1217,TRAIN,DEATH,764.5,3071,347,226,3,0.02,2026-01-07T04:52:53
1218,TRAIN,DEATH,517.7999999999987,1984,415,159,2,0.02,2026-01-07T04:52:54
1219,TRAIN,DEATH,1191.1000000000176,4137,303,270,3,0.02,2026-01-07T04:52:57
1220,TRAIN,DEATH,1700.6000000000272,4228,277,297,2,0.02,2026-01-07T04:53:01
1221,TRAIN,DEATH,1658.7000000000166,4411,261,313,2,0.02,2026-01-07T04:53:04
1222,TRAIN,DEATH,1210.300000000017,3656,325,249,2,0.02,2026-01-07T04:53:07
1223,TRAIN,DEATH,196.89999999999588,2254,407,167,2,0.02,2026-01-07T04:53:09
1224,TRAIN,DEATH,431.4999999999951,2633,385,189,2,0.02,2026-01-07T04:53:11
1225,TRAIN,DEATH,581.8000000000043,2505,365,208,3,0.02,2026-01-07T04:53:13
1226,TRAIN,DEATH,-84.90000000000214,1593,433,140,3,0.02,2026-01-07T04:53:15
1227,TRAIN,DEATH,588.9999999999991,2762,365,208,3,0.02,2026-01-07T04:53:17
1228,TRAIN,DEATH,744.0999999999981,2636,373,201,2,0.02,2026-01-07T04:53:19
1229,TRAIN,DEATH,295.79999999999563,2238,394,179,3,0.02,2026-01-07T04:53:21
1230,TRAIN,DEATH,4.399999999995316,2220,423,150,3,0.02,2026-01-07T04:53:23
1231,TRAIN,DEATH,1329.2000000000191,4091,310,264,2,0.02,2026-01-07T04:53:26
1232,TRAIN,DEATH,1903.1000000000263,4257,279,296,1,0.02,2026-01-07T04:53:30
1233,TRAIN,DEATH,840.900000000004,3279,365,210,1,0.02,2026-01-07T04:53:32
1234,TRAIN,DEATH,162.5999999999989,2151,432,142,2,0.02,2026-01-07T04:53:34
1235,TRAIN,DEATH,915.900000000006,3448,331,242,3,0.02,2026-01-07T04:53:37
1236,TRAIN,DEATH,96.89999999999816,1900,415,158,3,0.02,2026-01-07T04:53:38
1237,TRAIN,DEATH,528.8999999999965,2466,394,180,2,0.02,2026-01-07T04:53:40
1238,TRAIN,DEATH,394.8999999999942,2544,384,189,3,0.02,2026-01-07T04:53:43
1239,TRAIN,DEATH,172.6999999999956,2103,407,166,3,0.02,2026-01-07T04:53:44
1240,TRAIN,DEATH,234.29999999999688,2087,429,146,1,0.02,2026-01-07T04:53:46
1241,TRAIN,DEATH,84.59999999999707,2059,416,157,3,0.02,2026-01-07T04:53:48
1242,TRAIN,DEATH,-159.100000000002,1762,440,133,3,0.02,2026-01-07T04:53:49
1243,TRAIN,DEATH,544.8999999999967,3200,373,201,2,0.02,2026-01-07T04:53:52
1244,TRAIN,DEATH,555.6999999999953,2633,367,206,3,0.02,2026-01-07T04:53:54
1245,TRAIN,DEATH,746.0000000000059,2305,373,201,2,0.02,2026-01-07T04:53:56
1246,TRAIN,DEATH,735.5000000000027,2502,375,199,2,0.02,2026-01-07T04:53:58
1247,TRAIN,DEATH,467.3999999999952,2508,377,196,3,0.02,2026-01-07T04:54:01
1248,TRAIN,DEATH,768.8999999999987,3035,346,227,3,0.02,2026-01-07T04:54:03
1249,TRAIN,DEATH,719.5999999999981,2669,375,199,2,0.02,2026-01-07T04:54:05
1250,TRAIN,DEATH,269.99999999999625,2249,397,176,3,0.02,2026-01-07T04:54:07
1251,TRAIN,DEATH,512.999999999995,2553,373,200,3,0.02,2026-01-07T04:54:09
1252,TRAIN,DEATH,-5.400000000001626,1856,425,148,3,0.02,2026-01-07T04:54:11
1253,TRAIN,DEATH,295.79999999999575,2092,393,180,3,0.02,2026-01-07T04:54:13
1254,TRAIN,DEATH,-24.400000000002024,2137,426,147,3,0.02,2026-01-07T04:54:14
1255,TRAIN,DEATH,542.9999999999995,3068,369,204,3,0.02,2026-01-07T04:54:17
1256,TRAIN,DEATH,85.39999999999873,1756,416,157,3,0.02,2026-01-07T04:54:18
1257,TRAIN,DEATH,154.09999999999775,1892,409,164,3,0.02,2026-01-07T04:54:20
1258,TRAIN,DEATH,545.2999999999979,2294,394,180,2,0.02,2026-01-07T04:54:22
1259,TRAIN,DEATH,305.3999999999967,2184,418,156,2,0.02,2026-01-07T04:54:23
1260,TRAIN,DEATH,1078.000000000008,3320,343,232,1,0.02,2026-01-07T04:54:26
1261,TRAIN,DEATH,-713.800000000001,909,496,77,3,0.02,2026-01-07T04:54:26
1262,TRAIN,DEATH,623.9999999999957,3010,365,209,2,0.02,2026-01-07T04:54:29
1263,TRAIN,DEATH,300.8999999999962,2122,392,181,3,0.02,2026-01-07T04:54:31
1264,TRAIN,DEATH,520.9999999999945,2591,372,201,3,0.02,2026-01-07T04:54:33
1265,TRAIN,DEATH,1833.400000000027,3996,284,290,2,0.02,2026-01-07T04:54:36
1266,TRAIN,DEATH,351.399999999996,2160,389,184,3,0.02,2026-01-07T04:54:38
1267,TRAIN,DEATH,-6.600000000002069,1836,425,148,3,0.02,2026-01-07T04:54:39
1268,TRAIN,DEATH,556.2999999999952,2488,368,205,3,0.02,2026-01-07T04:54:41
1269,TRAIN,DEATH,-67.80000000000331,1945,434,140,2,0.02,2026-01-07T04:54:43
1270,TRAIN,DEATH,290.60000000000196,2205,399,175,2,0.02,2026-01-07T04:54:44
1271,TRAIN,DEATH,17.299999999998136,1697,423,150,3,0.02,2026-01-07T04:54:46
1272,TRAIN,DEATH,362.0999999999975,2286,388,185,3,0.02,2026-01-07T04:54:47
1273,TRAIN,DEATH,787.5000000000016,2916,368,206,2,0.02,2026-01-07T04:54:50
1274,TRAIN,DEATH,945.600000000007,3324,353,221,2,0.02,2026-01-07T04:54:53
1275,TRAIN,DEATH,326.0999999999956,2163,392,181,3,0.02,2026-01-07T04:54:55
1276,TRAIN,DEATH,521.3999999999966,2601,376,198,2,0.02,2026-01-07T04:54:57
1277,TRAIN,DEATH,899.4000000000142,2765,357,217,2,0.02,2026-01-07T04:54:59
1278,TRAIN,DEATH,557.4000000000055,2382,391,183,2,0.02,2026-01-07T04:55:02
1279,TRAIN,DEATH,743.8000000000125,2738,397,178,1,0.02,2026-01-07T04:55:04
1280,TRAIN,DEATH,151.7999999999953,2274,408,165,3,0.02,2026-01-07T04:55:06
1281,TRAIN,DEATH,204.60000000000036,2074,403,170,3,0.02,2026-01-07T04:55:07
1282,TRAIN,DEATH,527.7000000000003,2364,395,179,2,0.02,2026-01-07T04:55:09
1283,TRAIN,DEATH,1140.200000000013,3324,333,241,2,0.02,2026-01-07T04:55:12
1284,TRAIN,DEATH,315.7999999999985,2266,414,160,2,0.02,2026-01-07T04:55:13
1285,TRAIN,DEATH,169.6999999999956,2139,407,166,3,0.02,2026-01-07T04:55:16
1286,TRAIN,DEATH,414.19999999999425,2589,386,188,2,0.02,2026-01-07T04:55:18
1287,TRAIN,DEATH,579.4999999999975,2659,366,207,3,0.02,2026-01-07T04:55:20
1288,TRAIN,DEATH,90.6999999999955,2071,414,159,3,0.02,2026-01-07T04:55:22
1289,TRAIN,DEATH,355.0999999999948,2441,388,185,3,0.02,2026-01-07T04:55:24
1290,TRAIN,DEATH,1455.3999999999996,2990,346,229,1,0.02,2026-01-07T04:55:26
1291,TRAIN,DEATH,1120.50000000001,2924,358,217,1,0.02,2026-01-07T04:55:28
1292,TRAIN,DEATH,198.29999999999563,2063,404,169,3,0.02,2026-01-07T04:55:30
1293,TRAIN,DEATH,403.9999999999957,2605,383,190,3,0.02,2026-01-07T04:55:32
1294,TRAIN,DEATH,-170.90000000000077,1524,442,131,3,0.02,2026-01-07T04:55:34
1295,TRAIN,DEATH,469.3999999999985,2365,381,193,2,0.02,2026-01-07T04:55:35
1296,TRAIN,DEATH,306.399999999997,2288,393,180,3,0.02,2026-01-07T04:55:38
1297,TRAIN,DEATH,1000.6000000000047,3213,347,227,2,0.02,2026-01-07T04:55:41
1298,TRAIN,DEATH,583.0999999999999,2179,414,161,1,0.02,2026-01-07T04:55:42
1299,TRAIN,DEATH,844.9000000000037,3270,347,228,1,0.02,2026-01-07T04:55:45
1300,TRAIN,DEATH,151.1999999999956,2104,409,164,3,0.02,2026-01-07T04:55:46
1301,TRAIN,DEATH,426.8000000000094,2528,405,169,2,0.02,2026-01-07T04:55:48
1302,TRAIN,DEATH,1397.6000000000067,3469,326,248,2,0.02,2026-01-07T04:55:51
1303,TRAIN,DEATH,-13.800000000002456,1596,449,125,2,0.02,2026-01-07T04:55:52
1304,TRAIN,DEATH,128.8999999999969,2183,412,161,3,0.02,2026-01-07T04:55:54
1305,TRAIN,DEATH,-183.30000000000234,1541,443,130,3,0.02,2026-01-07T04:55:55
1306,TRAIN,DEATH,195.1999999999972,2060,405,168,3,0.02,2026-01-07T04:55:57
1307,TRAIN,DEATH,315.799999999997,2028,392,181,3,0.02,2026-01-07T04:55:58
1308,TRAIN,DEATH,-524.1000000000008,1392,477,96,3,0.02,2026-01-07T04:56:00
1309,TRAIN,DEATH,559.599999999997,2693,368,205,3,0.02,2026-01-07T04:56:02
1310,TRAIN,DEATH,792.6000000000049,3097,344,229,3,0.02,2026-01-07T04:56:05
1311,TRAIN,DEATH,229.0999999999965,2039,401,172,3,0.02,2026-01-07T04:56:06
1312,TRAIN,DEATH,845.4999999999998,3022,363,211,2,0.02,2026-01-07T04:56:08
1313,TRAIN,DEATH,588.3999999999965,2771,364,209,3,0.02,2026-01-07T04:56:11
1314,TRAIN,DEATH,994.900000000008,3541,324,249,3,0.02,2026-01-07T04:56:14
1315,TRAIN,DEATH,146.59999999999593,1963,413,161,2,0.02,2026-01-07T04:56:15
1316,TRAIN,DEATH,770.100000000006,2936,370,204,2,0.02,2026-01-07T04:56:17
1317,TRAIN,DEATH,593.6999999999962,2570,362,211,3,0.02,2026-01-07T04:56:19
1318,TRAIN,DEATH,924.3000000000106,3157,358,217,1,0.02,2026-01-07T04:56:22
1319,TRAIN,DEATH,419.29999999999916,2310,406,168,2,0.02,2026-01-07T04:56:23
1320,TRAIN,DEATH,458.899999999996,2443,378,195,3,0.02,2026-01-07T04:56:26
1321,TRAIN,DEATH,668.2000000000091,3235,360,214,2,0.02,2026-01-07T04:56:29
1322,TRAIN,DEATH,423.4999999999933,2984,385,189,2,0.02,2026-01-07T04:56:31
1323,TRAIN,DEATH,830.7000000000012,3289,340,233,3,0.02,2026-01-07T04:56:34
1324,TRAIN,DEATH,517.4999999999984,2961,374,200,2,0.02,2026-01-07T04:56:36
1325,TRAIN,DEATH,1226.500000000024,4080,300,273,3,0.02,2026-01-07T04:56:39
1326,TRAIN,DEATH,1387.0000000000207,4050,308,266,2,0.02,2026-01-07T04:56:42
1327,TRAIN,DEATH,1199.6000000000222,3236,367,207,2,0.02,2026-01-07T04:56:45
1328,TRAIN,DEATH,1463.9000000000292,4356,275,298,3,0.02,2026-01-07T04:56:49
1329,TRAIN,DEATH,140.89999999999714,1988,410,163,3,0.02,2026-01-07T04:56:51
1330,TRAIN,DEATH,904.7000000000119,2937,377,197,2,0.02,2026-01-07T04:56:53
1331,TRAIN,DEATH,1439.7000000000276,3971,322,252,2,0.02,2026-01-07T04:56:56
1332,TRAIN,DEATH,916.9000000000117,3546,332,242,2,0.02,2026-01-07T04:56:59
1333,TRAIN,DEATH,-161.90000000000146,1513,441,132,3,0.02,2026-01-07T04:57:00
1334,TRAIN,DEATH,550.1000000000006,2645,369,204,3,0.02,2026-01-07T04:57:02
1335,TRAIN,DEATH,596.3000000000056,2856,387,187,2,0.02,2026-01-07T04:57:04
1336,TRAIN,DEATH,-441.5000000000016,1370,469,104,3,0.02,2026-01-07T04:57:05
1337,TRAIN,DEATH,-438.10000000000076,1429,468,105,3,0.02,2026-01-07T04:57:06
1338,TRAIN,DEATH,433.8999999999951,2328,380,193,3,0.02,2026-01-07T04:57:08
1339,TRAIN,DEATH,1303.2000000000046,3576,317,257,2,0.02,2026-01-07T04:57:11
1340,TRAIN,DEATH,615.5999999999963,2492,386,188,2,0.02,2026-01-07T04:57:13
1341,TRAIN,DEATH,328.69999999999527,2161,391,182,3,0.02,2026-01-07T04:57:14
1342,TRAIN,DEATH,681.6999999999982,2749,356,217,3,0.02,2026-01-07T04:57:17
1343,TRAIN,DEATH,353.89999999999554,2272,392,182,2,0.02,2026-01-07T04:57:18
1344,TRAIN,DEATH,367.49999999999454,2491,386,187,3,0.02,2026-01-07T04:57:21
1345,TRAIN,DEATH,617.7999999999993,2880,362,211,3,0.02,2026-01-07T04:57:23
1346,TRAIN,DEATH,-69.80000000000263,1822,430,143,3,0.02,2026-01-07T04:57:25
1347,TRAIN,DEATH,1245.5000000000182,3332,343,231,2,0.02,2026-01-07T04:57:28
1348,TRAIN,DEATH,843.2000000000007,3204,339,234,3,0.02,2026-01-07T04:57:31
1349,TRAIN,DEATH,1306.60000000001,3313,317,257,2,0.02,2026-01-07T04:57:33
1350,TRAIN,DEATH,1128.0000000000252,3582,338,237,1,0.02,2026-01-07T04:57:36
1351,TRAIN,DEATH,637.1000000000067,2941,360,213,3,0.02,2026-01-07T04:57:39
1352,TRAIN,DEATH,430.3999999999995,2350,380,193,3,0.02,2026-01-07T04:57:41
1353,TRAIN,DEATH,809.900000000003,2601,343,230,3,0.02,2026-01-07T04:57:43
1354,TRAIN,DEATH,666.4999999999977,2761,357,216,3,0.02,2026-01-07T04:57:45
1355,TRAIN,DEATH,317.8999999999986,2594,391,182,3,0.02,2026-01-07T04:57:47
1356,TRAIN,DEATH,357.49999999999534,2546,392,182,2,0.02,2026-01-07T04:57:49
1357,TRAIN,DEATH,-179.7000000000021,1530,441,132,3,0.02,2026-01-07T04:57:50
1358,TRAIN,DEATH,940.0000000000086,2703,374,200,2,0.02,2026-01-07T04:57:53
1359,TRAIN,DEATH,862.5000000000141,2565,381,193,2,0.02,2026-01-07T04:57:54
1360,TRAIN,DEATH,675.5000000000057,2613,380,194,2,0.02,2026-01-07T04:57:56
1361,TRAIN,DEATH,1197.9000000000094,3517,307,267,2,0.02,2026-01-07T04:57:59
1362,TRAIN,DEATH,1053.5000000000125,3230,322,252,2,0.02,2026-01-07T04:58:02
1363,TRAIN,DEATH,1355.8000000000043,3146,330,244,2,0.02,2026-01-07T04:58:04
1364,TRAIN,DEATH,583.1999999999975,2498,389,185,2,0.02,2026-01-07T04:58:06
1365,TRAIN,DEATH,168.2999999999962,2056,407,166,3,0.02,2026-01-07T04:58:08
1366,TRAIN,DEATH,1031.9000000000115,3064,320,253,3,0.02,2026-01-07T04:58:10
1367,TRAIN,DEATH,260.89999999999543,2183,397,176,3,0.02,2026-01-07T04:58:12
1368,TRAIN,DEATH,67.79999999999711,1831,417,156,3,0.02,2026-01-07T04:58:14
1369,TRAIN,DEATH,399.499999999995,2308,384,189,3,0.02,2026-01-07T04:58:15
1370,TRAIN,DEATH,-475.8000000000013,1131,472,101,3,0.02,2026-01-07T04:58:16
1371,TRAIN,DEATH,351.7999999999987,2636,388,185,3,0.02,2026-01-07T04:58:19
1372,TRAIN,DEATH,1433.9000000000237,3848,303,271,2,0.02,2026-01-07T04:58:22
1373,TRAIN,DEATH,674.7000000000057,2682,379,195,2,0.02,2026-01-07T04:58:24
1374,TRAIN,DEATH,-161.80000000000297,1707,441,132,3,0.02,2026-01-07T04:58:25
1375,TRAIN,DEATH,304.69999999999527,2179,393,180,3,0.02,2026-01-07T04:58:27
1376,TRAIN,DEATH,990.900000000011,3258,329,245,2,0.02,2026-01-07T04:58:29
1377,TRAIN,DEATH,781.099999999999,2635,369,205,2,0.02,2026-01-07T04:58:32
1378,TRAIN,DEATH,933.1000000000035,3471,329,244,3,0.02,2026-01-07T04:58:35
1379,TRAIN,DEATH,1171.500000000009,3473,306,267,3,0.02,2026-01-07T04:58:37
1380,TRAIN,DEATH,413.3999999999951,2279,382,191,3,0.02,2026-01-07T04:58:39
1381,TRAIN,DEATH,701.50000000001,2323,397,177,2,0.02,2026-01-07T04:58:41
1382,TRAIN,DEATH,-44.00000000000375,1901,429,144,3,0.02,2026-01-07T04:58:43
1383,TRAIN,DEATH,619.6999999999957,2802,362,211,3,0.02,2026-01-07T04:58:45
1384,TRAIN,DEATH,717.300000000002,2894,376,198,2,0.02,2026-01-07T04:58:47
1385,TRAIN,DEATH,1098.0000000000257,3805,357,217,2,0.02,2026-01-07T04:58:50
1386,TRAIN,DEATH,838.3000000000113,3822,338,235,3,0.02,2026-01-07T04:58:53
1387,TRAIN,DEATH,1988.0000000000323,4952,250,325,1,0.02,2026-01-07T04:58:57
1388,TRAIN,DEATH,899.7000000000057,2660,378,196,2,0.02,2026-01-07T04:59:00
1389,TRAIN,DEATH,628.999999999998,3129,364,210,2,0.02,2026-01-07T04:59:02
1390,TRAIN,DEATH,528.299999999999,2729,371,202,3,0.02,2026-01-07T04:59:05
1391,TRAIN,DEATH,915.7000000000062,2882,356,218,2,0.02,2026-01-07T04:59:07
1392,TRAIN,DEATH,959.0000000000073,3313,330,244,2,0.02,2026-01-07T04:59:09
1393,TRAIN,DEATH,450.3000000000043,2387,403,171,2,0.02,2026-01-07T04:59:11
1394,TRAIN,DEATH,426.4999999999949,2440,381,192,3,0.02,2026-01-07T04:59:14
1395,TRAIN,DEATH,554.1999999999985,2870,372,202,2,0.02,2026-01-07T04:59:16
1396,TRAIN,DEATH,521.999999999995,2889,375,199,2,0.02,2026-01-07T04:59:18
1397,TRAIN,DEATH,1213.6000000000138,3074,370,205,1,0.02,2026-01-07T04:59:21
1398,TRAIN,DEATH,583.8999999999976,2714,365,208,3,0.02,2026-01-07T04:59:23
1399,TRAIN,DEATH,492.3000000000005,2509,399,175,2,0.02,2026-01-07T04:59:25
1400,TRAIN,DEATH,1106.5000000000098,3082,360,215,1,0.02,2026-01-07T04:59:28
1401,TRAIN,DEATH,524.4000000000005,2872,376,198,2,0.02,2026-01-07T04:59:30
1402,TRAIN,DEATH,1448.900000000017,4046,281,293,2,0.02,2026-01-07T04:59:33
1403,TRAIN,DEATH,980.7,3201,325,248,3,0.02,2026-01-07T04:59:36
1404,TRAIN,DEATH,877.2000000000135,3292,335,238,3,0.02,2026-01-07T04:59:39
1405,TRAIN,DEATH,612.0000000000057,2852,385,189,2,0.02,2026-01-07T04:59:41
1406,TRAIN,DEATH,705.5,2943,352,221,3,0.02,2026-01-07T04:59:44
1407,TRAIN,DEATH,964.4000000000167,3276,351,223,2,0.02,2026-01-07T04:59:46
1408,TRAIN,DEATH,1603.3000000000293,4341,288,287,1,0.02,2026-01-07T04:59:50
1409,TRAIN,DEATH,1322.4000000000215,3829,314,260,2,0.02,2026-01-07T04:59:52
1410,TRAIN,DEATH,661.3999999999994,2894,381,193,2,0.02,2026-01-07T04:59:55
1411,TRAIN,DEATH,-96.70000000000323,1773,434,139,3,0.02,2026-01-07T04:59:56
1412,TRAIN,DEATH,544.6000000000022,2588,369,204,3,0.02,2026-01-07T04:59:59
1413,TRAIN,DEATH,1663.4000000000096,3904,303,272,1,0.02,2026-01-07T05:00:02
1414,TRAIN,DEATH,487.1999999999955,2444,376,197,3,0.02,2026-01-07T05:00:04
1415,TRAIN,DEATH,-31.300000000003024,1797,426,147,3,0.02,2026-01-07T05:00:06
1416,TRAIN,DEATH,613.5,2567,360,213,3,0.02,2026-01-07T05:00:08
1417,TRAIN,DEATH,0.9999999999986358,1925,424,149,3,0.02,2026-01-07T05:00:09
1418,TRAIN,DEATH,777.3999999999994,2939,345,228,3,0.02,2026-01-07T05:00:12
1419,TRAIN,DEATH,1160.8000000000084,2809,352,222,2,0.02,2026-01-07T05:00:14
1420,TRAIN,DEATH,271.79999999999575,2014,396,177,3,0.02,2026-01-07T05:00:16
1421,TRAIN,DEATH,-32.40000000000356,1717,428,145,3,0.02,2026-01-07T05:00:18
1422,TRAIN,DEATH,19.49999999999693,1942,422,151,3,0.02,2026-01-07T05:00:19
1423,TRAIN,DEATH,406.2999999999945,2431,383,190,3,0.02,2026-01-07T05:00:21
1424,TRAIN,DEATH,355.59999999999536,2501,388,185,3,0.02,2026-01-07T05:00:23
1425,TRAIN,DEATH,354.2999999999962,2318,393,181,2,0.02,2026-01-07T05:00:25
1426,TRAIN,DEATH,5.199999999997999,1909,424,149,3,0.02,2026-01-07T05:00:27
1427,TRAIN,DEATH,114.8999999999968,1874,413,160,3,0.02,2026-01-07T05:00:28
1428,TRAIN,DEATH,677.2000000000085,2977,355,218,3,0.02,2026-01-07T05:00:31
1429,TRAIN,DEATH,30.29999999999609,1793,445,129,2,0.02,2026-01-07T05:00:32
1430,TRAIN,DEATH,921.9999999999995,2904,354,220,2,0.02,2026-01-07T05:00:35
1431,TRAIN,DEATH,-297.70000000000084,1379,453,120,3,0.02,2026-01-07T05:00:36
1432,TRAIN,DEATH,429.2999999999945,2535,381,192,3,0.02,2026-01-07T05:00:38
1433,TRAIN,DEATH,749.9999999999975,2838,373,201,2,0.02,2026-01-07T05:00:40
1434,TRAIN,DEATH,905.3,2563,376,198,2,0.02,2026-01-07T05:00:42
1435,TRAIN,DEATH,402.4999999999958,2435,382,191,3,0.02,2026-01-07T05:00:44
1436,TRAIN,DEATH,495.0999999999974,2217,418,156,2,0.02,2026-01-07T05:00:46
1437,TRAIN,DEATH,-54.60000000000366,1935,430,143,3,0.02,2026-01-07T05:00:48
1438,TRAIN,DEATH,1207.9000000000026,3333,326,248,2,0.02,2026-01-07T05:00:51
1439,TRAIN,DEATH,690.8000000000034,2988,354,219,3,0.02,2026-01-07T05:00:53
1440,TRAIN,DEATH,306.6999999999973,2229,393,180,3,0.02,2026-01-07T05:00:55
1441,TRAIN,DEATH,610.5000000000016,2299,385,189,2,0.02,2026-01-07T05:00:57
1442,TRAIN,DEATH,845.4000000000028,2652,386,189,1,0.02,2026-01-07T05:00:59
1443,TRAIN,DEATH,140.2999999999971,2055,415,159,2,0.02,2026-01-07T05:01:00
1444,TRAIN,DEATH,-118.60000000000196,1562,437,136,3,0.02,2026-01-07T05:01:02
1445,TRAIN,DEATH,609.9999999999964,2939,362,211,3,0.02,2026-01-07T05:01:04
1446,TRAIN,DEATH,71.19999999999652,1978,417,156,3,0.02,2026-01-07T05:01:05
1447,TRAIN,DEATH,-60.20000000000374,2000,432,142,2,0.02,2026-01-07T05:01:07
1448,TRAIN,DEATH,1014.0000000000025,3175,369,206,1,0.02,2026-01-07T05:01:09
1449,TRAIN,DEATH,-669.2000000000014,1188,491,82,3,0.02,2026-01-07T05:01:10
1450,TRAIN,DEATH,553.2999999999984,2839,367,206,3,0.02,2026-01-07T05:01:12
1451,TRAIN,DEATH,1225.4000000000199,3503,327,248,1,0.02,2026-01-07T05:01:15
1452,TRAIN,DEATH,604.3999999999987,2962,367,207,2,0.02,2026-01-07T05:01:18
1453,TRAIN,DEATH,646.2000000000007,2916,358,215,3,0.02,2026-01-07T05:01:20
1454,TRAIN,DEATH,364.29999999999814,2376,387,186,3,0.02,2026-01-07T05:01:22
1455,TRAIN,DEATH,881.300000000002,3471,335,238,3,0.02,2026-01-07T05:01:25
1456,TRAIN,DEATH,174.3999999999968,2027,406,167,3,0.02,2026-01-07T05:01:27
1457,TRAIN,DEATH,1126.6000000000108,2510,375,199,2,0.02,2026-01-07T05:01:29
1458,TRAIN,DEATH,1282.3000000000038,2847,363,212,1,0.02,2026-01-07T05:01:31
1459,TRAIN,DEATH,1163.7000000000041,3114,354,221,1,0.02,2026-01-07T05:01:33
1460,TRAIN,DEATH,858.9000000000074,3141,340,234,2,0.02,2026-01-07T05:01:36
1461,TRAIN,DEATH,-3.6000000000015575,1778,429,145,2,0.02,2026-01-07T05:01:37
1462,TRAIN,DEATH,538.100000000004,2684,391,183,2,0.02,2026-01-07T05:01:39
1463,TRAIN,DEATH,47.09999999999707,1869,422,152,2,0.02,2026-01-07T05:01:41
1464,TRAIN,DEATH,1016.6000000000101,3110,322,251,3,0.02,2026-01-07T05:01:43
1465,TRAIN,DEATH,433.200000000002,2363,380,193,3,0.02,2026-01-07T05:01:45
1466,TRAIN,DEATH,989.9000000000033,2753,369,205,2,0.02,2026-01-07T05:01:47
1467,TRAIN,DEATH,520.5999999999968,2505,370,203,3,0.02,2026-01-07T05:01:50
1468,TRAIN,DEATH,-110.20000000000255,1901,435,138,3,0.02,2026-01-07T05:01:51
1469,TRAIN,DEATH,2.3999999999969077,1868,424,149,3,0.02,2026-01-07T05:01:53
1470,TRAIN,DEATH,1059.5000000000196,3641,317,256,3,0.02,2026-01-07T05:01:56
1471,TRAIN,DEATH,106.99999999999682,2019,413,160,3,0.02,2026-01-07T05:01:58
1472,TRAIN,DEATH,-389.10000000000036,1401,464,109,3,0.02,2026-01-07T05:01:59
1473,TRAIN,DEATH,692.8000000000152,2627,399,175,2,0.02,2026-01-07T05:02:01
1474,TRAIN,DEATH,-83.80000000000325,1865,432,141,3,0.02,2026-01-07T05:02:03
1475,TRAIN,DEATH,755.6000000000081,2855,370,204,2,0.02,2026-01-07T05:02:05
1476,TRAIN,DEATH,372.3999999999967,2125,411,163,2,0.02,2026-01-07T05:02:06
1477,TRAIN,DEATH,346.2999999999978,2327,389,184,3,0.02,2026-01-07T05:02:08
1478,TRAIN,DEATH,406.89999999999577,2480,405,169,2,0.02,2026-01-07T05:02:11
1479,TRAIN,DEATH,-373.5000000000009,1629,462,111,3,0.02,2026-01-07T05:02:12
1480,TRAIN,DEATH,1170.2000000000055,3666,330,244,2,0.02,2026-01-07T05:02:15
1481,TRAIN,DEATH,501.49999999999875,2701,376,198,2,0.02,2026-01-07T05:02:17
1482,TRAIN,DEATH,1041.0000000000146,3097,343,231,2,0.02,2026-01-07T05:02:19
1483,TRAIN,DEATH,-602.8000000000008,1215,484,89,3,0.02,2026-01-07T05:02:20
1484,TRAIN,DEATH,456.10000000000093,2043,422,152,2,0.02,2026-01-07T05:02:22
1485,TRAIN,DEATH,-260.40000000000106,1486,450,123,3,0.02,2026-01-07T05:02:23
1486,TRAIN,DEATH,243.09999999999502,2352,400,173,3,0.02,2026-01-07T05:02:25
1487,TRAIN,DEATH,1265.900000000022,3316,341,233,2,0.02,2026-01-07T05:02:27
1488,TRAIN,DEATH,770.4000000000042,2759,371,203,2,0.02,2026-01-07T05:02:30
1489,TRAIN,DEATH,527.0999999999963,2444,371,202,3,0.02,2026-01-07T05:02:31
1490,TRAIN,DEATH,1022.6000000000085,3073,339,234,3,0.02,2026-01-07T05:02:34
1491,TRAIN,DEATH,-173.80000000000018,1652,442,131,3,0.02,2026-01-07T05:02:35
1492,TRAIN,DEATH,910.5000000000018,3375,330,243,3,0.02,2026-01-07T05:02:38
1493,TRAIN,DEATH,-52.90000000000282,1753,429,144,3,0.02,2026-01-07T05:02:40
1494,TRAIN,DEATH,91.49999999999602,2034,416,157,3,0.02,2026-01-07T05:02:41
1495,TRAIN,DEATH,807.3000000000068,3415,343,230,3,0.02,2026-01-07T05:02:44
1496,TRAIN,DEATH,1559.4000000000078,3077,355,220,1,0.02,2026-01-07T05:02:46
1497,TRAIN,DEATH,307.199999999998,2565,414,160,2,0.02,2026-01-07T05:02:48
1498,TRAIN,DEATH,1518.8000000000186,3132,359,216,1,0.02,2026-01-07T05:02:51
1499,TRAIN,DEATH,633.3000000000102,2313,405,169,2,0.02,2026-01-07T05:02:53
1500,TRAIN,DEATH,876.4000000000069,2725,361,213,2,0.02,2026-01-07T05:02:55
1501,TRAIN,DEATH,747.4000000000083,3071,372,202,2,0.02,2026-01-07T05:02:57
1502,TRAIN,DEATH,151.99999999999534,2317,409,164,3,0.02,2026-01-07T05:02:59
1503,TRAIN,DEATH,1494.4000000000283,4168,318,256,2,0.02,2026-01-07T05:03:02
1504,TRAIN,DEATH,-128.60000000000377,2363,436,137,3,0.02,2026-01-07T05:03:04
1505,TRAIN,DEATH,516.7999999999965,2601,395,179,2,0.02,2026-01-07T05:03:06
1506,TRAIN,DEATH,997.9000000000108,2707,367,207,2,0.02,2026-01-07T05:03:08
1507,TRAIN,DEATH,262.999999999996,2186,397,176,3,0.02,2026-01-07T05:03:10
1508,TRAIN,DEATH,903.300000000002,3246,341,234,1,0.02,2026-01-07T05:03:13
1509,TRAIN,DEATH,874.9000000000194,3380,339,235,2,0.02,2026-01-07T05:03:15
1510,TRAIN,DEATH,-682.8000000000008,1417,493,80,3,0.02,2026-01-07T05:03:16
1511,TRAIN,DEATH,-40.600000000002524,1703,427,146,3,0.02,2026-01-07T05:03:18
1512,TRAIN,DEATH,-334.6000000000007,1412,458,115,3,0.02,2026-01-07T05:03:19
1513,TRAIN,DEATH,88.59999999999616,2031,438,136,2,0.02,2026-01-07T05:03:20
1514,TRAIN,DEATH,53.599999999996044,1913,419,154,3,0.02,2026-01-07T05:03:22
1515,TRAIN,DEATH,-331.1000000000005,1346,458,115,3,0.02,2026-01-07T05:03:23
1516,TRAIN,DEATH,307.09999999999616,2193,393,180,3,0.02,2026-01-07T05:03:25
1517,TRAIN,DEATH,1079.6000000000033,3689,319,255,2,0.02,2026-01-07T05:03:28
1518,TRAIN,DEATH,1787.600000000024,4801,266,308,2,0.02,2026-01-07T05:03:33
1519,TRAIN,DEATH,490.19999999999743,2362,398,176,2,0.02,2026-01-07T05:03:35
1520,TRAIN,DEATH,1606.7000000000226,4112,305,269,2,0.02,2026-01-07T05:03:38
1521,TRAIN,DEATH,661.9999999999995,2646,386,189,1,0.02,2026-01-07T05:03:40
1522,TRAIN,DEATH,679.3999999999969,3085,356,217,3,0.02,2026-01-07T05:03:43
1523,TRAIN,DEATH,916.7000000000069,3236,360,215,1,0.02,2026-01-07T05:03:45
1524,TRAIN,DEATH,449.6000000000025,2677,403,171,2,0.02,2026-01-07T05:03:47
1525,TRAIN,DEATH,1082.4000000000224,3579,339,235,2,0.02,2026-01-07T05:03:50
1526,TRAIN,DEATH,1196.000000000015,3585,326,248,2,0.02,2026-01-07T05:03:53
1527,TRAIN,DEATH,336.79999999999757,2434,390,183,3,0.02,2026-01-07T05:03:55
1528,TRAIN,DEATH,-132.300000000002,1540,438,135,3,0.02,2026-01-07T05:03:56
1529,TRAIN,DEATH,868.6000000000054,3402,335,238,3,0.02,2026-01-07T05:03:59
1530,TRAIN,DEATH,839.200000000005,2709,383,191,2,0.02,2026-01-07T05:04:01
1531,TRAIN,DEATH,-67.80000000000302,1773,435,139,2,0.02,2026-01-07T05:04:03
1532,TRAIN,DEATH,379.4999999999959,2308,413,162,1,0.02,2026-01-07T05:04:05
1533,TRAIN,DEATH,1212.8000000000204,3127,347,227,2,0.02,2026-01-07T05:04:07
1534,TRAIN,DEATH,22.199999999996635,1958,422,151,3,0.02,2026-01-07T05:04:09
1535,TRAIN,DEATH,692.9999999999984,2891,399,175,2,0.02,2026-01-07T05:04:11
1536,TRAIN,DEATH,428.19999999999516,2476,381,192,3,0.02,2026-01-07T05:04:13
1537,TRAIN,DEATH,381.3999999999968,2507,385,188,3,0.02,2026-01-07T05:04:15
1538,TRAIN,DEATH,1558.2000000000162,3321,331,243,2,0.02,2026-01-07T05:04:18
1539,TRAIN,DEATH,685.6000000000026,2155,397,177,2,0.02,2026-01-07T05:04:20
1540,TRAIN,DEATH,121.89999999999759,2152,412,161,3,0.02,2026-01-07T05:04:21
1541,TRAIN,DEATH,1251.100000000006,3236,322,252,2,0.02,2026-01-07T05:04:24
1542,TRAIN,DEATH,782.3000000000072,2517,390,184,2,0.02,2026-01-07T05:04:26
1543,TRAIN,DEATH,713.1000000000017,3197,352,221,3,0.02,2026-01-07T05:04:29
1544,TRAIN,DEATH,238.19999999999584,2342,400,173,3,0.02,2026-01-07T05:04:31
1545,TRAIN,DEATH,845.5000000000009,2612,364,210,2,0.02,2026-01-07T05:04:33
1546,TRAIN,DEATH,722.1000000000035,3125,353,221,2,0.02,2026-01-07T05:04:36
1547,TRAIN,DEATH,534.8000000000075,3406,368,205,3,0.02,2026-01-07T05:04:39
1548,TRAIN,DEATH,474.79999999999416,2691,375,198,3,0.02,2026-01-07T05:04:41
1549,TRAIN,DEATH,244.99999999999727,2499,404,170,2,0.02,2026-01-07T05:04:43
1550,TRAIN,DEATH,1910.0000000000218,5159,254,320,2,0.02,2026-01-07T05:04:47
1551,TRAIN,DEATH,469.899999999995,2645,377,196,3,0.02,2026-01-07T05:04:50
1552,TRAIN,DEATH,-461.90000000000094,1214,471,102,3,0.02,2026-01-07T05:04:50
1553,TRAIN,DEATH,130.19999999999743,1930,415,159,2,0.02,2026-01-07T05:04:52
1554,TRAIN,DEATH,861.4000000000092,3202,341,233,2,0.02,2026-01-07T05:04:55
1555,TRAIN,DEATH,186.59999999999548,2194,409,165,2,0.02,2026-01-07T05:04:57
1556,TRAIN,DEATH,1381.7000000000248,3888,307,267,2,0.02,2026-01-07T05:05:00
1557,TRAIN,DEATH,-161.10000000000088,1575,440,133,3,0.02,2026-01-07T05:05:01
1558,TRAIN,DEATH,1072.5000000000157,3147,340,234,2,0.02,2026-01-07T05:05:04
1559,TRAIN,DEATH,843.0000000000134,3529,338,235,3,0.02,2026-01-07T05:05:08
1560,TRAIN,DEATH,827.0000000000009,2474,384,190,2,0.02,2026-01-07T05:05:10
1561,TRAIN,DEATH,1634.100000000025,4060,284,290,2,0.02,2026-01-07T05:05:13
1562,TRAIN,DEATH,134.19999999999777,2375,410,163,3,0.02,2026-01-07T05:05:15
1563,TRAIN,DEATH,694.8000000000136,3480,358,216,2,0.02,2026-01-07T05:05:18
1564,TRAIN,DEATH,1525.3000000000193,4073,294,280,2,0.02,2026-01-07T05:05:21
1565,TRAIN,DEATH,676.7000000000016,2850,364,211,1,0.02,2026-01-07T05:05:24
1566,TRAIN,DEATH,994.6000000000051,3145,348,226,2,0.02,2026-01-07T05:05:26
1567,TRAIN,DEATH,888.8000000000131,3718,334,239,3,0.02,2026-01-07T05:05:29
1568,TRAIN,DEATH,400.29999999999666,2341,384,189,3,0.02,2026-01-07T05:05:31
1569,TRAIN,DEATH,520.9999999999958,2416,396,178,2,0.02,2026-01-07T05:05:33
1570,TRAIN,DEATH,107.2999999999962,1898,414,159,3,0.02,2026-01-07T05:05:35
1571,TRAIN,DEATH,265.9999999999943,2524,397,176,3,0.02,2026-01-07T05:05:37
1572,TRAIN,DEATH,457.90000000000157,2378,376,197,3,0.02,2026-01-07T05:05:39
1573,TRAIN,DEATH,869.600000000004,2502,380,194,2,0.02,2026-01-07T05:05:41
1574,TRAIN,DEATH,886.3000000000161,3403,333,240,3,0.02,2026-01-07T05:05:44
1575,TRAIN,DEATH,652.9999999999973,2646,381,193,2,0.02,2026-01-07T05:05:46
1576,TRAIN,DEATH,111.5000000000025,2080,436,138,2,0.02,2026-01-07T05:05:47
1577,TRAIN,DEATH,-194.9000000000009,1688,447,127,2,0.02,2026-01-07T05:05:48
1578,TRAIN,DEATH,186.09999999999798,2307,409,165,2,0.02,2026-01-07T05:05:50
1579,TRAIN,DEATH,12.699999999996976,2093,427,147,2,0.02,2026-01-07T05:05:52
1580,TRAIN,DEATH,150.39999999999566,2082,413,161,2,0.02,2026-01-07T05:05:53
1581,TRAIN,DEATH,972.2000000000126,3387,351,223,2,0.02,2026-01-07T05:05:56
1582,TRAIN,DEATH,936.5000000000161,3001,373,201,2,0.02,2026-01-07T05:05:58
1583,TRAIN,DEATH,1305.0000000000164,3954,316,258,2,0.02,2026-01-07T05:06:02
1584,TRAIN,DEATH,944.4000000000037,3326,352,222,2,0.02,2026-01-07T05:06:05
1585,TRAIN,DEATH,346.6999999999955,2399,389,184,3,0.02,2026-01-07T05:06:07
1586,TRAIN,DEATH,943.8000000000088,3370,328,245,3,0.02,2026-01-07T05:06:09
1587,TRAIN,DEATH,132.79999999999598,2229,410,163,3,0.02,2026-01-07T05:06:11
1588,TRAIN,DEATH,587.599999999997,2961,364,209,3,0.02,2026-01-07T05:06:14
1589,TRAIN,DEATH,797.5000000000146,2903,371,204,1,0.02,2026-01-07T05:06:17
1590,TRAIN,DEATH,-54.60000000000235,1876,430,143,3,0.02,2026-01-07T05:06:18
1591,TRAIN,DEATH,431.4999999999949,2456,383,191,2,0.02,2026-01-07T05:06:20
1592,TRAIN,DEATH,1294.3000000000159,3497,335,239,2,0.02,2026-01-07T05:06:22
1593,TRAIN,DEATH,-279.0000000000008,1530,452,121,3,0.02,2026-01-07T05:06:24
1594,TRAIN,DEATH,177.39999999999657,2151,406,167,3,0.02,2026-01-07T05:06:26
1595,TRAIN,DEATH,153.99999999999523,2459,411,163,2,0.02,2026-01-07T05:06:28
1596,TRAIN,DEATH,1602.9000000000215,4288,265,309,2,0.02,2026-01-07T05:06:31
1597,TRAIN,DEATH,418.6999999999973,2325,406,168,2,0.02,2026-01-07T05:06:33
1598,TRAIN,DEATH,990.8000000000011,3115,352,223,1,0.02,2026-01-07T05:06:36
1599,TRAIN,DEATH,1347.7000000000114,4183,291,283,2,0.02,2026-01-07T05:06:39
1600,TRAIN,DEATH,166.0999999999973,2046,408,165,3,0.02,2026-01-07T05:06:41
1601,TRAIN,DEATH,13.39999999999668,2117,422,151,3,0.02,2026-01-07T05:06:43
1602,TRAIN,DEATH,1070.200000000008,3484,316,257,3,0.02,2026-01-07T05:06:47
1603,TRAIN,DEATH,929.5000000000018,3428,353,221,2,0.02,2026-01-07T05:06:50
1604,TRAIN,DEATH,1702.0000000000055,3686,317,257,2,0.02,2026-01-07T05:06:53
1605,TRAIN,DEATH,479.8999999999962,2465,376,197,3,0.02,2026-01-07T05:06:55
1606,TRAIN,DEATH,-34.700000000002206,1798,427,146,3,0.02,2026-01-07T05:06:57
1607,TRAIN,DEATH,-128.80000000000143,1690,436,137,3,0.02,2026-01-07T05:06:58
1608,TRAIN,DEATH,1205.6000000000163,4032,326,248,2,0.02,2026-01-07T05:07:01
1609,TRAIN,DEATH,696.9000000000005,2703,378,196,2,0.02,2026-01-07T05:07:03
1610,TRAIN,DEATH,101.09999999999809,2216,413,160,3,0.02,2026-01-07T05:07:05
1611,TRAIN,DEATH,550.6999999999989,2705,373,201,2,0.02,2026-01-07T05:07:07
1612,TRAIN,DEATH,83.39999999999657,1891,415,158,3,0.02,2026-01-07T05:07:09
1613,TRAIN,DEATH,78.79999999999654,2117,416,157,3,0.02,2026-01-07T05:07:10
1614,TRAIN,DEATH,1140.3000000000116,3176,357,218,1,0.02,2026-01-07T05:07:13
1615,TRAIN,DEATH,209.39999999999804,1858,427,147,2,0.02,2026-01-07T05:07:15
1616,TRAIN,DEATH,586.299999999997,2714,365,208,3,0.02,2026-01-07T05:07:18
1617,TRAIN,DEATH,1293.800000000012,3394,317,257,2,0.02,2026-01-07T05:07:20
1618,TRAIN,DEATH,852.0000000000084,3387,362,212,2,0.02,2026-01-07T05:07:23
1619,TRAIN,DEATH,520.9000000000027,2581,395,179,2,0.02,2026-01-07T05:07:25
1620,TRAIN,DEATH,674.1999999999989,2704,360,214,2,0.02,2026-01-07T05:07:27
1621,TRAIN,DEATH,530.899999999996,2616,373,201,2,0.02,2026-01-07T05:07:29
1622,TRAIN,DEATH,894.50000000001,2660,358,216,2,0.02,2026-01-07T05:07:31
1623,TRAIN,DEATH,1123.4000000000244,3530,335,240,1,0.02,2026-01-07T05:07:34
1624,TRAIN,DEATH,703.8000000000068,2737,376,198,2,0.02,2026-01-07T05:07:36
1625,TRAIN,DEATH,255.59999999999604,2262,396,177,3,0.02,2026-01-07T05:07:38
1626,TRAIN,DEATH,843.5000000000105,3181,365,210,1,0.02,2026-01-07T05:07:40
1627,TRAIN,DEATH,829.5000000000055,3087,340,233,3,0.02,2026-01-07T05:07:43
1628,TRAIN,DEATH,136.19999999999686,1898,410,163,3,0.02,2026-01-07T05:07:44
1629,TRAIN,DEATH,304.3999999999983,2239,394,179,3,0.02,2026-01-07T05:07:46
1630,TRAIN,DEATH,-390.3000000000007,1424,463,110,3,0.02,2026-01-07T05:07:47
1631,TRAIN,DEATH,168.99999999999534,2193,407,166,3,0.02,2026-01-07T05:07:49
1632,TRAIN,DEATH,341.39999999999577,2344,389,184,3,0.02,2026-01-07T05:07:51
1633,TRAIN,DEATH,458.9000000000053,2137,422,152,2,0.02,2026-01-07T05:07:52
1634,TRAIN,DEATH,620.2000000000025,2774,385,189,2,0.02,2026-01-07T05:07:54
1635,TRAIN,DEATH,1063.600000000003,3318,341,233,2,0.02,2026-01-07T05:07:57
1636,TRAIN,DEATH,1139.600000000003,3146,357,218,1,0.02,2026-01-07T05:08:00
1637,TRAIN,DEATH,599.3999999999974,2173,407,167,2,0.02,2026-01-07T05:08:01
1638,TRAIN,DEATH,733.5000000000146,3437,377,198,1,0.02,2026-01-07T05:08:04
1639,TRAIN,DEATH,19.49999999999659,2059,425,149,2,0.02,2026-01-07T05:08:05
1640,TRAIN,DEATH,841.6000000000163,3811,342,232,2,0.02,2026-01-07T05:08:08
1641,TRAIN,DEATH,411.89999999999714,1956,427,147,2,0.02,2026-01-07T05:08:10
1642,TRAIN,DEATH,1602.4000000000287,4967,310,265,1,0.02,2026-01-07T05:08:14
1643,TRAIN,DEATH,349.29999999999563,2395,387,186,3,0.02,2026-01-07T05:08:16
1644,TRAIN,DEATH,1147.0000000000152,3625,331,243,2,0.02,2026-01-07T05:08:19
1645,TRAIN,DEATH,468.90000000000134,2431,399,175,2,0.02,2026-01-07T05:08:21
1646,TRAIN,DEATH,1136.7000000000162,3915,312,262,2,0.02,2026-01-07T05:08:24
1647,TRAIN,DEATH,596.5999999999972,2985,362,211,3,0.02,2026-01-07T05:08:27
1648,TRAIN,DEATH,47.199999999996294,2015,419,154,3,0.02,2026-01-07T05:08:28
1649,TRAIN,DEATH,354.49999999999613,2270,389,184,3,0.02,2026-01-07T05:08:31
1650,TRAIN,DEATH,79.49999999999693,1980,416,157,3,0.02,2026-01-07T05:08:32
1651,TRAIN,DEATH,1322.1000000000229,4076,297,278,1,0.02,2026-01-07T05:08:36
1652,TRAIN,DEATH,219.09999999999684,2118,401,172,3,0.02,2026-01-07T05:08:38
1653,TRAIN,DEATH,-174.8000000000012,1720,441,132,3,0.02,2026-01-07T05:08:39
1654,TRAIN,DEATH,425.99999999999704,2543,384,190,2,0.02,2026-01-07T05:08:41
1655,TRAIN,DEATH,-30.800000000002626,1877,427,146,3,0.02,2026-01-07T05:08:42
1656,TRAIN,DEATH,320.59999999999775,2127,397,177,2,0.02,2026-01-07T05:08:44
1657,TRAIN,DEATH,1816.4000000000292,4309,264,310,2,0.02,2026-01-07T05:08:48
1658,TRAIN,DEATH,815.5000000000086,2752,366,208,2,0.02,2026-01-07T05:08:50
1659,TRAIN,DEATH,256.49999999999636,2170,399,174,3,0.02,2026-01-07T05:08:52
1660,TRAIN,DEATH,1018.9000000000108,3054,344,230,2,0.02,2026-01-07T05:08:54
1661,TRAIN,DEATH,794.9000000000083,2989,343,230,3,0.02,2026-01-07T05:08:57
1662,TRAIN,DEATH,1399.400000000015,3576,305,269,2,0.02,2026-01-07T05:08:59
1663,TRAIN,DEATH,203.59999999999604,2106,404,169,3,0.02,2026-01-07T05:09:01
1664,TRAIN,DEATH,1216.7000000000053,3226,330,245,1,0.02,2026-01-07T05:09:04
1665,TRAIN,DEATH,803.3000000000056,2981,391,184,1,0.02,2026-01-07T05:09:06
1666,TRAIN,DEATH,444.4999999999976,2193,403,171,2,0.02,2026-01-07T05:09:08
1667,TRAIN,DEATH,732.100000000004,2801,349,224,3,0.02,2026-01-07T05:09:10
1668,TRAIN,DEATH,1106.9000000000076,3666,316,258,2,0.02,2026-01-07T05:09:13
1669,TRAIN,DEATH,553.9000000000037,2780,373,201,2,0.02,2026-01-07T05:09:15
1670,TRAIN,DEATH,629.0999999999967,2884,360,213,3,0.02,2026-01-07T05:09:18
1671,TRAIN,DEATH,887.3000000000081,3483,338,236,2,0.02,2026-01-07T05:09:20
1672,TRAIN,DEATH,392.39999999999395,2782,383,190,3,0.02,2026-01-07T05:09:22
1673,TRAIN,DEATH,2485.2000000000344,4871,237,337,2,0.02,2026-01-07T05:09:26
1674,TRAIN,DEATH,252.69999999999595,2273,398,175,3,0.02,2026-01-07T05:09:28
1675,TRAIN,DEATH,760.599999999999,3076,347,226,3,0.02,2026-01-07T05:09:30
1676,TRAIN,DEATH,946.3000000000084,3143,351,223,2,0.02,2026-01-07T05:09:33
1677,TRAIN,DEATH,921.5000000000018,3102,330,243,3,0.02,2026-01-07T05:09:35
1678,TRAIN,DEATH,780.7999999999997,2813,369,205,2,0.02,2026-01-07T05:09:37
1679,TRAIN,DEATH,1176.7000000000178,3679,305,268,3,0.02,2026-01-07T05:09:40
1680,TRAIN,DEATH,250.9999999999975,2102,399,174,3,0.02,2026-01-07T05:09:42
1681,TRAIN,DEATH,934.2000000000039,3926,330,243,3,0.02,2026-01-07T05:09:45
1682,TRAIN,DEATH,591.9999999999982,2229,389,185,2,0.02,2026-01-07T05:09:47
1683,TRAIN,DEATH,236.8999999999977,2238,400,173,3,0.02,2026-01-07T05:09:48
1684,TRAIN,DEATH,640.800000000004,2819,359,214,3,0.02,2026-01-07T05:09:51
1685,TRAIN,DEATH,1394.2000000000198,3982,286,288,2,0.02,2026-01-07T05:09:54
1686,TRAIN,DEATH,903.800000000009,2952,381,194,1,0.02,2026-01-07T05:09:57
1687,TRAIN,DEATH,765.7000000000112,2927,355,220,1,0.02,2026-01-07T05:09:59
1688,TRAIN,DEATH,168.29999999999632,1957,407,166,3,0.02,2026-01-07T05:10:01
1689,TRAIN,DEATH,-159.20000000000073,1541,441,132,3,0.02,2026-01-07T05:10:02
1690,TRAIN,DEATH,827.5000000000098,2795,389,186,1,0.02,2026-01-07T05:10:04
1691,TRAIN,DEATH,605.5,2382,388,186,2,0.02,2026-01-07T05:10:06
1692,TRAIN,DEATH,1009.0000000000014,2822,371,204,1,0.02,2026-01-07T05:10:08
1693,TRAIN,DEATH,150.79999999999552,2137,413,161,2,0.02,2026-01-07T05:10:10
1694,TRAIN,DEATH,718.0,3042,356,218,2,0.02,2026-01-07T05:10:12
1695,TRAIN,DEATH,581.9999999999991,2276,389,185,2,0.02,2026-01-07T05:10:15
1696,TRAIN,DEATH,790.1000000000038,2937,344,229,3,0.02,2026-01-07T05:10:17
1697,TRAIN,DEATH,1366.900000000011,4287,289,285,2,0.02,2026-01-07T05:10:20
1698,TRAIN,DEATH,1971.3000000000297,4312,273,302,1,0.02,2026-01-07T05:10:23
1699,TRAIN,DEATH,510.69999999999493,2499,372,201,3,0.02,2026-01-07T05:10:25
1700,TRAIN,DEATH,999.5000000000009,3144,345,229,2,0.02,2026-01-07T05:10:28
1701,TRAIN,DEATH,428.89999999999577,2638,380,193,3,0.02,2026-01-07T05:10:30
1702,TRAIN,DEATH,952.100000000002,2817,352,222,2,0.02,2026-01-07T05:10:32
1703,TRAIN,DEATH,-22.70000000000266,1991,427,146,3,0.02,2026-01-07T05:10:34
1704,TRAIN,DEATH,669.5999999999976,2937,355,218,3,0.02,2026-01-07T05:10:36
1705,TRAIN,DEATH,872.2000000000066,3258,335,238,3,0.02,2026-01-07T05:10:39
1706,TRAIN,DEATH,809.8000000000015,2214,387,187,2,0.02,2026-01-07T05:10:41
1707,TRAIN,DEATH,1069.1000000000163,3676,320,254,2,0.02,2026-01-07T05:10:44
1708,TRAIN,DEATH,616.9999999999973,2636,386,188,2,0.02,2026-01-07T05:10:46
1709,TRAIN,DEATH,353.39999999999463,2411,388,185,3,0.02,2026-01-07T05:10:48
1710,TRAIN,DEATH,928.1000000000085,3176,330,243,3,0.02,2026-01-07T05:10:50
1711,TRAIN,DEATH,628.9999999999966,2884,361,212,3,0.02,2026-01-07T05:10:53
1712,TRAIN,DEATH,1299.1000000000251,3445,335,239,2,0.02,2026-01-07T05:10:56
1713,TRAIN,DEATH,722.1000000000131,3040,351,222,3,0.02,2026-01-07T05:10:58
1714,TRAIN,DEATH,264.1999999999956,2322,400,174,2,0.02,2026-01-07T05:11:00
1715,TRAIN,DEATH,878.800000000007,3035,359,215,2,0.02,2026-01-07T05:11:02
1716,TRAIN,DEATH,954.5000000000173,2600,375,200,1,0.02,2026-01-07T05:11:05
1717,TRAIN,DEATH,1460.1000000000213,4298,279,295,2,0.02,2026-01-07T05:11:08
1718,TRAIN,DEATH,1296.9000000000178,4185,297,277,2,0.02,2026-01-07T05:11:11
1719,TRAIN,DEATH,456.19999999999413,2631,377,196,3,0.02,2026-01-07T05:11:13
1720,TRAIN,DEATH,967.6000000000108,3131,349,225,2,0.02,2026-01-07T05:11:16
1721,TRAIN,DEATH,576.799999999997,2829,367,207,2,0.02,2026-01-07T05:11:18
1722,TRAIN,DEATH,774.3000000000202,3531,348,226,2,0.02,2026-01-07T05:11:20
1723,TRAIN,DEATH,1099.0000000000025,3129,336,238,2,0.02,2026-01-07T05:11:23
1724,TRAIN,DEATH,465.49999999999625,2851,375,198,3,0.02,2026-01-07T05:11:25
1725,TRAIN,DEATH,643.6000000000024,2593,382,192,2,0.02,2026-01-07T05:11:27
1726,TRAIN,DEATH,513.5999999999956,2647,374,200,2,0.02,2026-01-07T05:11:29
1727,TRAIN,DEATH,1050.500000000012,2793,361,213,2,0.02,2026-01-07T05:11:32
1728,TRAIN,DEATH,-222.10000000000036,1582,447,126,3,0.02,2026-01-07T05:11:33
1729,TRAIN,DEATH,1857.7000000000262,4797,236,337,3,0.02,2026-01-07T05:11:37
1730,TRAIN,DEATH,604.0999999999976,2558,386,188,2,0.02,2026-01-07T05:11:39
1731,TRAIN,DEATH,2008.00000000004,5143,244,330,2,0.02,2026-01-07T05:11:43
1732,TRAIN,DEATH,93.29999999999586,1942,415,158,3,0.02,2026-01-07T05:11:45
1733,TRAIN,DEATH,648.5000000000014,2754,362,212,2,0.02,2026-01-07T05:11:47
1734,TRAIN,DEATH,1237.8000000000231,3517,323,251,2,0.02,2026-01-07T05:11:50
1735,TRAIN,DEATH,251.1999999999955,2334,398,175,3,0.02,2026-01-07T05:11:52
1736,TRAIN,DEATH,1450.4000000000137,3798,302,272,2,0.02,2026-01-07T05:11:55
1737,TRAIN,DEATH,395.49999999999784,2232,408,166,2,0.02,2026-01-07T05:11:57
1738,TRAIN,DEATH,1922.6000000000427,5563,229,344,3,0.02,2026-01-07T05:12:01
1739,TRAIN,DEATH,699.8000000000009,3049,350,223,3,0.02,2026-01-07T05:12:04
1740,TRAIN,DEATH,718.3999999999974,2824,352,221,3,0.02,2026-01-07T05:12:06
1741,TRAIN,DEATH,-124.20000000000186,1767,437,136,3,0.02,2026-01-07T05:12:08
1742,TRAIN,DEATH,596.0999999999985,2820,363,210,3,0.02,2026-01-07T05:12:10
1743,TRAIN,DEATH,206.79999999999768,1978,403,170,3,0.02,2026-01-07T05:12:12
1744,TRAIN,DEATH,880.400000000003,3089,335,238,3,0.02,2026-01-07T05:12:14
1745,TRAIN,DEATH,1023.2000000000094,3608,345,229,2,0.02,2026-01-07T05:12:17
1746,TRAIN,DEATH,-65.60000000000247,1799,429,144,3,0.02,2026-01-07T05:12:18
1747,TRAIN,DEATH,1743.0000000000177,4575,273,301,2,0.02,2026-01-07T05:12:22
1748,TRAIN,DEATH,1050.6000000000138,3622,326,249,1,0.02,2026-01-07T05:12:24
1749,TRAIN,DEATH,1109.000000000013,3249,356,218,2,0.02,2026-01-07T05:12:27
1750,TRAIN,DEATH,1069.8000000000102,3012,368,208,0,0.02,2026-01-07T05:12:29
1751,TRAIN,DEATH,905.6000000000129,3206,355,219,2,0.02,2026-01-07T05:12:32
1752,TRAIN,DEATH,649.5000000000018,2977,357,216,3,0.02,2026-01-07T05:12:35
1753,TRAIN,DEATH,1878.4000000000083,3842,302,273,1,0.02,2026-01-07T05:12:37
1754,TRAIN,DEATH,1384.8000000000293,3856,309,265,2,0.02,2026-01-07T05:12:40
1755,TRAIN,DEATH,-94.60000000000286,1806,434,139,3,0.02,2026-01-07T05:12:42
1756,TRAIN,DEATH,136.5999999999966,1991,410,163,3,0.02,2026-01-07T05:12:43
1757,TRAIN,DEATH,1690.5000000000305,4861,257,317,2,0.02,2026-01-07T05:12:47
1758,TRAIN,DEATH,-255.90000000000055,1460,450,123,3,0.02,2026-01-07T05:12:48
1759,TRAIN,DEATH,597.6999999999978,2614,368,206,2,0.02,2026-01-07T05:12:50
1760,TRAIN,DEATH,-72.90000000000225,1764,436,138,2,0.02,2026-01-07T05:12:52
1761,TRAIN,DEATH,1662.000000000015,3750,308,268,0,0.02,2026-01-07T05:12:55
1762,TRAIN,DEATH,174.799999999997,1925,407,166,3,0.02,2026-01-07T05:12:56
1763,TRAIN,DEATH,914.2000000000016,2937,337,237,2,0.02,2026-01-07T05:12:59
1764,TRAIN,DEATH,485.5999999999988,2363,399,175,2,0.02,2026-01-07T05:13:01
1765,TRAIN,DEATH,1449.700000000009,2854,366,209,1,0.02,2026-01-07T05:13:03
1766,TRAIN,DEATH,369.5999999999957,2266,386,187,3,0.02,2026-01-07T05:13:05
1767,TRAIN,DEATH,1030.999999999995,2938,363,211,2,0.02,2026-01-07T05:13:07
1768,TRAIN,DEATH,173.89999999999657,2127,406,167,3,0.02,2026-01-07T05:13:08
1769,TRAIN,DEATH,750.100000000004,3055,348,225,3,0.02,2026-01-07T05:13:11
1770,TRAIN,DEATH,696.0999999999999,2661,358,216,2,0.02,2026-01-07T05:13:13
1771,TRAIN,DEATH,938.2000000000066,3053,377,198,1,0.02,2026-01-07T05:13:15
1772,TRAIN,DEATH,1228.2000000000098,3756,323,251,2,0.02,2026-01-07T05:13:19
1773,TRAIN,DEATH,236.9999999999976,2092,401,172,3,0.02,2026-01-07T05:13:21
1774,TRAIN,DEATH,1270.6000000000095,2938,388,188,0,0.02,2026-01-07T05:13:23
1775,TRAIN,DEATH,997.3000000000161,2942,368,206,2,0.02,2026-01-07T05:13:25
1776,TRAIN,DEATH,368.8999999999968,2507,387,186,3,0.02,2026-01-07T05:13:28
1777,TRAIN,DEATH,1589.8000000000247,3867,311,264,1,0.02,2026-01-07T05:13:31
1778,TRAIN,DEATH,1324.7000000000246,4028,314,260,2,0.02,2026-01-07T05:13:34
1779,TRAIN,DEATH,229.29999999999518,2270,424,150,2,0.02,2026-01-07T05:13:36
1780,TRAIN,DEATH,376.0999999999966,2252,411,163,2,0.02,2026-01-07T05:13:38
1781,TRAIN,DEATH,1119.2000000000107,3393,335,239,2,0.02,2026-01-07T05:13:41
1782,TRAIN,DEATH,514.0999999999949,2670,373,200,3,0.02,2026-01-07T05:13:44
1783,TRAIN,DEATH,810.3000000000047,3152,342,231,3,0.02,2026-01-07T05:13:46
1784,TRAIN,DEATH,1171.7000000000244,3843,331,243,2,0.02,2026-01-07T05:13:49
1785,TRAIN,DEATH,509.099999999994,2680,372,201,3,0.02,2026-01-07T05:13:51
1786,TRAIN,DEATH,1761.2000000000335,4628,290,284,2,0.02,2026-01-07T05:13:55
1787,TRAIN,DEATH,609.3999999999978,2727,390,185,1,0.02,2026-01-07T05:13:57
1788,TRAIN,DEATH,637.5000000000018,3136,358,215,3,0.02,2026-01-07T05:14:00
1789,TRAIN,DEATH,-440.5000000000005,1290,469,104,3,0.02,2026-01-07T05:14:01
1790,TRAIN,DEATH,248.29999999999598,2204,399,174,3,0.02,2026-01-07T05:14:03
1791,TRAIN,DEATH,1075.4000000000115,3332,316,257,3,0.02,2026-01-07T05:14:06
1792,TRAIN,DEATH,848.9000000000065,3191,363,211,2,0.02,2026-01-07T05:14:08
1793,TRAIN,DEATH,699.5000000000016,2235,399,175,2,0.02,2026-01-07T05:14:10
1794,TRAIN,DEATH,-10.50000000000125,1684,426,147,3,0.02,2026-01-07T05:14:11
1795,TRAIN,DEATH,453.7999999999972,2923,379,195,2,0.02,2026-01-07T05:14:13
1796,TRAIN,DEATH,1322.0000000000102,4237,297,278,1,0.02,2026-01-07T05:14:16
1797,TRAIN,DEATH,283.59999999999934,2307,395,178,3,0.02,2026-01-07T05:14:18
1798,TRAIN,DEATH,500.299999999996,2363,374,199,3,0.02,2026-01-07T05:14:20
1799,TRAIN,DEATH,-42.300000000002115,1890,429,144,3,0.02,2026-01-07T05:14:22
1800,TRAIN,DEATH,803.9000000000126,3227,367,207,2,0.02,2026-01-07T05:14:25
1801,TRAIN,DEATH,90.89999999999577,2083,415,158,3,0.02,2026-01-07T05:14:27
1802,TRAIN,DEATH,387.69999999999663,2410,385,188,3,0.02,2026-01-07T05:14:28
1803,TRAIN,DEATH,-465.60000000000304,1754,470,103,3,0.02,2026-01-07T05:14:30
1804,TRAIN,DEATH,26.099999999999227,1798,421,152,3,0.02,2026-01-07T05:14:31
1805,TRAIN,DEATH,1070.0000000000077,3067,340,234,2,0.02,2026-01-07T05:14:34
1806,TRAIN,DEATH,578.1000000000054,2467,391,183,2,0.02,2026-01-07T05:14:36
1807,TRAIN,DEATH,2489.100000000035,5314,261,314,1,0.02,2026-01-07T05:14:40
1808,TRAIN,DEATH,-146.100000000001,1674,439,134,3,0.02,2026-01-07T05:14:42
1809,TRAIN,DEATH,351.1999999999973,2293,389,184,3,0.02,2026-01-07T05:14:44
1810,TRAIN,DEATH,645.6999999999985,2748,386,189,1,0.02,2026-01-07T05:14:46
1811,TRAIN,DEATH,1332.4000000000174,3209,358,217,1,0.02,2026-01-07T05:14:48
1812,TRAIN,DEATH,1218.0000000000157,3676,324,250,2,0.02,2026-01-07T05:14:51
1813,TRAIN,DEATH,-160.3000000000012,1618,440,133,3,0.02,2026-01-07T05:14:52
1814,TRAIN,DEATH,564.8999999999999,2318,391,183,2,0.02,2026-01-07T05:14:54
1815,TRAIN,DEATH,612.7999999999988,2861,366,208,2,0.02,2026-01-07T05:14:56
1816,TRAIN,DEATH,196.70000000000493,2272,429,145,2,0.02,2026-01-07T05:14:58
1817,TRAIN,DEATH,571.5999999999945,2729,365,208,3,0.02,2026-01-07T05:15:01
1818,TRAIN,DEATH,1526.900000000021,3610,337,238,1,0.02,2026-01-07T05:15:04
1819,TRAIN,DEATH,394.7999999999953,2216,409,165,2,0.02,2026-01-07T05:15:05
1820,TRAIN,DEATH,1254.100000000013,3263,346,229,1,0.02,2026-01-07T05:15:08
1821,TRAIN,DEATH,484.2999999999945,2509,376,197,3,0.02,2026-01-07T05:15:10
1822,TRAIN,DEATH,1057.2000000000203,3561,321,253,2,0.02,2026-01-07T05:15:13
1823,TRAIN,DEATH,490.89999999999577,2611,375,198,3,0.02,2026-01-07T05:15:15
1824,TRAIN,DEATH,1146.300000000004,3602,316,259,1,0.02,2026-01-07T05:15:18
1825,TRAIN,DEATH,1194.5000000000202,3042,347,227,2,0.02,2026-01-07T05:15:21
1826,TRAIN,DEATH,750.1000000000063,2880,350,224,2,0.02,2026-01-07T05:15:23
1827,TRAIN,DEATH,1272.0000000000216,3430,339,235,2,0.02,2026-01-07T05:15:26
1828,TRAIN,DEATH,396.09999999999593,2229,384,189,3,0.02,2026-01-07T05:15:28
1829,TRAIN,DEATH,645.8000000000011,2721,382,192,2,0.02,2026-01-07T05:15:30
1830,TRAIN,DEATH,547.4999999999961,2306,394,180,2,0.02,2026-01-07T05:15:32
1831,TRAIN,DEATH,1372.0000000000152,3692,309,265,2,0.02,2026-01-07T05:15:35
1832,TRAIN,DEATH,693.4999999999982,2530,378,196,2,0.02,2026-01-07T05:15:38
1833,TRAIN,DEATH,1019.5000000000068,3589,325,249,2,0.02,2026-01-07T05:15:40
1834,TRAIN,DEATH,836.5000000000139,3110,339,234,3,0.02,2026-01-07T05:15:43
1835,TRAIN,DEATH,370.99999999999613,2228,387,186,3,0.02,2026-01-07T05:15:45
1836,TRAIN,DEATH,934.2000000000064,3719,334,240,2,0.02,2026-01-07T05:15:48
1837,TRAIN,DEATH,748.0000000000002,2875,348,225,3,0.02,2026-01-07T05:15:51
1838,TRAIN,DEATH,1257.3000000000147,2896,341,233,2,0.02,2026-01-07T05:15:53
1839,TRAIN,DEATH,846.9000000000028,2920,362,212,2,0.02,2026-01-07T05:15:55
1840,TRAIN,DEATH,755.3999999999987,3131,347,226,3,0.02,2026-01-07T05:15:58
1841,TRAIN,DEATH,784.00000000001,2462,393,182,1,0.02,2026-01-07T05:16:00
1842,TRAIN,DEATH,1006.5000000000166,3299,327,247,2,0.02,2026-01-07T05:16:02
1843,TRAIN,DEATH,688.299999999997,2897,354,219,3,0.02,2026-01-07T05:16:05
1844,TRAIN,DEATH,1088.4000000000106,3652,338,236,2,0.02,2026-01-07T05:16:08
1845,TRAIN,DEATH,370.3999999999962,2524,391,183,2,0.02,2026-01-07T05:16:10
1846,TRAIN,DEATH,-58.90000000000248,1694,431,142,3,0.02,2026-01-07T05:16:11
1847,TRAIN,DEATH,30.59999999999684,2004,421,152,3,0.02,2026-01-07T05:16:13
1848,TRAIN,DEATH,855.9000000000019,2749,362,212,2,0.02,2026-01-07T05:16:15
1849,TRAIN,DEATH,1300.200000000019,3505,316,258,2,0.02,2026-01-07T05:16:18
1850,TRAIN,DEATH,1045.7000000000107,3337,323,251,2,0.02,2026-01-07T05:16:21
1851,TRAIN,DEATH,541.900000000001,2886,369,204,3,0.02,2026-01-07T05:16:23
1852,TRAIN,DEATH,411.0999999999955,2330,383,190,3,0.02,2026-01-07T05:16:25
1853,TRAIN,DEATH,1393.3000000000268,4051,312,263,1,0.02,2026-01-07T05:16:28
1854,TRAIN,DEATH,536.0999999999963,2589,393,181,2,0.02,2026-01-07T05:16:30
1855,TRAIN,DEATH,442.5999999999932,2954,383,191,2,0.02,2026-01-07T05:16:33
1856,TRAIN,DEATH,497.9999999999977,3040,375,199,2,0.02,2026-01-07T05:16:35
1857,TRAIN,DEATH,865.9000000000058,3046,361,213,2,0.02,2026-01-07T05:16:38
1858,TRAIN,DEATH,1556.300000000016,4179,311,263,2,0.02,2026-01-07T05:16:41
1859,TRAIN,DEATH,399.09999999999525,2380,383,190,3,0.02,2026-01-07T05:16:43
1860,TRAIN,DEATH,407.39999999999463,2522,382,191,3,0.02,2026-01-07T05:16:45
1861,TRAIN,DEATH,655.499999999998,3094,358,215,3,0.02,2026-01-07T05:16:48
1862,TRAIN,DEATH,708.700000000001,2323,397,177,2,0.02,2026-01-07T05:16:50
1863,TRAIN,DEATH,85.89999999999759,1765,416,157,3,0.02,2026-01-07T05:16:52
1864,TRAIN,DEATH,352.7999999999961,2522,390,184,2,0.02,2026-01-07T05:16:53
1865,TRAIN,DEATH,270.0999999999983,1945,421,153,2,0.02,2026-01-07T05:16:55
1866,TRAIN,DEATH,2021.0000000000355,5019,225,349,2,0.02,2026-01-07T05:16:59
1867,TRAIN,DEATH,826.6000000000017,2835,345,229,2,0.02,2026-01-07T05:17:01
1868,TRAIN,DEATH,838.8000000000138,3757,342,232,2,0.02,2026-01-07T05:17:04
1869,TRAIN,DEATH,-47.60000000000309,1771,428,145,3,0.02,2026-01-07T05:17:06
1870,TRAIN,DEATH,1391.0000000000216,4050,286,288,2,0.02,2026-01-07T05:17:09
1871,TRAIN,DEATH,263.199999999997,2056,397,176,3,0.02,2026-01-07T05:17:11
1872,TRAIN,DEATH,2004.3000000000302,4544,249,326,1,0.02,2026-01-07T05:17:14
1873,TRAIN,DEATH,688.4000000000037,2464,398,176,2,0.02,2026-01-07T05:17:17
1874,TRAIN,DEATH,709.3999999999962,2906,352,221,3,0.02,2026-01-07T05:17:19
1875,TRAIN,DEATH,240.99999999999716,2226,404,170,2,0.02,2026-01-07T05:17:21
1876,TRAIN,DEATH,1618.400000000026,4273,287,288,1,0.02,2026-01-07T05:17:25
1877,TRAIN,DEATH,420.3999999999961,2307,381,192,3,0.02,2026-01-07T05:17:27
1878,TRAIN,DEATH,729.1999999999996,2883,355,219,2,0.02,2026-01-07T05:17:29
1879,TRAIN,DEATH,548.7999999999952,2520,368,205,3,0.02,2026-01-07T05:17:31
1880,TRAIN,DEATH,42.39999999999645,1926,420,153,3,0.02,2026-01-07T05:17:33
1881,TRAIN,DEATH,1507.0000000000066,4131,294,280,2,0.02,2026-01-07T05:17:36
1882,TRAIN,DEATH,806.3999999999996,3197,346,228,2,0.02,2026-01-07T05:17:39
1883,TRAIN,DEATH,84.89999999999588,1934,416,157,3,0.02,2026-01-07T05:17:41
1884,TRAIN,DEATH,834.6000000000101,2650,385,189,2,0.02,2026-01-07T05:17:43
1885,TRAIN,DEATH,1025.900000000007,3196,344,230,2,0.02,2026-01-07T05:17:45
1886,TRAIN,DEATH,979.8000000000031,3276,324,249,3,0.02,2026-01-07T05:17:48
1887,TRAIN,DEATH,682.5999999999988,2926,358,216,2,0.02,2026-01-07T05:17:50
1888,TRAIN,DEATH,777.1000000000085,2940,354,221,1,0.02,2026-01-07T05:17:52
1889,TRAIN,DEATH,1182.7000000000066,3546,303,270,3,0.02,2026-01-07T05:17:55
1890,TRAIN,DEATH,536.1999999999957,2639,370,203,3,0.02,2026-01-07T05:17:58
1891,TRAIN,DEATH,1632.100000000015,3751,283,291,2,0.02,2026-01-07T05:18:01
1892,TRAIN,DEATH,192.39999999999588,2214,405,168,3,0.02,2026-01-07T05:18:03
1893,TRAIN,DEATH,845.8999999999994,2729,361,213,2,0.02,2026-01-07T05:18:05
1894,TRAIN,DEATH,522.6999999999977,2251,395,179,2,0.02,2026-01-07T05:18:07
1895,TRAIN,DEATH,1498.9000000000076,4375,280,295,1,0.02,2026-01-07T05:18:11
1896,TRAIN,DEATH,67.59999999999593,1982,417,156,3,0.02,2026-01-07T05:18:12
1897,TRAIN,DEATH,1247.4000000000137,4153,321,253,2,0.02,2026-01-07T05:18:16
1898,TRAIN,DEATH,-91.90000000000111,1691,433,140,3,0.02,2026-01-07T05:18:17
1899,TRAIN,DEATH,438.7999999999969,2414,404,170,2,0.02,2026-01-07T05:18:19
1900,TRAIN,DEATH,1185.9000000000042,3513,349,225,2,0.02,2026-01-07T05:18:21
1901,TRAIN,DEATH,1138.7000000000057,3199,334,240,2,0.02,2026-01-07T05:18:24
1902,TRAIN,DEATH,493.7999999999944,2661,374,199,3,0.02,2026-01-07T05:18:26
1903,TRAIN,DEATH,104.29999999999643,2169,418,156,2,0.02,2026-01-07T05:18:27
1904,TRAIN,DEATH,935.1000000000131,3964,333,241,2,0.02,2026-01-07T05:18:31
1905,TRAIN,DEATH,616.8000000000025,2603,385,189,2,0.02,2026-01-07T05:18:33
1906,TRAIN,DEATH,94.59999999999559,2001,414,159,3,0.02,2026-01-07T05:18:35
1907,TRAIN,DEATH,55.899999999997135,2028,418,155,3,0.02,2026-01-07T05:18:36
1908,TRAIN,DEATH,1361.500000000014,3199,335,240,1,0.02,2026-01-07T05:18:39
1909,TRAIN,DEATH,749.5000000000023,2612,393,181,2,0.02,2026-01-07T05:18:41
1910,TRAIN,DEATH,200.99999999999534,2207,404,169,3,0.02,2026-01-07T05:18:42
1911,TRAIN,DEATH,246.0999999999957,2083,400,173,3,0.02,2026-01-07T05:18:44
1912,TRAIN,DEATH,135.29999999999768,1922,411,162,3,0.02,2026-01-07T05:18:46
1913,TRAIN,DEATH,168.19999999999618,2074,407,166,3,0.02,2026-01-07T05:18:48
1914,TRAIN,DEATH,539.5999999999985,2640,368,205,3,0.02,2026-01-07T05:18:50
1915,TRAIN,DEATH,873.1000000000022,2996,357,217,2,0.02,2026-01-07T05:18:52
1916,TRAIN,DEATH,350.4999999999952,2226,388,185,3,0.02,2026-01-07T05:18:54
1917,TRAIN,DEATH,1909.3000000000247,4908,235,339,2,0.02,2026-01-07T05:18:58
1918,TRAIN,DEATH,135.89999999999702,2054,410,163,3,0.02,2026-01-07T05:19:00
1919,TRAIN,DEATH,1221.000000000025,3685,306,268,2,0.02,2026-01-07T05:19:02
1920,TRAIN,DEATH,1126.500000000015,3958,312,262,2,0.02,2026-01-07T05:19:06
1921,TRAIN,DEATH,574.6999999999957,2859,369,205,2,0.02,2026-01-07T05:19:08
1922,TRAIN,DEATH,45.799999999997,1862,419,154,3,0.02,2026-01-07T05:19:09
1923,TRAIN,DEATH,2123.7000000000344,4839,213,361,2,0.02,2026-01-07T05:19:14
1924,TRAIN,DEATH,74.19999999999754,1930,417,156,3,0.02,2026-01-07T05:19:15
1925,TRAIN,DEATH,485.5999999999999,2599,375,198,3,0.02,2026-01-07T05:19:18
1926,TRAIN,DEATH,1015.0000000000036,3444,320,253,3,0.02,2026-01-07T05:19:20
1927,TRAIN,DEATH,202.39999999999702,2084,403,170,3,0.02,2026-01-07T05:19:22
1928,TRAIN,DEATH,692.8000000000034,2317,399,175,2,0.02,2026-01-07T05:19:24
1929,TRAIN,DEATH,314.8999999999961,2304,392,181,3,0.02,2026-01-07T05:19:25
1930,TRAIN,DEATH,821.2000000000085,2914,345,229,2,0.02,2026-01-07T05:19:28
1931,TRAIN,DEATH,29.299999999996885,1992,424,150,2,0.02,2026-01-07T05:19:30
1932,TRAIN,DEATH,782.6000000000058,2493,390,184,2,0.02,2026-01-07T05:19:31
1933,TRAIN,DEATH,703.900000000003,2710,378,196,2,0.02,2026-01-07T05:19:33
1934,TRAIN,DEATH,1325.9000000000174,2921,376,199,1,0.02,2026-01-07T05:19:36
1935,TRAIN,DEATH,475.999999999995,2320,376,197,3,0.02,2026-01-07T05:19:38
1936,TRAIN,DEATH,739.299999999999,2886,350,223,3,0.02,2026-01-07T05:19:40
1937,TRAIN,DEATH,18.699999999996635,1972,426,148,2,0.02,2026-01-07T05:19:42
1938,TRAIN,DEATH,272.19999999999675,2421,401,173,2,0.02,2026-01-07T05:19:44
1939,TRAIN,DEATH,848.3000000000072,3257,339,234,3,0.02,2026-01-07T05:19:46
1940,TRAIN,DEATH,351.79999999999984,2393,413,161,2,0.02,2026-01-07T05:19:48
1941,TRAIN,DEATH,1219.3000000000256,3557,348,227,1,0.02,2026-01-07T05:19:51
1942,TRAIN,DEATH,1450.5000000000255,3762,300,274,2,0.02,2026-01-07T05:19:55
1943,TRAIN,DEATH,865.8000000000188,3061,360,214,2,0.02,2026-01-07T05:19:57
1944,TRAIN,DEATH,801.2000000000082,2845,343,230,3,0.02,2026-01-07T05:20:00
1945,TRAIN,DEATH,851.3000000000029,2951,338,235,3,0.02,2026-01-07T05:20:02
1946,TRAIN,DEATH,1570.1000000000286,4174,290,284,2,0.02,2026-01-07T05:20:06
1947,TRAIN,DEATH,305.79999999999495,2431,397,177,2,0.02,2026-01-07T05:20:08
1948,TRAIN,DEATH,1159.0000000000164,4334,314,261,1,0.02,2026-01-07T05:20:11
1949,TRAIN,DEATH,-103.30000000000132,1654,434,139,3,0.02,2026-01-07T05:20:12
1950,TRAIN,DEATH,487.6999999999939,2862,374,199,3,0.02,2026-01-07T05:20:15
1951,TRAIN,DEATH,-92.60000000000139,1685,434,139,3,0.02,2026-01-07T05:20:16
1952,TRAIN,DEATH,1683.7000000000298,4985,260,315,1,0.02,2026-01-07T05:20:20
1953,TRAIN,DEATH,815.3000000000127,3016,344,230,2,0.02,2026-01-07T05:20:23
1954,TRAIN,DEATH,1251.10000000001,3573,322,252,2,0.02,2026-01-07T05:20:26
1955,TRAIN,DEATH,946.5000000000218,3531,350,224,2,0.02,2026-01-07T05:20:29
1956,TRAIN,DEATH,687.3000000000018,2756,354,219,3,0.02,2026-01-07T05:20:31
1957,TRAIN,DEATH,204.6999999999963,2136,404,169,3,0.02,2026-01-07T05:20:32
1958,TRAIN,DEATH,1306.000000000012,3504,316,258,2,0.02,2026-01-07T05:20:35
1959,TRAIN,DEATH,414.59999999999593,2306,382,191,3,0.02,2026-01-07T05:20:37
1960,TRAIN,DEATH,1118.5000000000073,3305,317,258,1,0.02,2026-01-07T05:20:39
1961,TRAIN,DEATH,823.9000000000083,3080,344,230,2,0.02,2026-01-07T05:20:42
1962,TRAIN,DEATH,1112.6000000000145,3282,339,236,1,0.02,2026-01-07T05:20:44
1963,TRAIN,DEATH,2220.0000000000427,5723,200,374,2,0.02,2026-01-07T05:20:49
1964,TRAIN,DEATH,255.39999999999623,1952,397,176,3,0.02,2026-01-07T05:20:50
1965,TRAIN,DEATH,757.5000000000039,2790,348,225,3,0.02,2026-01-07T05:20:53
1966,TRAIN,DEATH,961.5000000000114,3299,350,224,2,0.02,2026-01-07T05:20:56
1967,TRAIN,DEATH,1240.9000000000142,3769,300,274,2,0.02,2026-01-07T05:20:59
1968,TRAIN,DEATH,680.2000000000019,3034,354,219,3,0.02,2026-01-07T05:21:02
1969,TRAIN,DEATH,1173.7000000000203,3177,330,244,2,0.02,2026-01-07T05:21:04
1970,TRAIN,DEATH,841.000000000007,2830,362,212,2,0.02,2026-01-07T05:21:06
1971,TRAIN,DEATH,449.09999999999627,2489,381,193,2,0.02,2026-01-07T05:21:08
1972,TRAIN,DEATH,574.9000000000024,2548,389,185,2,0.02,2026-01-07T05:21:10
1973,TRAIN,DEATH,2062.7000000000367,5151,262,313,1,0.02,2026-01-07T05:21:14
1974,TRAIN,DEATH,1151.7000000000044,3034,356,219,1,0.02,2026-01-07T05:21:17
1975,TRAIN,DEATH,782.599999999999,3061,348,226,2,0.02,2026-01-07T05:21:19
1976,TRAIN,DEATH,508.90000000000384,2499,373,200,3,0.02,2026-01-07T05:21:22
1977,TRAIN,DEATH,91.19999999999652,1923,415,158,3,0.02,2026-01-07T05:21:23
1978,TRAIN,DEATH,118.39999999999577,2183,411,162,3,0.02,2026-01-07T05:21:25
1979,TRAIN,DEATH,1296.6000000000213,3549,299,276,1,0.02,2026-01-07T05:21:28
1980,TRAIN,DEATH,1038.0000000000025,3293,319,254,3,0.02,2026-01-07T05:21:31
1981,TRAIN,DEATH,403.6999999999957,2181,384,189,3,0.02,2026-01-07T05:21:33
1982,TRAIN,DEATH,1406.1000000000101,3866,306,268,2,0.02,2026-01-07T05:21:36
1983,TRAIN,DEATH,-58.90000000000197,2351,428,145,3,0.02,2026-01-07T05:21:38
1984,TRAIN,DEATH,2370.2000000000407,6654,208,366,2,0.02,2026-01-07T05:21:43
1985,TRAIN,DEATH,787.5000000000025,2575,365,208,3,0.02,2026-01-07T05:21:44
1986,TRAIN,DEATH,905.6000000000131,3103,357,217,2,0.02,2026-01-07T05:21:47
1987,TRAIN,DEATH,1124.0000000000177,3437,314,260,2,0.02,2026-01-07T05:21:51
1988,TRAIN,DEATH,1239.4,3083,343,231,2,0.02,2026-01-07T05:21:54
1989,TRAIN,DEATH,636.5000000000005,2883,360,213,3,0.02,2026-01-07T05:21:57
1990,TRAIN,DEATH,36.59999999999741,2147,424,150,2,0.02,2026-01-07T05:21:59
1991,TRAIN,DEATH,625.8000000000109,2673,381,192,3,0.02,2026-01-07T05:22:02
1992,TRAIN,DEATH,1424.2000000000235,4219,282,292,2,0.02,2026-01-07T05:22:05
1993,TRAIN,DEATH,616.6000000000045,2315,386,188,2,0.02,2026-01-07T05:22:07
1994,TRAIN,DEATH,505.799999999996,2332,397,177,2,0.02,2026-01-07T05:22:09
1995,TRAIN,DEATH,839.8000000000013,3181,342,232,2,0.02,2026-01-07T05:22:12
1996,TRAIN,DEATH,589.6000000000033,2571,368,206,2,0.02,2026-01-07T05:22:14
1997,TRAIN,DEATH,821.0000000000064,2986,365,209,2,0.02,2026-01-07T05:22:16
1998,TRAIN,DEATH,1252.700000000018,4084,300,274,2,0.02,2026-01-07T05:22:19
1999,TRAIN,DEATH,840.400000000003,3439,343,231,2,0.02,2026-01-07T05:22:22
2000,TRAIN,DEATH,918.4000000000017,3091,353,221,2,0.02,2026-01-07T05:22:24
2001,TRAIN,DEATH,1174.3000000000056,3438,329,245,2,0.02,2026-01-07T05:22:27
2002,TRAIN,DEATH,1098.8000000000166,3155,338,236,2,0.02,2026-01-07T05:22:29
2003,TRAIN,DEATH,23.399999999996908,1886,422,151,3,0.02,2026-01-07T05:22:31
2004,TRAIN,DEATH,1017.9000000000085,2773,370,205,1,0.02,2026-01-07T05:22:33
2005,TRAIN,DEATH,1430.6000000000242,3748,307,268,1,0.02,2026-01-07T05:22:36
2006,TRAIN,DEATH,123.29999999999791,2186,412,161,3,0.02,2026-01-07T05:22:38
2007,TRAIN,DEATH,179.9999999999958,2093,406,167,3,0.02,2026-01-07T05:22:39
2008,TRAIN,DEATH,466.09999999999513,2376,378,195,3,0.02,2026-01-07T05:22:41
2009,TRAIN,DEATH,391.29999999999507,2345,384,189,3,0.02,2026-01-07T05:22:43
2010,TRAIN,DEATH,378.8999999999951,2254,386,187,3,0.02,2026-01-07T05:22:45
2011,TRAIN,DEATH,726.3999999999999,2808,351,222,3,0.02,2026-01-07T05:22:47
2012,TRAIN,DEATH,1038.8000000000081,3029,343,231,2,0.02,2026-01-07T05:22:50
2013,TRAIN,DEATH,1512.8000000000213,4277,271,302,3,0.02,2026-01-07T05:22:53
2014,TRAIN,DEATH,476.89999999999486,2421,375,198,3,0.02,2026-01-07T05:22:55
2015,TRAIN,DEATH,1217.7000000000257,4164,300,273,3,0.02,2026-01-07T05:22:58
2016,TRAIN,DEATH,1925.3000000000243,4522,293,281,2,0.02,2026-01-07T05:23:02
2017,TRAIN,DEATH,657.3999999999994,2882,358,215,3,0.02,2026-01-07T05:23:05
2018,TRAIN,DEATH,763.0999999999995,2715,347,226,3,0.02,2026-01-07T05:23:07
2019,TRAIN,DEATH,802.4000000000128,3265,343,230,3,0.02,2026-01-07T05:23:09
2020,TRAIN,DEATH,744.0999999999997,3016,353,221,2,0.02,2026-01-07T05:23:12
2021,TRAIN,DEATH,441.999999999996,1888,424,150,2,0.02,2026-01-07T05:23:13
2022,TRAIN,DEATH,1396.9000000000285,4100,285,289,2,0.02,2026-01-07T05:23:16
2023,TRAIN,DEATH,1203.3000000000197,4161,303,270,3,0.02,2026-01-07T05:23:20
2024,TRAIN,DEATH,251.09999999999673,2114,399,174,3,0.02,2026-01-07T05:23:22
2025,TRAIN,DEATH,123.19999999999743,1909,411,162,3,0.02,2026-01-07T05:23:24
2026,TRAIN,DEATH,484.60000000000866,2884,375,198,3,0.02,2026-01-07T05:23:26
2027,TRAIN,DEATH,1909.2000000000353,4668,254,320,2,0.02,2026-01-07T05:23:30
2028,TRAIN,DEATH,908.8000000000015,3224,333,240,3,0.02,2026-01-07T05:23:33
2029,TRAIN,DEATH,-88.30000000000348,2017,432,141,3,0.02,2026-01-07T05:23:35
2030,TRAIN,DEATH,1709.5000000000323,3880,296,278,2,0.02,2026-01-07T05:23:38
2031,TRAIN,DEATH,1596.8000000000166,4183,261,312,3,0.02,2026-01-07T05:23:41
2032,TRAIN,DEATH,346.8999999999951,2356,389,184,3,0.02,2026-01-07T05:23:43
2033,TRAIN,DEATH,2308.8000000000247,4500,255,319,2,0.02,2026-01-07T05:23:46
2034,TRAIN,DEATH,321.899999999995,2327,390,183,3,0.02,2026-01-07T05:23:48
2035,TRAIN,DEATH,1717.7000000000266,4852,273,301,2,0.02,2026-01-07T05:23:52
2036,TRAIN,DEATH,121.49999999999568,1989,412,161,3,0.02,2026-01-07T05:23:54
2037,TRAIN,DEATH,1749.3000000000138,3769,295,280,1,0.02,2026-01-07T05:23:57
2038,TRAIN,DEATH,1366.7000000000141,3583,335,240,1,0.02,2026-01-07T05:23:59
2039,TRAIN,DEATH,353.59999999999627,2137,388,185,3,0.02,2026-01-07T05:24:01
2040,TRAIN,DEATH,796.0000000000048,3350,347,227,2,0.02,2026-01-07T05:24:04
2041,TRAIN,DEATH,634.8999999999971,2684,360,213,3,0.02,2026-01-07T05:24:07
2042,TRAIN,DEATH,233.2999999999962,2226,401,172,3,0.02,2026-01-07T05:24:09
2043,TRAIN,DEATH,409.5999999999966,2205,383,190,3,0.02,2026-01-07T05:24:10
2044,TRAIN,DEATH,1669.8000000000206,3494,324,251,1,0.02,2026-01-07T05:24:13
2045,TRAIN,DEATH,1066.8000000000193,2619,361,213,2,0.02,2026-01-07T05:24:16
2046,TRAIN,DEATH,1951.000000000034,4765,250,324,2,0.02,2026-01-07T05:24:19
2047,TRAIN,DEATH,354.79999999999586,2218,387,186,3,0.02,2026-01-07T05:24:21
2048,TRAIN,DEATH,915.7000000000087,2982,354,220,2,0.02,2026-01-07T05:24:24
2049,TRAIN,DEATH,2068.8000000000384,4856,259,315,2,0.02,2026-01-07T05:24:27
2050,TRAIN,DEATH,1049.1000000000067,3055,322,252,2,0.02,2026-01-07T05:24:30
2051,TRAIN,DEATH,771.7999999999984,2814,369,205,2,0.02,2026-01-07T05:24:32
2052,TRAIN,DEATH,845.5000000000091,3183,361,213,2,0.02,2026-01-07T05:24:35
2053,TRAIN,DEATH,1149.0000000000105,3507,312,262,2,0.02,2026-01-07T05:24:38
2054,TRAIN,DEATH,1617.8000000000197,3304,329,246,1,0.02,2026-01-07T05:24:41
2055,TRAIN,DEATH,1481.1000000000236,3899,303,272,1,0.02,2026-01-07T05:24:44
2056,TRAIN,DEATH,1966.9000000000365,4736,270,304,2,0.02,2026-01-07T05:24:47
2057,TRAIN,DEATH,532.2999999999997,2459,394,180,2,0.02,2026-01-07T05:24:49
2058,TRAIN,DEATH,1233.2000000000223,3745,323,251,2,0.02,2026-01-07T05:24:52
2059,TRAIN,DEATH,164.3999999999977,2026,430,144,2,0.02,2026-01-07T05:24:54
2060,TRAIN,DEATH,1100.5000000000066,2362,376,198,2,0.02,2026-01-07T05:24:56
2061,TRAIN,DEATH,987.3000000000065,2862,368,206,2,0.02,2026-01-07T05:24:58
2062,TRAIN,DEATH,897.599999999999,2659,357,217,2,0.02,2026-01-07T05:25:01
2063,TRAIN,DEATH,1594.9000000000142,4058,287,287,2,0.02,2026-01-07T05:25:04
2064,TRAIN,DEATH,409.79999999999825,2178,407,167,2,0.02,2026-01-07T05:25:06
2065,TRAIN,DEATH,1930.2000000000326,4544,254,320,2,0.02,2026-01-07T05:25:10
2066,TRAIN,DEATH,1293.800000000022,3638,294,279,3,0.02,2026-01-07T05:25:13
2067,TRAIN,DEATH,1776.400000000017,3732,312,263,1,0.02,2026-01-07T05:25:16
2068,TRAIN,DEATH,816.3000000000077,3122,364,210,2,0.02,2026-01-07T05:25:18
2069,TRAIN,DEATH,35.79999999999677,1980,424,150,2,0.02,2026-01-07T05:25:20
2070,TRAIN,DEATH,-3.5000000000027285,1856,425,148,3,0.02,2026-01-07T05:25:21
2071,TRAIN,DEATH,1803.9000000000306,5041,245,329,2,0.02,2026-01-07T05:25:25
2072,TRAIN,DEATH,1601.5000000000182,3741,310,265,1,0.02,2026-01-07T05:25:28
2073,TRAIN,DEATH,1105.600000000015,3641,312,261,3,0.02,2026-01-07T05:25:31
2074,TRAIN,DEATH,231.89999999999623,2423,400,173,3,0.02,2026-01-07T05:25:33
2075,TRAIN,DEATH,564.5999999999976,2387,368,205,3,0.02,2026-01-07T05:25:35
2076,TRAIN,DEATH,1660.40000000002,3722,302,273,1,0.02,2026-01-07T05:25:39
2077,TRAIN,DEATH,2148.9000000000265,4388,256,319,1,0.02,2026-01-07T05:25:42
2078,TRAIN,DEATH,1779.700000000017,4234,267,307,2,0.02,2026-01-07T05:25:45
2079,TRAIN,DEATH,1287.4000000000167,3764,340,235,1,0.02,2026-01-07T05:25:48
2080,TRAIN,DEATH,1400.7000000000162,3721,307,267,2,0.02,2026-01-07T05:25:51
2081,TRAIN,DEATH,505.899999999995,2445,373,200,3,0.02,2026-01-07T05:25:54
2082,TRAIN,DEATH,249.99999999999545,2231,399,174,3,0.02,2026-01-07T05:25:55
2083,TRAIN,DEATH,309.1999999999979,2251,392,181,3,0.02,2026-01-07T05:25:57
2084,TRAIN,DEATH,1130.9000000000094,3294,334,240,2,0.02,2026-01-07T05:26:00
2085,TRAIN,DEATH,828.3000000000093,3211,340,233,3,0.02,2026-01-07T05:26:03
2086,TRAIN,DEATH,1410.3000000000143,3472,329,246,1,0.02,2026-01-07T05:26:06
2087,TRAIN,DEATH,754.4000000000171,3010,356,219,1,0.02,2026-01-07T05:26:08
2088,TRAIN,DEATH,-282.9000000000023,1787,451,122,3,0.02,2026-01-07T05:26:10
2089,TRAIN,DEATH,638.6000000000106,2975,359,214,3,0.02,2026-01-07T05:26:13
2090,TRAIN,DEATH,897.1000000000058,2750,339,235,2,0.02,2026-01-07T05:26:15
2091,TRAIN,DEATH,970.000000000017,3437,330,244,2,0.02,2026-01-07T05:26:17
2092,TRAIN,DEATH,466.90000000000134,2785,376,197,3,0.02,2026-01-07T05:26:20
2093,TRAIN,DEATH,1192.100000000013,3526,328,246,2,0.02,2026-01-07T05:26:23
2094,TRAIN,DEATH,1045.800000000008,4069,340,234,2,0.02,2026-01-07T05:26:26
2095,TRAIN,DEATH,800.0000000000027,3338,343,230,3,0.02,2026-01-07T05:26:29
2096,TRAIN,DEATH,1704.5000000000255,4833,275,299,2,0.02,2026-01-07T05:26:33
2097,TRAIN,DEATH,1565.600000000024,3429,314,261,1,0.02,2026-01-07T05:26:36
2098,TRAIN,DEATH,502.5999999999972,2963,372,201,3,0.02,2026-01-07T05:26:38
2099,TRAIN,DEATH,1706.500000000019,4081,275,299,2,0.02,2026-01-07T05:26:41
2100,TRAIN,DEATH,914.7000000000139,2949,355,219,2,0.02,2026-01-07T05:26:44
2101,TRAIN,DEATH,528.3999999999942,2691,370,203,3,0.02,2026-01-07T05:26:46
2102,TRAIN,DEATH,1063.8000000000065,3123,316,257,3,0.02,2026-01-07T05:26:49
2103,TRAIN,DEATH,457.79999999999484,2425,377,196,3,0.02,2026-01-07T05:26:51
2104,TRAIN,DEATH,1393.400000000022,4522,284,290,2,0.02,2026-01-07T05:26:55
2105,TRAIN,DEATH,1146.800000000011,2843,356,219,1,0.02,2026-01-07T05:26:57
2106,TRAIN,DEATH,1223.0000000000127,3597,324,250,2,0.02,2026-01-07T05:27:00
2107,TRAIN,DEATH,828.100000000006,3174,369,206,1,0.02,2026-01-07T05:27:03
2108,TRAIN,DEATH,1189.1000000000176,4144,302,271,3,0.02,2026-01-07T05:27:07
2109,TRAIN,DEATH,1113.500000000015,3678,339,236,1,0.02,2026-01-07T05:27:10
2110,TRAIN,DEATH,1151.2000000000114,3010,332,242,2,0.02,2026-01-07T05:27:12
2111,TRAIN,DEATH,234.1999999999971,2365,402,172,2,0.02,2026-01-07T05:27:14
2112,TRAIN,DEATH,1224.8000000000186,3349,348,227,1,0.02,2026-01-07T05:27:17
2113,TRAIN,DEATH,622.2000000000196,3323,361,213,2,0.02,2026-01-07T05:27:20
2114,TRAIN,DEATH,1073.5000000000114,3455,320,255,1,0.02,2026-01-07T05:27:22
2115,TRAIN,DEATH,379.5999999999948,2545,385,188,3,0.02,2026-01-07T05:27:24
2116,TRAIN,DEATH,296.0999999999949,2674,396,178,2,0.02,2026-01-07T05:27:26
2117,TRAIN,DEATH,1200.1000000000217,3746,306,268,2,0.02,2026-01-07T05:27:29
2118,TRAIN,DEATH,977.2000000000198,3147,350,224,2,0.02,2026-01-07T05:27:32
2119,TRAIN,DEATH,668.5000000000095,2702,356,217,3,0.02,2026-01-07T05:27:34
2120,TRAIN,DEATH,516.4999999999942,2635,376,198,2,0.02,2026-01-07T05:27:37
2121,TRAIN,DEATH,953.2000000000085,3384,327,246,3,0.02,2026-01-07T05:27:40
2122,TRAIN,DEATH,1211.000000000011,3757,305,269,2,0.02,2026-01-07T05:27:43
2123,TRAIN,DEATH,413.8999999999962,2366,405,169,2,0.02,2026-01-07T05:27:45
2124,TRAIN,DEATH,980.8000000000129,3674,329,245,2,0.02,2026-01-07T05:27:48
2125,TRAIN,DEATH,1068.900000000004,3317,340,234,2,0.02,2026-01-07T05:27:51
2126,TRAIN,DEATH,1238.3000000000231,3819,302,272,2,0.02,2026-01-07T05:27:54
2127,TRAIN,DEATH,946.8000000000047,2987,333,241,2,0.02,2026-01-07T05:27:56
2128,TRAIN,DEATH,335.59999999999604,2265,389,184,3,0.02,2026-01-07T05:27:58
2129,TRAIN,DEATH,1553.4000000000142,4601,269,305,2,0.02,2026-01-07T05:28:02
2130,TRAIN,DEATH,273.5999999999955,2161,396,177,3,0.02,2026-01-07T05:28:04
2131,TRAIN,DEATH,1483.6000000000236,4092,276,298,2,0.02,2026-01-07T05:28:07
2132,TRAIN,DEATH,1910.8000000000347,4919,255,319,2,0.02,2026-01-07T05:28:12
2133,TRAIN,DEATH,268.09999999999775,2249,397,176,3,0.02,2026-01-07T05:28:13
2134,TRAIN,DEATH,2247.200000000033,4874,266,309,1,0.02,2026-01-07T05:28:17
2135,TRAIN,DEATH,948.2000000000116,2953,329,244,3,0.02,2026-01-07T05:28:19
2136,TRAIN,DEATH,2000.3000000000334,5111,245,329,2,0.02,2026-01-07T05:28:23
2137,TRAIN,DEATH,137.89999999999623,2025,410,163,3,0.02,2026-01-07T05:28:25
2138,TRAIN,DEATH,1767.7000000000235,4005,270,304,2,0.02,2026-01-07T05:28:28
2139,TRAIN,DEATH,719.7000000000091,3158,354,220,2,0.02,2026-01-07T05:28:31
2140,TRAIN,DEATH,494.8999999999993,2569,398,176,2,0.02,2026-01-07T05:28:33
2141,TRAIN,DEATH,1581.3000000000206,4410,311,264,1,0.02,2026-01-07T05:28:36
2142,TRAIN,DEATH,1544.0000000000284,3728,316,259,1,0.02,2026-01-07T05:28:39
2143,TRAIN,DEATH,921.0000000000134,3215,329,244,3,0.02,2026-01-07T05:28:42
2144,TRAIN,DEATH,1139.8000000000213,3541,360,216,0,0.02,2026-01-07T05:28:45
2145,TRAIN,DEATH,972.6000000000031,3202,326,247,3,0.02,2026-01-07T05:28:47
2146,TRAIN,DEATH,942.9000000000008,3277,329,244,3,0.02,2026-01-07T05:28:50
2147,TRAIN,DEATH,892.3000000000056,2930,334,239,3,0.02,2026-01-07T05:28:53
2148,TRAIN,DEATH,30.099999999995816,1967,420,153,3,0.02,2026-01-07T05:28:55
2149,TRAIN,DEATH,536.4999999999959,2678,370,203,3,0.02,2026-01-07T05:28:57
2150,TRAIN,DEATH,419.1999999999972,2385,381,192,3,0.02,2026-01-07T05:28:59
2151,TRAIN,DEATH,724.8000000000013,2962,374,200,2,0.02,2026-01-07T05:29:02
2152,TRAIN,DEATH,873.8000000000059,3023,335,238,3,0.02,2026-01-07T05:29:05
2153,TRAIN,DEATH,1982.9000000000242,4667,267,307,2,0.02,2026-01-07T05:29:08
2154,TRAIN,DEATH,859.20000000001,3233,338,235,3,0.02,2026-01-07T05:29:11
2155,TRAIN,DEATH,300.8999999999967,2136,394,179,3,0.02,2026-01-07T05:29:12
2156,TRAIN,DEATH,1178.300000000007,3222,329,245,2,0.02,2026-01-07T05:29:15
2157,TRAIN,DEATH,465.0999999999983,2455,401,173,2,0.02,2026-01-07T05:29:17
2158,TRAIN,DEATH,717.699999999998,2886,352,221,3,0.02,2026-01-07T05:29:20
2159,TRAIN,DEATH,486.69999999999936,2490,375,198,3,0.02,2026-01-07T05:29:22
2160,TRAIN,DEATH,548.3999999999974,2478,369,204,3,0.02,2026-01-07T05:29:24
2161,TRAIN,DEATH,452.89999999999816,2193,379,194,3,0.02,2026-01-07T05:29:25
2162,TRAIN,DEATH,1000.0000000000114,3334,323,250,3,0.02,2026-01-07T05:29:28
2163,TRAIN,DEATH,1247.4000000000208,3358,347,228,1,0.02,2026-01-07T05:29:31
2164,TRAIN,DEATH,1612.0000000000218,3637,305,269,2,0.02,2026-01-07T05:29:34
2165,TRAIN,DEATH,627.0999999999972,2774,361,212,3,0.02,2026-01-07T05:29:36
2166,TRAIN,DEATH,499.29999999999427,2511,372,201,3,0.02,2026-01-07T05:29:38
2167,TRAIN,DEATH,350.3999999999987,1879,414,160,2,0.02,2026-01-07T05:29:40
2168,TRAIN,DEATH,407.2999999999952,2266,384,189,3,0.02,2026-01-07T05:29:42
2169,TRAIN,DEATH,1337.8000000000145,3644,292,282,2,0.02,2026-01-07T05:29:45
2170,TRAIN,DEATH,552.9999999999982,2682,368,205,3,0.02,2026-01-07T05:29:47
2171,TRAIN,DEATH,-61.500000000000966,1774,431,142,3,0.02,2026-01-07T05:29:49
2172,TRAIN,DEATH,1249.1000000000242,4080,302,272,2,0.02,2026-01-07T05:29:53
2173,TRAIN,DEATH,502.8999999999935,2733,375,199,2,0.02,2026-01-07T05:29:55
2174,TRAIN,DEATH,1152.2000000000044,3578,315,260,1,0.02,2026-01-07T05:29:57
2175,TRAIN,DEATH,598.5999999999997,2650,387,187,2,0.02,2026-01-07T05:30:00
2176,TRAIN,DEATH,1296.700000000013,3380,326,250,0,0.02,2026-01-07T05:30:02
2177,TRAIN,DEATH,998.7000000000207,3335,348,226,2,0.02,2026-01-07T05:30:05
2178,TRAIN,DEATH,54.49999999999682,2149,421,153,2,0.02,2026-01-07T05:30:06
2179,TRAIN,DEATH,344.6999999999965,2457,393,181,2,0.02,2026-01-07T05:30:08
2180,TRAIN,DEATH,1299.2000000000137,3539,340,235,1,0.02,2026-01-07T05:30:11
2181,TRAIN,DEATH,478.9999999999949,2382,375,198,3,0.02,2026-01-07T05:30:13
2182,TRAIN,DEATH,627.0999999999985,2678,361,212,3,0.02,2026-01-07T05:30:15
2183,TRAIN,DEATH,1432.5000000000075,3677,302,272,2,0.02,2026-01-07T05:30:18
2184,TRAIN,DEATH,1271.5000000000082,3690,298,276,2,0.02,2026-01-07T05:30:21
2185,TRAIN,DEATH,32.79999999999745,1853,420,153,3,0.02,2026-01-07T05:30:22
2186,TRAIN,DEATH,-99.40000000000202,1624,434,139,3,0.02,2026-01-07T05:30:24
2187,TRAIN,DEATH,1043.1000000000176,3671,326,249,1,0.02,2026-01-07T05:30:27
2188,TRAIN,DEATH,1253.0000000000168,3395,323,251,2,0.02,2026-01-07T05:30:29
2189,TRAIN,DEATH,0.6999999999986244,1896,428,146,2,0.02,2026-01-07T05:30:31
2190,TRAIN,DEATH,747.6000000000058,2804,348,225,3,0.02,2026-01-07T05:30:34
2191,TRAIN,DEATH,1396.9000000000206,3487,327,247,2,0.02,2026-01-07T05:30:36
2192,TRAIN,DEATH,1358.300000000013,3558,310,264,2,0.02,2026-01-07T05:30:39
2193,TRAIN,DEATH,485.69999999999766,2780,374,199,3,0.02,2026-01-07T05:30:42
2194,TRAIN,DEATH,173.99999999999568,2050,407,166,3,0.02,2026-01-07T05:30:44
2195,TRAIN,DEATH,1266.9000000000265,3924,299,275,2,0.02,2026-01-07T05:30:47
2196,TRAIN,DEATH,233.49999999999716,2094,401,172,3,0.02,2026-01-07T05:30:49
2197,TRAIN,DEATH,1056.2000000000187,2864,342,232,2,0.02,2026-01-07T05:30:51
2198,TRAIN,DEATH,1435.300000000006,3315,327,248,1,0.02,2026-01-07T05:30:54
2199,TRAIN,DEATH,932.0000000000123,3257,337,238,1,0.02,2026-01-07T05:30:57
2200,TRAIN,DEATH,1245.6000000000176,3494,302,272,2,0.02,2026-01-07T05:31:00
2201,TRAIN,DEATH,41.79999999999711,1832,420,153,3,0.02,2026-01-07T05:31:02
2202,TRAIN,DEATH,1000.7000000000128,3381,323,250,3,0.02,2026-01-07T05:31:05
2203,TRAIN,DEATH,1179.700000000025,4129,308,266,2,0.02,2026-01-07T05:31:08
2204,TRAIN,DEATH,1009.3000000000211,3192,347,227,2,0.02,2026-01-07T05:31:11
2205,TRAIN,DEATH,104.79999999999757,1980,414,159,3,0.02,2026-01-07T05:31:13
2206,TRAIN,DEATH,764.7000000000057,3326,349,225,2,0.02,2026-01-07T05:31:15
2207,TRAIN,DEATH,370.3999999999952,2206,387,186,3,0.02,2026-01-07T05:31:17
2208,TRAIN,DEATH,642.6999999999966,2632,359,214,3,0.02,2026-01-07T05:31:19
2209,TRAIN,DEATH,10.299999999997624,2236,421,152,3,0.02,2026-01-07T05:31:21
2210,TRAIN,DEATH,2222.7000000000326,5180,224,350,2,0.02,2026-01-07T05:31:25
2211,TRAIN,DEATH,912.5000000000146,3313,336,238,2,0.02,2026-01-07T05:31:28
2212,TRAIN,DEATH,488.7999999999963,2328,376,197,3,0.02,2026-01-07T05:31:30
2213,TRAIN,DEATH,65.1999999999972,2253,417,156,3,0.02,2026-01-07T05:31:31
2214,TRAIN,DEATH,2255.1000000000413,5350,222,352,2,0.02,2026-01-07T05:31:35
2215,TRAIN,DEATH,2137.600000000044,5621,212,362,2,0.02,2026-01-07T05:31:40
2216,TRAIN,DEATH,1647.500000000019,4413,279,295,2,0.02,2026-01-07T05:31:44
2217,TRAIN,DEATH,1079.9000000000167,3813,338,236,2,0.02,2026-01-07T05:31:47
2218,TRAIN,DEATH,2381.7000000000203,4807,228,346,2,0.02,2026-01-07T05:31:51
2219,TRAIN,DEATH,2051.900000000041,5453,221,353,2,0.02,2026-01-07T05:31:55
2220,TRAIN,DEATH,1785.700000000032,4580,252,323,1,0.02,2026-01-07T05:31:58
2221,TRAIN,DEATH,1398.8000000000159,4318,286,288,2,0.02,2026-01-07T05:32:02
2222,TRAIN,DEATH,577.4999999999968,2467,370,204,2,0.02,2026-01-07T05:32:04
2223,TRAIN,DEATH,-215.40000000000333,1697,445,128,3,0.02,2026-01-07T05:32:06
2224,TRAIN,DEATH,883.3000000000127,2829,381,194,1,0.02,2026-01-07T05:32:08
2225,TRAIN,DEATH,1325.2000000000135,3570,315,259,2,0.02,2026-01-07T05:32:10
2226,TRAIN,DEATH,1162.0000000000234,3836,329,245,2,0.02,2026-01-07T05:32:13
2227,TRAIN,DEATH,822.1000000000058,3656,343,231,2,0.02,2026-01-07T05:32:16
2228,TRAIN,DEATH,771.2000000000164,3459,349,225,2,0.02,2026-01-07T05:32:19
2229,TRAIN,DEATH,1808.1000000000286,4379,274,302,0,0.02,2026-01-07T05:32:23
2230,TRAIN,DEATH,258.5999999999956,2284,398,175,3,0.02,2026-01-07T05:32:25
2231,TRAIN,DEATH,1250.6000000000088,3627,296,277,3,0.02,2026-01-07T05:32:28
2232,TRAIN,DEATH,1619.200000000019,3515,328,247,1,0.02,2026-01-07T05:32:30
2233,TRAIN,DEATH,1017.0000000000193,2788,365,209,2,0.02,2026-01-07T05:32:33
2234,TRAIN,DEATH,1199.5000000000211,3324,331,244,1,0.02,2026-01-07T05:32:36
2235,TRAIN,DEATH,1020.7000000000075,3904,322,252,2,0.02,2026-01-07T05:32:39
2236,TRAIN,DEATH,890.7000000000071,3016,335,238,3,0.02,2026-01-07T05:32:41
2237,TRAIN,DEATH,405.8999999999942,2523,383,190,3,0.02,2026-01-07T05:32:43
2238,TRAIN,DEATH,2325.90000000004,5564,213,361,2,0.02,2026-01-07T05:32:48
2239,TRAIN,DEATH,1679.8000000000225,4357,299,275,2,0.02,2026-01-07T05:32:52
2240,TRAIN,DEATH,1204.4000000000103,3049,350,225,1,0.02,2026-01-07T05:32:55
2241,TRAIN,DEATH,514.5000000000065,2443,372,201,3,0.02,2026-01-07T05:32:57
2242,TRAIN,DEATH,423.0999999999964,2259,382,191,3,0.02,2026-01-07T05:32:59
2243,TRAIN,DEATH,507.69999999999607,2417,373,200,3,0.02,2026-01-07T05:33:01
2244,TRAIN,DEATH,2057.5000000000327,4422,240,334,2,0.02,2026-01-07T05:33:04
2245,TRAIN,DEATH,1104.3000000000125,3518,311,262,3,0.02,2026-01-07T05:33:07
2246,TRAIN,DEATH,657.4000000000119,3121,362,212,2,0.02,2026-01-07T05:33:10
2247,TRAIN,DEATH,1760.700000000032,3941,291,283,2,0.02,2026-01-07T05:33:13
2248,TRAIN,DEATH,1129.000000000012,3687,313,261,2,0.02,2026-01-07T05:33:16
2249,TRAIN,DEATH,631.8000000000043,2714,364,210,2,0.02,2026-01-07T05:33:18
2250,TRAIN,DEATH,1608.2000000000335,4717,269,306,1,0.02,2026-01-07T05:33:21
2251,TRAIN,DEATH,1912.6000000000226,4340,259,316,1,0.02,2026-01-07T05:33:25
2252,TRAIN,DEATH,1306.6000000000101,3170,339,236,1,0.02,2026-01-07T05:33:28
2253,TRAIN,DEATH,1050.300000000008,3237,319,254,3,0.02,2026-01-07T05:33:30
2254,TRAIN,DEATH,1946.800000000037,4484,271,303,2,0.02,2026-01-07T05:33:34
2255,TRAIN,DEATH,510.6999999999956,2361,373,200,3,0.02,2026-01-07T05:33:36
2256,TRAIN,DEATH,1331.1000000000045,3200,313,261,2,0.02,2026-01-07T05:33:39
2257,TRAIN,DEATH,919.4000000000178,3570,332,241,3,0.02,2026-01-07T05:33:42
2258,TRAIN,DEATH,1830.700000000028,3969,268,307,1,0.02,2026-01-07T05:33:45
2259,TRAIN,DEATH,-111.70000000000203,1632,435,138,3,0.02,2026-01-07T05:33:46
2260,TRAIN,DEATH,1249.1000000000129,3442,323,251,2,0.02,2026-01-07T05:33:49
2261,TRAIN,DEATH,999.3000000000106,3184,326,248,2,0.02,2026-01-07T05:33:51
2262,TRAIN,DEATH,719.300000000002,3236,351,222,3,0.02,2026-01-07T05:33:54
2263,TRAIN,DEATH,1147.5000000000134,3638,332,242,2,0.02,2026-01-07T05:33:57
2264,TRAIN,DEATH,1165.0000000000202,3069,349,225,2,0.02,2026-01-07T05:34:00
2265,TRAIN,DEATH,912.4000000000115,2933,333,240,3,0.02,2026-01-07T05:34:02
2266,TRAIN,DEATH,-182.00000000000182,1796,442,131,3,0.02,2026-01-07T05:34:04
2267,TRAIN,DEATH,438.49999999999477,2369,380,193,3,0.02,2026-01-07T05:34:05
2268,TRAIN,DEATH,968.3000000000072,3065,327,246,3,0.02,2026-01-07T05:34:08
2269,TRAIN,DEATH,1014.4000000000156,2777,346,228,2,0.02,2026-01-07T05:34:11
2270,TRAIN,DEATH,2174.100000000035,5247,235,341,0,0.02,2026-01-07T05:34:15
2271,TRAIN,DEATH,1433.5000000000182,4230,280,294,2,0.02,2026-01-07T05:34:18
2272,TRAIN,DEATH,994.2000000000025,3403,322,251,3,0.02,2026-01-07T05:34:21
2273,TRAIN,DEATH,767.1000000000049,2778,345,228,3,0.02,2026-01-07T05:34:23
2274,TRAIN,DEATH,-385.4000000000022,1921,462,111,3,0.02,2026-01-07T05:34:24
2275,TRAIN,DEATH,1384.9000000000262,4125,291,284,1,0.02,2026-01-07T05:34:28
2276,TRAIN,DEATH,947.6999999999964,2986,371,203,2,0.02,2026-01-07T05:34:30
2277,TRAIN,DEATH,1239.5000000000211,3653,322,252,2,0.02,2026-01-07T05:34:33
2278,TRAIN,DEATH,939.9000000000117,2997,329,244,3,0.02,2026-01-07T05:34:36
2279,TRAIN,DEATH,331.0999999999967,2317,391,182,3,0.02,2026-01-07T05:34:38
2280,TRAIN,DEATH,247.19999999999607,2158,400,173,3,0.02,2026-01-07T05:34:40
2281,TRAIN,DEATH,357.2999999999962,2211,392,182,2,0.02,2026-01-07T05:34:42
2282,TRAIN,DEATH,526.9000000000012,2488,370,203,3,0.02,2026-01-07T05:34:44
2283,TRAIN,DEATH,280.2999999999962,2074,395,178,3,0.02,2026-01-07T05:34:46
2284,TRAIN,DEATH,1122.1000000000163,2883,335,239,2,0.02,2026-01-07T05:34:49
2285,TRAIN,DEATH,1478.100000000027,3980,275,298,3,0.02,2026-01-07T05:34:52
2286,TRAIN,DEATH,2051.000000000022,4062,281,293,2,0.02,2026-01-07T05:34:56
2287,TRAIN,DEATH,411.6999999999997,2331,383,190,3,0.02,2026-01-07T05:34:58
2288,TRAIN,DEATH,2102.600000000037,4875,240,335,1,0.02,2026-01-07T05:35:04
2289,TRAIN,DEATH,2274.20000000003,4280,266,310,0,0.02,2026-01-07T05:35:09
2290,TRAIN,DEATH,509.0999999999967,2315,397,177,2,0.02,2026-01-07T05:35:12
2291,TRAIN,DEATH,2340.2000000000344,4892,212,362,2,0.02,2026-01-07T05:35:17
2292,TRAIN,DEATH,341.5999999999965,2389,391,183,2,0.02,2026-01-07T05:35:19
2293,TRAIN,DEATH,1835.5000000000273,4210,281,293,2,0.02,2026-01-07T05:35:22
2294,TRAIN,DEATH,1557.3000000000293,4191,289,285,2,0.02,2026-01-07T05:35:26
2295,TRAIN,DEATH,1275.0000000000105,2837,340,234,2,0.02,2026-01-07T05:35:28
2296,TRAIN,DEATH,767.50000000001,3118,346,227,3,0.02,2026-01-07T05:35:30
2297,TRAIN,DEATH,832.900000000009,3211,340,233,3,0.02,2026-01-07T05:35:33
2298,TRAIN,DEATH,1468.2000000000226,3995,299,275,2,0.02,2026-01-07T05:35:36
2299,TRAIN,DEATH,1302.7000000000203,3182,340,235,1,0.02,2026-01-07T05:35:39
2300,TRAIN,DEATH,1222.7000000000191,3213,305,269,2,0.02,2026-01-07T05:35:42
2301,TRAIN,DEATH,1489.1000000000233,3520,321,254,1,0.02,2026-01-07T05:35:45
2302,TRAIN,DEATH,264.69999999999493,2309,398,175,3,0.02,2026-01-07T05:35:47
2303,TRAIN,DEATH,657.2999999999954,3213,362,212,2,0.02,2026-01-07T05:35:49
2304,TRAIN,DEATH,901.8000000000086,3573,336,238,2,0.02,2026-01-07T05:35:52
2305,TRAIN,DEATH,1501.9000000000196,3911,299,276,1,0.02,2026-01-07T05:35:55
2306,TRAIN,DEATH,1719.500000000021,4420,274,300,2,0.02,2026-01-07T05:35:59
2307,TRAIN,DEATH,1332.2000000000066,3618,290,283,3,0.02,2026-01-07T05:36:03
2308,TRAIN,DEATH,406.7999999999955,2677,384,190,2,0.02,2026-01-07T05:36:05
2309,TRAIN,DEATH,1514.100000000019,3437,314,260,2,0.02,2026-01-07T05:36:07
2310,TRAIN,DEATH,1164.6000000000192,3982,307,266,3,0.02,2026-01-07T05:36:10
2311,TRAIN,DEATH,1625.5000000000223,3834,285,289,2,0.02,2026-01-07T05:36:13
2312,TRAIN,DEATH,295.29999999999677,1979,395,178,3,0.02,2026-01-07T05:36:15
2313,TRAIN,DEATH,159.2999999999971,1998,407,166,3,0.02,2026-01-07T05:36:17
2314,TRAIN,DEATH,1754.7000000000266,4615,247,326,3,0.02,2026-01-07T05:36:21
2315,TRAIN,DEATH,902.5000000000005,2799,357,217,2,0.02,2026-01-07T05:36:23
2316,TRAIN,DEATH,669.3999999999976,2726,356,217,3,0.02,2026-01-07T05:36:25
2317,TRAIN,DEATH,887.0000000000182,3063,334,239,3,0.02,2026-01-07T05:36:27
2318,TRAIN,DEATH,953.000000000012,2604,353,221,2,0.02,2026-01-07T05:36:30
2319,TRAIN,DEATH,461.09999999999366,2913,381,193,2,0.02,2026-01-07T05:36:32
2320,TRAIN,DEATH,-131.40000000000214,1655,438,135,3,0.02,2026-01-07T05:36:33
2321,TRAIN,DEATH,1197.9000000000203,2998,346,228,2,0.02,2026-01-07T05:36:36
2322,TRAIN,DEATH,266.80000000000393,2467,397,176,3,0.02,2026-01-07T05:36:38
2323,TRAIN,DEATH,606.2999999999963,3055,363,211,2,0.02,2026-01-07T05:36:40
2324,TRAIN,DEATH,1172.6000000000167,3171,330,244,2,0.02,2026-01-07T05:36:43
2325,TRAIN,DEATH,1542.90000000003,5249,266,307,3,0.02,2026-01-07T05:36:48
2326,TRAIN,DEATH,851.7000000000071,3039,343,231,2,0.02,2026-01-07T05:36:51
2327,TRAIN,DEATH,302.7999999999944,2612,397,177,2,0.02,2026-01-07T05:36:53
2328,TRAIN,DEATH,1204.1000000000045,3690,350,225,1,0.02,2026-01-07T05:36:56
2329,TRAIN,DEATH,1093.100000000016,3393,337,237,2,0.02,2026-01-07T05:36:58
2330,TRAIN,DEATH,714.2000000000066,3121,351,222,3,0.02,2026-01-07T05:37:01
2331,TRAIN,DEATH,359.7999999999953,2375,388,185,3,0.02,2026-01-07T05:37:03
2332,TRAIN,DEATH,1063.600000000013,2654,361,213,2,0.02,2026-01-07T05:37:06
2333,TRAIN,DEATH,1665.6000000000295,4263,261,313,2,0.02,2026-01-07T05:37:09
2334,TRAIN,DEATH,636.6999999999957,2822,359,214,3,0.02,2026-01-07T05:37:11
2335,TRAIN,DEATH,1161.300000000013,3508,307,266,3,0.02,2026-01-07T05:37:14
2336,TRAIN,DEATH,1115.3000000000134,3429,339,236,1,0.02,2026-01-07T05:37:17
2337,TRAIN,DEATH,799.7000000000098,3064,348,226,2,0.02,2026-01-07T05:37:19
2338,TRAIN,DEATH,1201.5000000000143,3721,301,272,3,0.02,2026-01-07T05:37:22
2339,TRAIN,DEATH,1650.5000000000236,4113,282,292,2,0.02,2026-01-07T05:37:26
2340,TRAIN,DEATH,1239.6000000000063,3593,303,271,2,0.02,2026-01-07T05:37:29
2341,TRAIN,DEATH,34.699999999998454,1773,420,153,3,0.02,2026-01-07T05:37:30
2342,TRAIN,DEATH,884.300000000012,3651,334,239,3,0.02,2026-01-07T05:37:33
2343,TRAIN,DEATH,1369.8000000000159,3492,330,244,2,0.02,2026-01-07T05:37:36
2344,TRAIN,DEATH,1873.5000000000227,4763,242,333,1,0.02,2026-01-07T05:37:40
2345,TRAIN,DEATH,879.9000000000083,2910,335,238,3,0.02,2026-01-07T05:37:42
2346,TRAIN,DEATH,994.0000000000107,3302,328,246,2,0.02,2026-01-07T05:37:45
2347,TRAIN,DEATH,1030.4000000000142,3199,345,229,2,0.02,2026-01-07T05:37:48
2348,TRAIN,DEATH,294.99999999999557,2172,394,179,3,0.02,2026-01-07T05:37:49
2349,TRAIN,DEATH,475.7999999999972,2358,380,194,2,0.02,2026-01-07T05:37:51
2350,TRAIN,DEATH,843.6000000000045,2874,363,211,2,0.02,2026-01-07T05:37:53
2351,TRAIN,DEATH,640.0000000000045,2391,404,170,2,0.02,2026-01-07T05:37:55
2352,TRAIN,DEATH,122.59999999999832,1947,411,162,3,0.02,2026-01-07T05:37:57
2353,TRAIN,DEATH,1130.500000000012,3475,332,242,2,0.02,2026-01-07T05:38:00
2354,TRAIN,DEATH,1404.400000000015,3820,330,245,1,0.02,2026-01-07T05:38:03
2355,TRAIN,DEATH,1460.200000000023,3419,320,254,2,0.02,2026-01-07T05:38:06
2356,TRAIN,DEATH,770.5000000000066,2780,346,227,3,0.02,2026-01-07T05:38:08
2357,TRAIN,DEATH,836.4000000000042,3095,340,233,3,0.02,2026-01-07T05:38:11
2358,TRAIN,DEATH,307.6999999999954,2158,393,180,3,0.02,2026-01-07T05:38:13
2359,TRAIN,DEATH,922.4000000000133,3223,331,242,3,0.02,2026-01-07T05:38:16
2360,TRAIN,DEATH,1243.8000000000206,4068,320,254,2,0.02,2026-01-07T05:38:19
2361,TRAIN,DEATH,1052.8000000000068,3201,318,255,3,0.02,2026-01-07T05:38:22
2362,TRAIN,DEATH,712.2000000000039,3044,373,201,2,0.02,2026-01-07T05:38:24
2363,TRAIN,DEATH,565.5999999999999,2804,371,203,2,0.02,2026-01-07T05:38:26
2364,TRAIN,DEATH,1995.9000000000265,4781,246,328,2,0.02,2026-01-07T05:38:30
2365,TRAIN,DEATH,1466.6000000000217,4239,299,275,2,0.02,2026-01-07T05:38:34
2366,TRAIN,DEATH,1114.6000000000186,3512,312,261,3,0.02,2026-01-07T05:38:37
2367,TRAIN,DEATH,607.4999999999977,2683,385,189,2,0.02,2026-01-07T05:38:39
2368,TRAIN,DEATH,470.0999999999988,2677,376,197,3,0.02,2026-01-07T05:38:41
2369,TRAIN,DEATH,871.6000000000045,2945,335,238,3,0.02,2026-01-07T05:38:44
2370,TRAIN,DEATH,755.700000000011,2938,351,223,2,0.02,2026-01-07T05:38:46
2371,TRAIN,DEATH,1513.700000000031,4342,271,302,3,0.02,2026-01-07T05:38:50
2372,TRAIN,DEATH,775.6000000000051,3011,348,226,2,0.02,2026-01-07T05:38:52
2373,TRAIN,DEATH,1029.2000000000185,3075,348,227,1,0.02,2026-01-07T05:38:55
2374,TRAIN,DEATH,-19.30000000000166,1715,426,147,3,0.02,2026-01-07T05:38:56
2375,TRAIN,DEATH,417.69999999999527,2410,382,191,3,0.02,2026-01-07T05:38:58
2376,TRAIN,DEATH,309.39999999999475,2884,396,178,2,0.02,2026-01-07T05:39:00
2377,TRAIN,DEATH,203.3999999999961,2074,402,171,3,0.02,2026-01-07T05:39:02
2378,TRAIN,DEATH,331.59999999999536,2502,389,184,3,0.02,2026-01-07T05:39:04
2379,TRAIN,DEATH,1295.5000000000255,3916,297,277,2,0.02,2026-01-07T05:39:07
2380,TRAIN,DEATH,1240.1000000000095,3654,322,252,2,0.02,2026-01-07T05:39:10
2381,TRAIN,DEATH,860.5000000000041,3309,364,211,1,0.02,2026-01-07T05:39:13
2382,TRAIN,DEATH,1414.6000000000317,3941,324,250,2,0.02,2026-01-07T05:39:15
2383,TRAIN,DEATH,761.5000000000089,2800,351,223,2,0.02,2026-01-07T05:39:18
2384,TRAIN,DEATH,1627.3000000000266,3881,328,247,1,0.02,2026-01-07T05:39:21
2385,TRAIN,DEATH,809.2000000000137,3225,346,228,2,0.02,2026-01-07T05:39:23
2386,TRAIN,DEATH,1760.200000000019,3828,310,264,2,0.02,2026-01-07T05:39:27
2387,TRAIN,DEATH,631.7000000000044,3109,360,213,3,0.02,2026-01-07T05:39:29
2388,TRAIN,DEATH,719.900000000009,2399,400,175,1,0.02,2026-01-07T05:39:31
2389,TRAIN,DEATH,542.299999999997,2546,369,204,3,0.02,2026-01-07T05:39:33
2390,TRAIN,DEATH,1765.100000000018,4067,291,283,2,0.02,2026-01-07T05:39:37
2391,TRAIN,DEATH,530.6999999999957,2783,370,203,3,0.02,2026-01-07T05:39:39
2392,TRAIN,DEATH,1163.9000000000206,3107,330,244,2,0.02,2026-01-07T05:39:42
2393,TRAIN,DEATH,272.6999999999955,2183,396,177,3,0.02,2026-01-07T05:39:44
2394,TRAIN,DEATH,1761.8000000000293,4066,269,305,2,0.02,2026-01-07T05:39:47
2395,TRAIN,DEATH,1401.1000000000292,4264,305,269,2,0.02,2026-01-07T05:39:51
2396,TRAIN,DEATH,950.6000000000004,2950,371,203,2,0.02,2026-01-07T05:39:54
2397,TRAIN,DEATH,126.59999999999638,2079,416,158,2,0.02,2026-01-07T05:39:56
2398,TRAIN,DEATH,937.1000000000115,3270,333,241,2,0.02,2026-01-07T05:39:59
2399,TRAIN,DEATH,598.5000000000014,2804,388,186,2,0.02,2026-01-07T05:40:01
2400,TRAIN,DEATH,490.2999999999947,2511,374,199,3,0.02,2026-01-07T05:40:03
2401,TRAIN,DEATH,956.8000000000018,3652,327,246,3,0.02,2026-01-07T05:40:07
2402,TRAIN,DEATH,1399.7000000000219,3847,306,268,2,0.02,2026-01-07T05:40:10
2403,TRAIN,DEATH,1417.1000000000186,3969,281,292,3,0.02,2026-01-07T05:40:13
2404,TRAIN,DEATH,446.9000000000058,2603,378,195,3,0.02,2026-01-07T05:40:16
2405,TRAIN,DEATH,1828.900000000031,4086,287,288,1,0.02,2026-01-07T05:40:19
2406,TRAIN,DEATH,964.4000000000042,3014,351,223,2,0.02,2026-01-07T05:40:23
2407,TRAIN,DEATH,2022.600000000024,4314,268,307,1,0.02,2026-01-07T05:40:26
2408,TRAIN,DEATH,384.099999999995,2310,385,188,3,0.02,2026-01-07T05:40:28
2409,TRAIN,DEATH,1647.2000000000317,4270,305,270,1,0.02,2026-01-07T05:40:32
2410,TRAIN,DEATH,1078.0000000000164,3504,316,257,3,0.02,2026-01-07T05:40:34
2411,TRAIN,DEATH,617.7000000000044,2725,361,212,3,0.02,2026-01-07T05:40:37
2412,TRAIN,DEATH,167.5999999999957,2082,407,166,3,0.02,2026-01-07T05:40:39
2413,TRAIN,DEATH,337.80000000000337,2399,413,161,2,0.02,2026-01-07T05:40:41
2414,TRAIN,DEATH,942.9000000000169,2917,352,222,2,0.02,2026-01-07T05:40:43
2415,TRAIN,DEATH,1675.7000000000344,5077,277,297,2,0.02,2026-01-07T05:40:47
2416,TRAIN,DEATH,1691.9000000000242,4059,320,255,1,0.02,2026-01-07T05:40:50
2417,TRAIN,DEATH,1443.60000000002,4162,301,273,2,0.02,2026-01-07T05:40:53
2418,TRAIN,DEATH,805.600000000002,3044,342,231,3,0.02,2026-01-07T05:40:56
2419,TRAIN,DEATH,472.5999999999956,2421,377,196,3,0.02,2026-01-07T05:40:58
2420,TRAIN,DEATH,2744.2000000000507,6490,171,403,2,0.02,2026-01-07T05:41:03
2421,TRAIN,DEATH,1101.0000000000157,3125,341,234,1,0.02,2026-01-07T05:41:06
2422,TRAIN,DEATH,2233.200000000037,5067,203,371,2,0.02,2026-01-07T05:41:10
2423,TRAIN,DEATH,1032.2000000000203,3266,320,253,3,0.02,2026-01-07T05:41:12
2424,TRAIN,DEATH,477.70000000000766,2657,398,176,2,0.02,2026-01-07T05:41:14
2425,TRAIN,DEATH,1647.1000000000213,4903,262,312,2,0.02,2026-01-07T05:41:19
2426,TRAIN,DEATH,639.0000000000027,3226,403,171,2,0.02,2026-01-07T05:41:21
2427,TRAIN,DEATH,1055.8000000000177,3256,317,256,3,0.02,2026-01-07T05:41:24
2428,TRAIN,DEATH,1353.8000000000186,3690,310,264,2,0.02,2026-01-07T05:41:27
2429,TRAIN,DEATH,737.2000000000037,3043,353,221,2,0.02,2026-01-07T05:41:29
2430,TRAIN,DEATH,782.6999999999989,2635,349,225,2,0.02,2026-01-07T05:41:31
2431,TRAIN,DEATH,836.8000000000075,3111,338,235,3,0.02,2026-01-07T05:41:34
2432,TRAIN,DEATH,730.0999999999981,2697,349,224,3,0.02,2026-01-07T05:41:37
2433,TRAIN,DEATH,452.499999999995,2624,377,196,3,0.02,2026-01-07T05:41:39
2434,TRAIN,DEATH,842.8000000000122,2729,386,189,1,0.02,2026-01-07T05:41:41
2435,TRAIN,DEATH,1013.800000000002,2985,322,251,3,0.02,2026-01-07T05:41:43
2436,TRAIN,DEATH,1622.700000000017,3849,302,272,2,0.02,2026-01-07T05:41:47
2437,TRAIN,DEATH,1368.8000000000152,3971,286,287,3,0.02,2026-01-07T05:41:50
2438,TRAIN,DEATH,1098.3000000000195,3742,313,260,3,0.02,2026-01-07T05:41:53
2439,TRAIN,DEATH,2241.8000000000347,5691,201,373,2,0.02,2026-01-07T05:41:58
2440,TRAIN,DEATH,734.6000000000099,2764,374,200,2,0.02,2026-01-07T05:42:00
2441,TRAIN,DEATH,707.3000000000043,2861,355,219,2,0.02,2026-01-07T05:42:02
2442,TRAIN,DEATH,2421.4000000000233,3955,288,287,1,0.02,2026-01-07T05:42:06
2443,TRAIN,DEATH,2181.100000000035,5585,227,347,2,0.02,2026-01-07T05:42:10
2444,TRAIN,DEATH,1339.000000000005,3364,333,241,2,0.02,2026-01-07T05:42:13
2445,TRAIN,DEATH,397.4999999999957,2466,383,190,3,0.02,2026-01-07T05:42:15
2446,TRAIN,DEATH,640.7999999999977,2905,360,213,3,0.02,2026-01-07T05:42:18
2447,TRAIN,DEATH,701.7000000000057,3041,353,220,3,0.02,2026-01-07T05:42:20
2448,TRAIN,DEATH,419.5000000000001,2493,381,192,3,0.02,2026-01-07T05:42:23
2449,TRAIN,DEATH,1666.60000000002,4511,256,317,3,0.02,2026-01-07T05:42:26
2450,TRAIN,DEATH,628.2999999999965,2985,362,212,2,0.02,2026-01-07T05:42:28
2451,TRAIN,DEATH,177.89999999999668,1904,407,166,3,0.02,2026-01-07T05:42:30
2452,TRAIN,DEATH,880.7000000000007,3097,339,235,2,0.02,2026-01-07T05:42:33
2453,TRAIN,DEATH,744.5999999999997,2530,373,201,2,0.02,2026-01-07T05:42:35
2454,TRAIN,DEATH,373.9999999999949,2305,386,187,3,0.02,2026-01-07T05:42:37
2455,TRAIN,DEATH,2172.300000000034,4571,255,321,0,0.02,2026-01-07T05:42:40
2456,TRAIN,DEATH,1857.4000000000237,4643,263,312,1,0.02,2026-01-07T05:42:44
2457,TRAIN,DEATH,910.0000000000045,3221,337,237,2,0.02,2026-01-07T05:42:46
2458,TRAIN,DEATH,352.49999999999477,2336,387,186,3,0.02,2026-01-07T05:42:49
2459,TRAIN,DEATH,2201.8000000000357,5634,224,350,2,0.02,2026-01-07T05:42:54
2460,TRAIN,DEATH,924.5000000000036,3221,355,219,2,0.02,2026-01-07T05:42:56
2461,TRAIN,DEATH,1755.5000000000136,3840,290,284,2,0.02,2026-01-07T05:43:00
2462,TRAIN,DEATH,374.29999999999495,2321,386,187,3,0.02,2026-01-07T05:43:02
2463,TRAIN,DEATH,947.900000000001,3236,328,245,3,0.02,2026-01-07T05:43:05
2464,TRAIN,DEATH,1993.800000000022,4137,289,286,1,0.02,2026-01-07T05:43:08
2465,TRAIN,DEATH,960.5000000000091,2575,396,179,1,0.02,2026-01-07T05:43:10
2466,TRAIN,DEATH,491.899999999997,2479,374,199,3,0.02,2026-01-07T05:43:13
2467,TRAIN,DEATH,298.1999999999957,2393,392,181,3,0.02,2026-01-07T05:43:15
2468,TRAIN,DEATH,879.4000000000133,3065,336,237,3,0.02,2026-01-07T05:43:18
2469,TRAIN,DEATH,179.8999999999969,2078,406,167,3,0.02,2026-01-07T05:43:19
2470,TRAIN,DEATH,926.8000000000002,3028,355,219,2,0.02,2026-01-07T05:43:22
2471,TRAIN,DEATH,250.2999999999954,2397,398,175,3,0.02,2026-01-07T05:43:24
2472,TRAIN,DEATH,2162.7000000000417,5563,229,345,2,0.02,2026-01-07T05:43:28
2473,TRAIN,DEATH,969.4000000000106,3335,330,244,2,0.02,2026-01-07T05:43:31
2474,TRAIN,DEATH,807.6000000000004,2622,367,207,2,0.02,2026-01-07T05:43:33
2475,TRAIN,DEATH,1430.7000000000128,3688,323,251,2,0.02,2026-01-07T05:43:36
2476,TRAIN,DEATH,701.9000000000083,2600,376,198,2,0.02,2026-01-07T05:43:38
2477,TRAIN,DEATH,618.9999999999955,2657,385,189,2,0.02,2026-01-07T05:43:40
2478,TRAIN,DEATH,703.6000000000029,2307,378,196,2,0.02,2026-01-07T05:43:42
2479,TRAIN,DEATH,42.79999999999632,1911,420,153,3,0.02,2026-01-07T05:43:43
2480,TRAIN,DEATH,1886.0000000000177,3957,302,273,1,0.02,2026-01-07T05:43:46
2481,TRAIN,DEATH,1058.3000000000122,3226,339,235,2,0.02,2026-01-07T05:43:49
2482,TRAIN,DEATH,664.7000000000073,3028,364,211,1,0.02,2026-01-07T05:43:51
2483,TRAIN,DEATH,2568.7000000000403,5365,209,365,2,0.02,2026-01-07T05:43:56
2484,TRAIN,DEATH,771.5999999999997,3290,346,227,3,0.02,2026-01-07T05:43:59
2485,TRAIN,DEATH,1077.5000000000118,3505,338,236,2,0.02,2026-01-07T05:44:02
2486,TRAIN,DEATH,736.7999999999981,2950,349,224,3,0.02,2026-01-07T05:44:04
2487,TRAIN,DEATH,701.9000000000001,2306,398,176,2,0.02,2026-01-07T05:44:06
2488,TRAIN,DEATH,541.6999999999948,2541,369,204,3,0.02,2026-01-07T05:44:09
2489,TRAIN,DEATH,1684.7000000000385,5336,254,319,3,0.02,2026-01-07T05:44:13
2490,TRAIN,DEATH,182.69999999999675,1901,410,164,2,0.02,2026-01-07T05:44:14
2491,TRAIN,DEATH,1549.9000000000192,3756,276,299,1,0.02,2026-01-07T05:44:17
2492,TRAIN,DEATH,394.89999999999475,2411,384,189,3,0.02,2026-01-07T05:44:19
2493,TRAIN,DEATH,600.1999999999989,3173,363,210,3,0.02,2026-01-07T05:44:22
2494,TRAIN,DEATH,1008.5000000000211,3015,345,229,2,0.02,2026-01-07T05:44:25
2495,TRAIN,DEATH,1253.6000000000256,3777,298,275,3,0.02,2026-01-07T05:44:28
2496,TRAIN,DEATH,667.400000000008,2841,356,217,3,0.02,2026-01-07T05:44:30
2497,TRAIN,DEATH,742.9000000000044,2951,353,221,2,0.02,2026-01-07T05:44:32
2498,TRAIN,DEATH,18.29999999999768,1891,421,152,3,0.02,2026-01-07T05:44:34
2499,TRAIN,DEATH,1409.1000000000167,3603,306,268,2,0.02,2026-01-07T05:44:37
2500,TRAIN,DEATH,1157.8000000000063,3925,310,264,2,0.02,2026-01-07T05:44:40
2501,TRAIN,DEATH,-1.7000000000018076,1878,424,149,3,0.02,2026-01-07T05:44:41
2502,TRAIN,DEATH,1626.3000000000266,3927,290,286,0,0.02,2026-01-07T05:44:45
2503,TRAIN,DEATH,1494.6000000000301,4239,273,300,3,0.02,2026-01-07T05:44:48
2504,TRAIN,DEATH,2122.900000000028,4382,259,316,1,0.02,2026-01-07T05:44:52
2505,TRAIN,DEATH,1111.90000000002,3518,335,239,2,0.02,2026-01-07T05:44:55
2506,TRAIN,DEATH,95.39999999999486,2654,417,157,2,0.02,2026-01-07T05:44:56
2507,TRAIN,DEATH,621.2999999999963,2543,360,213,3,0.02,2026-01-07T05:44:58
2508,TRAIN,DEATH,742.1000000000058,3213,353,221,2,0.02,2026-01-07T05:45:02
2509,TRAIN,DEATH,704.3000000000056,2557,377,197,2,0.02,2026-01-07T05:45:03
2510,TRAIN,DEATH,514.9999999999962,3187,375,199,2,0.02,2026-01-07T05:45:06
2511,TRAIN,DEATH,827.6999999999991,3290,340,233,3,0.02,2026-01-07T05:45:09
2512,TRAIN,DEATH,1123.4000000000249,3774,310,263,3,0.02,2026-01-07T05:45:12
2513,TRAIN,DEATH,915.4000000000137,2892,332,241,3,0.02,2026-01-07T05:45:14
2514,TRAIN,DEATH,1270.600000000018,3621,295,278,3,0.02,2026-01-07T05:45:17
2515,TRAIN,DEATH,-299.80000000000234,1631,454,119,3,0.02,2026-01-07T05:45:19
2516,TRAIN,DEATH,368.5999999999964,2671,390,184,2,0.02,2026-01-07T05:45:21
2517,TRAIN,DEATH,368.3999999999952,2445,386,187,3,0.02,2026-01-07T05:45:23
2518,TRAIN,DEATH,431.0999999999949,2645,384,190,2,0.02,2026-01-07T05:45:25
2519,TRAIN,DEATH,1319.9000000000192,3115,335,239,2,0.02,2026-01-07T05:45:28
2520,TRAIN,DEATH,-21.900000000003388,1764,427,146,3,0.02,2026-01-07T05:45:29
2521,TRAIN,DEATH,1213.300000000007,3439,302,271,3,0.02,2026-01-07T05:45:33
2522,TRAIN,DEATH,600.999999999997,2679,371,204,1,0.02,2026-01-07T05:45:35
2523,TRAIN,DEATH,428.09999999999525,2398,381,192,3,0.02,2026-01-07T05:45:38
2524,TRAIN,DEATH,1265.5000000000255,4602,295,278,3,0.02,2026-01-07T05:45:42
2525,TRAIN,DEATH,1124.0000000000132,3238,354,220,2,0.02,2026-01-07T05:45:45
2526,TRAIN,DEATH,1316.0000000000107,3814,290,283,3,0.02,2026-01-07T05:45:48
2527,TRAIN,DEATH,1247.2000000000182,3628,296,277,3,0.02,2026-01-07T05:45:51
2528,TRAIN,DEATH,1519.6000000000186,3674,319,256,1,0.02,2026-01-07T05:45:54
2529,TRAIN,DEATH,681.9999999999973,3262,354,219,3,0.02,2026-01-07T05:45:57
2530,TRAIN,DEATH,345.0999999999965,2081,390,183,3,0.02,2026-01-07T05:45:59
2531,TRAIN,DEATH,1006.6000000000206,3576,346,228,2,0.02,2026-01-07T05:46:02
2532,TRAIN,DEATH,699.4000000000099,2727,354,219,3,0.02,2026-01-07T05:46:04
2533,TRAIN,DEATH,638.099999999997,2828,363,211,2,0.02,2026-01-07T05:46:07
2534,TRAIN,DEATH,123.4999999999958,2081,411,162,3,0.02,2026-01-07T05:46:09
2535,TRAIN,DEATH,1443.9000000000237,3581,345,230,1,0.02,2026-01-07T05:46:11
2536,TRAIN,DEATH,680.9000000000115,2648,359,215,2,0.02,2026-01-07T05:46:14
2537,TRAIN,DEATH,1058.1000000000147,3380,319,255,2,0.02,2026-01-07T05:46:16
2538,TRAIN,DEATH,584.4000000000015,2230,390,184,2,0.02,2026-01-07T05:46:18
2539,TRAIN,DEATH,324.2999999999994,2450,397,178,1,0.02,2026-01-07T05:46:20
2540,TRAIN,DEATH,740.5999999999976,2701,353,221,2,0.02,2026-01-07T05:46:22
2541,TRAIN,DEATH,-48.20000000000141,1912,429,144,3,0.02,2026-01-07T05:46:24
2542,TRAIN,DEATH,556.3999999999953,2692,368,205,3,0.02,2026-01-07T05:46:26
2543,TRAIN,DEATH,1672.300000000027,4115,261,314,1,0.02,2026-01-07T05:46:29
2544,TRAIN,DEATH,1231.100000000018,3121,324,250,2,0.02,2026-01-07T05:46:32
2545,TRAIN,DEATH,84.69999999999698,1846,415,158,3,0.02,2026-01-07T05:46:34
2546,TRAIN,DEATH,491.9999999999974,2646,374,199,3,0.02,2026-01-07T05:46:36
2547,TRAIN,DEATH,522.4999999999931,2929,370,203,3,0.02,2026-01-07T05:46:39
2548,TRAIN,DEATH,587.9000000000001,2737,369,205,2,0.02,2026-01-07T05:46:41
2549,TRAIN,DEATH,1492.2000000000282,3959,297,277,2,0.02,2026-01-07T05:46:45
2550,TRAIN,DEATH,563.9000000000042,2489,367,206,3,0.02,2026-01-07T05:46:47
2551,TRAIN,DEATH,1645.9000000000224,3381,303,271,2,0.02,2026-01-07T05:46:50
2552,TRAIN,DEATH,1030.300000000013,3347,318,255,3,0.02,2026-01-07T05:46:53
2553,TRAIN,DEATH,1235.100000000016,3419,328,247,1,0.02,2026-01-07T05:46:56
2554,TRAIN,DEATH,1201.0000000000157,3695,305,269,2,0.02,2026-01-07T05:46:59
2555,TRAIN,DEATH,1280.6000000000188,3073,343,232,1,0.02,2026-01-07T05:47:01
2556,TRAIN,DEATH,639.8000000000059,2543,360,213,3,0.02,2026-01-07T05:47:04
2557,TRAIN,DEATH,1389.3000000000222,3561,283,290,3,0.02,2026-01-07T05:47:07
2558,TRAIN,DEATH,1000.6000000000186,3228,347,227,2,0.02,2026-01-07T05:47:10
2559,TRAIN,DEATH,1309.00000000002,3731,291,282,3,0.02,2026-01-07T05:47:13
2560,TRAIN,DEATH,604.9999999999989,2677,366,208,2,0.02,2026-01-07T05:47:15
2561,TRAIN,DEATH,817.3000000000056,2860,342,231,3,0.02,2026-01-07T05:47:17
2562,TRAIN,DEATH,1327.100000000025,3696,294,280,2,0.02,2026-01-07T05:47:20
2563,TRAIN,DEATH,-15.500000000002615,1729,426,147,3,0.02,2026-01-07T05:47:22
2564,TRAIN,DEATH,218.79999999999586,2128,402,171,3,0.02,2026-01-07T05:47:24
2565,TRAIN,DEATH,1246.200000000019,3560,326,249,1,0.02,2026-01-07T05:47:27
2566,TRAIN,DEATH,774.700000000003,3191,352,223,1,0.02,2026-01-07T05:47:29
2567,TRAIN,DEATH,587.699999999996,2522,368,206,2,0.02,2026-01-07T05:47:31
2568,TRAIN,DEATH,835.3000000000106,2942,340,233,3,0.02,2026-01-07T05:47:33
2569,TRAIN,DEATH,1020.6000000000158,3209,349,226,1,0.02,2026-01-07T05:47:36
2570,TRAIN,DEATH,376.99999999999534,2205,386,187,3,0.02,2026-01-07T05:47:38
2571,TRAIN,DEATH,1932.5000000000405,5373,257,318,1,0.02,2026-01-07T05:47:42
2572,TRAIN,DEATH,1634.9000000000278,4323,286,289,1,0.02,2026-01-07T05:47:46
2573,TRAIN,DEATH,454.1999999999978,2317,377,196,3,0.02,2026-01-07T05:47:48
2574,TRAIN,DEATH,1918.300000000032,4879,257,318,1,0.02,2026-01-07T05:47:52
2575,TRAIN,DEATH,1910.8000000000338,4837,254,320,2,0.02,2026-01-07T05:47:56
2576,TRAIN,DEATH,1265.8000000000106,2976,345,230,1,0.02,2026-01-07T05:47:58
2577,TRAIN,DEATH,1023.400000000013,2984,346,228,2,0.02,2026-01-07T05:48:01
2578,TRAIN,DEATH,513.299999999997,2289,396,178,2,0.02,2026-01-07T05:48:03
2579,TRAIN,DEATH,1485.9000000000171,3685,299,275,2,0.02,2026-01-07T05:48:06
2580,TRAIN,DEATH,835.1000000000074,2702,363,211,2,0.02,2026-01-07T05:48:08
2581,TRAIN,DEATH,1663.2000000000294,4067,280,294,2,0.02,2026-01-07T05:48:12
2582,TRAIN,DEATH,1368.2000000000144,3394,333,242,1,0.02,2026-01-07T05:48:14
2583,TRAIN,DEATH,1204.7000000000226,3412,350,225,1,0.02,2026-01-07T05:48:17
2584,TRAIN,DEATH,911.5000000000132,2659,356,218,2,0.02,2026-01-07T05:48:20
2585,TRAIN,DEATH,-566.7000000000003,1041,482,91,3,0.02,2026-01-07T05:48:21
2586,TRAIN,DEATH,1339.4000000000049,3449,312,262,2,0.02,2026-01-07T05:48:24
2587,TRAIN,DEATH,288.39999999999475,2300,395,178,3,0.02,2026-01-07T05:48:26
2588,TRAIN,DEATH,756.8000000000084,3187,348,225,3,0.02,2026-01-07T05:48:28
2589,TRAIN,DEATH,1360.2000000000169,3148,334,241,1,0.02,2026-01-07T05:48:31
2590,TRAIN,DEATH,1659.6000000000272,3718,301,273,2,0.02,2026-01-07T05:48:34
2591,TRAIN,DEATH,1062.399999999998,2511,366,209,1,0.02,2026-01-07T05:48:36
2592,TRAIN,DEATH,287.1999999999954,2207,395,178,3,0.02,2026-01-07T05:48:38
2593,TRAIN,DEATH,351.59999999999604,2480,391,183,2,0.02,2026-01-07T05:48:40
2594,TRAIN,DEATH,628.6999999999975,2456,385,189,2,0.02,2026-01-07T05:48:42
2595,TRAIN,DEATH,362.6999999999947,2373,386,187,3,0.02,2026-01-07T05:48:44
2596,TRAIN,DEATH,459.29999999999495,2299,378,195,3,0.02,2026-01-07T05:48:46
2597,TRAIN,DEATH,333.79999999999757,2082,390,183,3,0.02,2026-01-07T05:48:48
2598,TRAIN,DEATH,327.599999999995,2241,391,182,3,0.02,2026-01-07T05:48:50
2599,TRAIN,DEATH,432.7999999999954,2342,379,194,3,0.02,2026-01-07T05:48:52
2600,TRAIN,DEATH,1124.1000000000145,3316,314,260,2,0.02,2026-01-07T05:48:54
2601,TRAIN,DEATH,1602.6000000000145,3777,325,249,2,0.02,2026-01-07T05:48:57
2602,TRAIN,DEATH,427.69999999999493,2579,379,194,3,0.02,2026-01-07T05:48:59
2603,TRAIN,DEATH,1598.2000000000207,3252,311,264,1,0.02,2026-01-07T05:49:02
2604,TRAIN,DEATH,756.8000000000052,2693,371,203,2,0.02,2026-01-07T05:49:04
2605,TRAIN,DEATH,2201.4000000000415,5406,210,365,1,0.02,2026-01-07T05:49:09
2606,TRAIN,DEATH,429.69999999999516,2476,381,192,3,0.02,2026-01-07T05:49:11
2607,TRAIN,DEATH,668.0000000000111,2813,380,194,2,0.02,2026-01-07T05:49:13
2608,TRAIN,DEATH,561.0,2308,392,182,2,0.02,2026-01-07T05:49:15
2609,TRAIN,DEATH,1008.8000000000093,3292,330,245,1,0.02,2026-01-07T05:49:18
2610,TRAIN,DEATH,681.4999999999991,2702,379,195,2,0.02,2026-01-07T05:49:20
2611,TRAIN,DEATH,35.89999999999782,1754,421,152,3,0.02,2026-01-07T05:49:21
2612,TRAIN,DEATH,508.6999999999955,2184,397,177,2,0.02,2026-01-07T05:49:23
2613,TRAIN,DEATH,734.4999999999973,2941,375,200,1,0.02,2026-01-07T05:49:26
2614,TRAIN,DEATH,708.4000000000003,2411,377,197,2,0.02,2026-01-07T05:49:28
2615,TRAIN,DEATH,148.09999999999593,2185,412,162,2,0.02,2026-01-07T05:49:30
2616,TRAIN,DEATH,299.6999999999957,2400,393,180,3,0.02,2026-01-07T05:49:32
2617,TRAIN,DEATH,1878.300000000037,4939,259,315,2,0.02,2026-01-07T05:49:36
2618,TRAIN,DEATH,570.6999999999971,2490,367,206,3,0.02,2026-01-07T05:49:38
2619,TRAIN,DEATH,479.5999999999967,2411,374,199,3,0.02,2026-01-07T05:49:40
2620,TRAIN,DEATH,981.900000000001,3097,333,242,1,0.02,2026-01-07T05:49:43
2621,TRAIN,DEATH,516.5999999999988,2689,372,201,3,0.02,2026-01-07T05:49:45
2622,TRAIN,DEATH,279.29999999999757,2182,400,174,2,0.02,2026-01-07T05:49:47
2623,TRAIN,DEATH,698.2000000000035,2874,358,216,2,0.02,2026-01-07T05:49:49
2624,TRAIN,DEATH,1320.9000000000149,3164,338,237,1,0.02,2026-01-07T05:49:52
2625,TRAIN,DEATH,394.39999999999543,2555,385,188,3,0.02,2026-01-07T05:49:54
2626,TRAIN,DEATH,752.700000000003,2522,390,184,2,0.02,2026-01-07T05:49:56
2627,TRAIN,DEATH,510.4999999999968,2467,372,201,3,0.02,2026-01-07T05:49:59
2628,TRAIN,DEATH,2749.8000000000466,6135,194,381,1,0.02,2026-01-07T05:50:04
2629,TRAIN,DEATH,1292.0000000000066,3364,342,233,1,0.02,2026-01-07T05:50:06
2630,TRAIN,DEATH,1238.500000000023,3575,319,254,3,0.02,2026-01-07T05:50:09
2631,TRAIN,DEATH,772.3999999999992,3068,345,228,3,0.02,2026-01-07T05:50:12
2632,TRAIN,DEATH,1796.0000000000277,4157,291,284,1,0.02,2026-01-07T05:50:15
2633,TRAIN,DEATH,363.8999999999952,2352,391,183,2,0.02,2026-01-07T05:50:17
2634,TRAIN,DEATH,73.39999999999554,1963,416,157,3,0.02,2026-01-07T05:50:19
2635,TRAIN,DEATH,1246.2000000000182,3618,321,253,2,0.02,2026-01-07T05:50:22
2636,TRAIN,DEATH,736.2000000000166,3001,349,224,3,0.02,2026-01-07T05:50:24
2637,TRAIN,DEATH,548.6000000000015,2501,371,203,2,0.02,2026-01-07T05:50:26
2638,TRAIN,DEATH,1537.5000000000255,4189,296,279,1,0.02,2026-01-07T05:50:29
2639,TRAIN,DEATH,1252.1000000000136,3382,302,272,2,0.02,2026-01-07T05:50:32
2640,TRAIN,DEATH,1086.400000000016,2962,359,215,2,0.02,2026-01-07T05:50:35
2641,TRAIN,DEATH,1105.900000000013,3357,313,260,3,0.02,2026-01-07T05:50:38
2642,TRAIN,DEATH,1304.300000000027,3777,317,257,2,0.02,2026-01-07T05:50:41
2643,TRAIN,DEATH,958.0000000000182,3187,351,223,2,0.02,2026-01-07T05:50:44
2644,TRAIN,DEATH,1867.0000000000355,5205,246,330,0,0.02,2026-01-07T05:50:48
2645,TRAIN,DEATH,430.5999999999947,2452,380,193,3,0.02,2026-01-07T05:50:50
2646,TRAIN,DEATH,2143.400000000028,4825,280,296,0,0.02,2026-01-07T05:50:54
2647,TRAIN,DEATH,998.7000000000153,2817,366,208,2,0.02,2026-01-07T05:50:56
2648,TRAIN,DEATH,1039.5000000000155,2909,342,232,2,0.02,2026-01-07T05:50:59
2649,TRAIN,DEATH,630.7000000000053,2943,360,213,3,0.02,2026-01-07T05:51:01
2650,TRAIN,DEATH,973.2000000000119,3268,325,248,3,0.02,2026-01-07T05:51:04
2651,TRAIN,DEATH,2849.500000000042,5325,225,350,1,0.02,2026-01-07T05:51:08
2652,TRAIN,DEATH,724.1000000000008,3086,374,200,2,0.02,2026-01-07T05:51:10
2653,TRAIN,DEATH,1286.7000000000144,3646,293,280,3,0.02,2026-01-07T05:51:14
2654,TRAIN,DEATH,24.599999999997976,1744,422,151,3,0.02,2026-01-07T05:51:15
2655,TRAIN,DEATH,446.9999999999976,2987,377,196,3,0.02,2026-01-07T05:51:18
2656,TRAIN,DEATH,639.7000000000107,2883,360,213,3,0.02,2026-01-07T05:51:21
2657,TRAIN,DEATH,340.39999999999475,2399,389,184,3,0.02,2026-01-07T05:51:23
2658,TRAIN,DEATH,397.89999999999554,2234,384,189,3,0.02,2026-01-07T05:51:24
2659,TRAIN,DEATH,690.7999999999984,2882,355,218,3,0.02,2026-01-07T05:51:26
2660,TRAIN,DEATH,1031.3000000000134,3486,320,253,3,0.02,2026-01-07T05:51:29
2661,TRAIN,DEATH,1893.2000000000248,4158,281,294,1,0.02,2026-01-07T05:51:33
2662,TRAIN,DEATH,528.6999999999944,2606,371,202,3,0.02,2026-01-07T05:51:35
2663,TRAIN,DEATH,740.000000000005,2619,377,198,1,0.02,2026-01-07T05:51:37
2664,TRAIN,DEATH,1497.7000000000176,3345,298,276,2,0.02,2026-01-07T05:51:40
2665,TRAIN,DEATH,1994.000000000031,4289,247,327,2,0.02,2026-01-07T05:51:44
2666,TRAIN,DEATH,130.6999999999963,2036,415,159,2,0.02,2026-01-07T05:51:46
2667,TRAIN,DEATH,-129.20000000000073,1652,437,136,3,0.02,2026-01-07T05:51:47
2668,TRAIN,DEATH,606.4999999999982,2637,367,207,2,0.02,2026-01-07T05:51:50
2669,TRAIN,DEATH,491.0000000000008,2239,399,175,2,0.02,2026-01-07T05:51:51
2670,TRAIN,DEATH,586.6999999999998,2545,366,207,3,0.02,2026-01-07T05:51:53
2671,TRAIN,DEATH,542.699999999996,2613,391,183,2,0.02,2026-01-07T05:51:56
2672,TRAIN,DEATH,1010.5000000000105,3150,321,252,3,0.02,2026-01-07T05:51:58
2673,TRAIN,DEATH,1984.8000000000293,5022,251,324,1,0.02,2026-01-07T05:52:03
2674,TRAIN,DEATH,127.79999999999609,1983,410,163,3,0.02,2026-01-07T05:52:04
2675,TRAIN,DEATH,588.2999999999993,2818,364,209,3,0.02,2026-01-07T05:52:07
2676,TRAIN,DEATH,-81.400000000001,2027,431,142,3,0.02,2026-01-07T05:52:09
2677,TRAIN,DEATH,1832.8000000000293,4384,264,310,2,0.02,2026-01-07T05:52:13
2678,TRAIN,DEATH,2321.600000000035,5518,193,381,2,0.02,2026-01-07T05:52:17
2679,TRAIN,DEATH,1108.8000000000088,3104,356,218,2,0.02,2026-01-07T05:52:20
2680,TRAIN,DEATH,472.1999999999947,2407,376,197,3,0.02,2026-01-07T05:52:22
2681,TRAIN,DEATH,415.59999999999604,2139,382,191,3,0.02,2026-01-07T05:52:23
2682,TRAIN,DEATH,582.3000000000011,3053,365,208,3,0.02,2026-01-07T05:52:26
2683,TRAIN,DEATH,117.3999999999968,2012,413,160,3,0.02,2026-01-07T05:52:28
2684,TRAIN,DEATH,387.0999999999947,2467,385,188,3,0.02,2026-01-07T05:52:30
2685,TRAIN,DEATH,1626.700000000018,3855,283,291,2,0.02,2026-01-07T05:52:33
2686,TRAIN,DEATH,1321.0000000000168,3538,314,260,2,0.02,2026-01-07T05:52:35
2687,TRAIN,DEATH,1346.700000000009,3642,312,262,2,0.02,2026-01-07T05:52:38
2688,TRAIN,DEATH,733.700000000005,2578,374,200,2,0.02,2026-01-07T05:52:41
2689,TRAIN,DEATH,1115.3000000000047,3362,311,262,3,0.02,2026-01-07T05:52:44
2690,TRAIN,DEATH,169.99999999999704,2046,407,166,3,0.02,2026-01-07T05:52:46
2691,TRAIN,DEATH,-120.90000000000089,1809,436,137,3,0.02,2026-01-07T05:52:47
2692,TRAIN,DEATH,654.4000000000033,2361,362,212,2,0.02,2026-01-07T05:52:49
2693,TRAIN,DEATH,1056.5000000000055,3369,318,255,3,0.02,2026-01-07T05:52:52
2694,TRAIN,DEATH,2175.4000000000356,4752,252,323,1,0.02,2026-01-07T05:52:56
2695,TRAIN,DEATH,483.09999999999684,2352,376,197,3,0.02,2026-01-07T05:52:59
2696,TRAIN,DEATH,403.9999999999984,1979,408,166,2,0.02,2026-01-07T05:53:00
2697,TRAIN,DEATH,1176.5000000000146,3402,330,244,2,0.02,2026-01-07T05:53:03
2698,TRAIN,DEATH,314.69999999999595,1978,392,181,3,0.02,2026-01-07T05:53:05
2699,TRAIN,DEATH,1017.1000000000022,2793,365,209,2,0.02,2026-01-07T05:53:07
2700,TRAIN,DEATH,1116.500000000021,3291,334,240,2,0.02,2026-01-07T05:53:09
2701,TRAIN,DEATH,309.6999999999963,2180,415,159,2,0.02,2026-01-07T05:53:11
2702,TRAIN,DEATH,91.19999999999754,1947,415,158,3,0.02,2026-01-07T05:53:13
2703,TRAIN,DEATH,603.8000000000029,2727,364,209,3,0.02,2026-01-07T05:53:16
2704,TRAIN,DEATH,457.69999999999527,2259,378,195,3,0.02,2026-01-07T05:53:17
2705,TRAIN,DEATH,1366.3000000000118,3320,309,265,2,0.02,2026-01-07T05:53:20
2706,TRAIN,DEATH,2248.500000000038,5474,221,353,2,0.02,2026-01-07T05:53:25
2707,TRAIN,DEATH,1250.6000000000045,3947,297,276,3,0.02,2026-01-07T05:53:28
2708,TRAIN,DEATH,837.4999999999998,2968,338,235,3,0.02,2026-01-07T05:53:30
2709,TRAIN,DEATH,1445.900000000028,4232,279,294,3,0.02,2026-01-07T05:53:34
2710,TRAIN,DEATH,2136.900000000031,4399,256,319,1,0.02,2026-01-07T05:53:38
2711,TRAIN,DEATH,511.1999999999938,2814,373,200,3,0.02,2026-01-07T05:53:40
2712,TRAIN,DEATH,607.6999999999985,2659,363,210,3,0.02,2026-01-07T05:53:42
2713,TRAIN,DEATH,679.8000000000072,3061,363,212,1,0.02,2026-01-07T05:53:44
2714,TRAIN,DEATH,618.1000000000024,2614,362,211,3,0.02,2026-01-07T05:53:46
2715,TRAIN,DEATH,539.8999999999987,2544,370,203,3,0.02,2026-01-07T05:53:48
2716,TRAIN,DEATH,2628.300000000048,6173,166,409,1,0.02,2026-01-07T05:53:54
2717,TRAIN,DEATH,1314.7000000000198,3304,336,238,2,0.02,2026-01-07T05:53:56
2718,TRAIN,DEATH,623.6000000000029,2500,384,190,2,0.02,2026-01-07T05:53:58
2719,TRAIN,DEATH,1491.9000000000165,4569,296,278,2,0.02,2026-01-07T05:54:02
2720,TRAIN,DEATH,1049.0000000000036,3311,318,255,3,0.02,2026-01-07T05:54:05
2721,TRAIN,DEATH,1571.2000000000144,3663,313,262,1,0.02,2026-01-07T05:54:09
2722,TRAIN,DEATH,756.3000000000002,2811,348,225,3,0.02,2026-01-07T05:54:11
2723,TRAIN,DEATH,-100.1000000000019,1721,433,140,3,0.02,2026-01-07T05:54:13
2724,TRAIN,DEATH,591.0000000000036,2480,409,165,2,0.02,2026-01-07T05:54:15
2725,TRAIN,DEATH,2059.700000000017,4453,239,335,2,0.02,2026-01-07T05:54:19
2726,TRAIN,DEATH,520.8999999999941,2892,371,202,3,0.02,2026-01-07T05:54:22
2727,TRAIN,DEATH,730.4000000000124,2886,349,224,3,0.02,2026-01-07T05:54:24
2728,TRAIN,DEATH,765.5999999999976,2937,347,226,3,0.02,2026-01-07T05:54:26
2729,TRAIN,DEATH,580.2000000000046,2898,364,209,3,0.02,2026-01-07T05:54:29
2730,TRAIN,DEATH,1038.000000000005,2976,343,231,2,0.02,2026-01-07T05:54:31
2731,TRAIN,DEATH,409.60000000000196,2420,387,187,2,0.02,2026-01-07T05:54:33
2732,TRAIN,DEATH,1323.6000000000129,3833,337,238,1,0.02,2026-01-07T05:54:36
2733,TRAIN,DEATH,1069.2000000000182,3430,313,260,3,0.02,2026-01-07T05:54:39
2734,TRAIN,DEATH,757.900000000009,3023,352,222,2,0.02,2026-01-07T05:54:42
2735,TRAIN,DEATH,223.2999999999962,2113,402,171,3,0.02,2026-01-07T05:54:43
2736,TRAIN,DEATH,1238.0000000000286,4419,300,274,2,0.02,2026-01-07T05:54:47
2737,TRAIN,DEATH,1725.1000000000226,3372,321,255,0,0.02,2026-01-07T05:54:50
2738,TRAIN,DEATH,294.59999999999457,2430,394,179,3,0.02,2026-01-07T05:54:52
2739,TRAIN,DEATH,1752.6000000000308,4443,252,322,2,0.02,2026-01-07T05:54:56
2740,TRAIN,DEATH,696.100000000009,3490,351,222,3,0.02,2026-01-07T05:54:59
2741,TRAIN,DEATH,508.999999999994,2750,372,201,3,0.02,2026-01-07T05:55:01
2742,TRAIN,DEATH,1612.5000000000277,4012,287,287,2,0.02,2026-01-07T05:55:05
2743,TRAIN,DEATH,1286.2000000000244,3689,294,279,3,0.02,2026-01-07T05:55:08
2744,TRAIN,DEATH,994.5000000000064,2944,348,226,2,0.02,2026-01-07T05:55:11
2745,TRAIN,DEATH,623.599999999997,3009,363,211,2,0.02,2026-01-07T05:55:13
2746,TRAIN,DEATH,670.7000000000005,2547,380,194,2,0.02,2026-01-07T05:55:15
2747,TRAIN,DEATH,1726.3000000000266,4754,272,302,2,0.02,2026-01-07T05:55:19
2748,TRAIN,DEATH,1717.2000000000285,4199,275,299,2,0.02,2026-01-07T05:55:22
2749,TRAIN,DEATH,1125.9000000000074,3003,355,219,2,0.02,2026-01-07T05:55:25
2750,TRAIN,DEATH,1371.900000000025,4353,284,289,3,0.02,2026-01-07T05:55:28
2751,TRAIN,DEATH,1168.300000000019,3463,328,246,2,0.02,2026-01-07T05:55:32
2752,TRAIN,DEATH,638.9000000000046,2850,357,216,3,0.02,2026-01-07T05:55:34
2753,TRAIN,DEATH,407.7999999999961,2462,383,190,3,0.02,2026-01-07T05:55:36
2754,TRAIN,DEATH,2288.9000000000324,4539,261,314,1,0.02,2026-01-07T05:55:40
2755,TRAIN,DEATH,2163.400000000025,4873,229,345,2,0.02,2026-01-07T05:55:43
2756,TRAIN,DEATH,717.1000000000054,2745,351,222,3,0.02,2026-01-07T05:55:46
2757,TRAIN,DEATH,1216.7000000000069,3583,329,246,1,0.02,2026-01-07T05:55:49
2758,TRAIN,DEATH,-292.00000000000125,1583,454,119,3,0.02,2026-01-07T05:55:50
2759,TRAIN,DEATH,2535.5000000000414,5499,192,382,2,0.02,2026-01-07T05:55:55
2760,TRAIN,DEATH,861.0999999999976,2790,380,194,2,0.02,2026-01-07T05:55:58
2761,TRAIN,DEATH,330.89999999999554,2074,389,184,3,0.02,2026-01-07T05:55:59
2762,TRAIN,DEATH,642.400000000003,2649,382,192,2,0.02,2026-01-07T05:56:01
2763,TRAIN,DEATH,2506.0000000000337,5290,240,335,1,0.02,2026-01-07T05:56:06
2764,TRAIN,DEATH,-36.50000000000239,1427,449,124,3,0.02,2026-01-07T05:56:07
2765,TRAIN,DEATH,1378.0000000000186,3358,310,264,2,0.02,2026-01-07T05:56:10
2766,TRAIN,DEATH,1097.2000000000194,3165,317,257,2,0.02,2026-01-07T05:56:13
2767,TRAIN,DEATH,1792.4000000000337,4480,309,266,1,0.02,2026-01-07T05:56:16
2768,TRAIN,DEATH,1281.1000000000195,4050,294,279,3,0.02,2026-01-07T05:56:19
2769,TRAIN,DEATH,648.4000000000005,2701,357,216,3,0.02,2026-01-07T05:56:21
2770,TRAIN,DEATH,1099.700000000021,3389,313,260,3,0.02,2026-01-07T05:56:24
2771,TRAIN,DEATH,1597.000000000021,4114,269,306,1,0.02,2026-01-07T05:56:28
2772,TRAIN,DEATH,1035.7000000000146,3111,342,232,2,0.02,2026-01-07T05:56:30
2773,TRAIN,DEATH,1053.4000000000044,2804,342,232,2,0.02,2026-01-07T05:56:33
2774,TRAIN,DEATH,581.5999999999956,2626,365,208,3,0.02,2026-01-07T05:56:35
2775,TRAIN,DEATH,377.5999999999983,2465,385,188,3,0.02,2026-01-07T05:56:37
2776,TRAIN,DEATH,2452.6000000000327,4931,224,351,1,0.02,2026-01-07T05:56:41
2777,TRAIN,DEATH,313.6999999999962,2024,393,180,3,0.02,2026-01-07T05:56:43
2778,TRAIN,DEATH,873.3000000000068,2203,404,171,1,0.02,2026-01-07T05:56:46
2779,TRAIN,DEATH,1202.8000000000216,3249,327,247,2,0.02,2026-01-07T05:56:48
2780,TRAIN,DEATH,1375.8000000000118,3093,328,246,2,0.02,2026-01-07T05:56:51
2781,TRAIN,DEATH,459.4999999999974,2048,402,172,2,0.02,2026-01-07T05:56:52
2782,TRAIN,DEATH,1295.100000000015,3480,317,257,2,0.02,2026-01-07T05:56:55
2783,TRAIN,DEATH,1877.2000000000176,4442,235,338,3,0.02,2026-01-07T05:56:59
2784,TRAIN,DEATH,792.0000000000093,2864,347,227,2,0.02,2026-01-07T05:57:01
2785,TRAIN,DEATH,1573.7000000000244,4489,263,310,3,0.02,2026-01-07T05:57:05
2786,TRAIN,DEATH,865.3000000000002,3213,361,213,2,0.02,2026-01-07T05:57:08
2787,TRAIN,DEATH,1428.6000000000115,3121,348,227,1,0.02,2026-01-07T05:57:10
2788,TRAIN,DEATH,642.0000000000023,2616,360,213,3,0.02,2026-01-07T05:57:12
2789,TRAIN,DEATH,1912.3000000000325,4467,254,320,2,0.02,2026-01-07T05:57:16
2790,TRAIN,DEATH,1222.8000000000088,3301,301,272,3,0.02,2026-01-07T05:57:18
2791,TRAIN,DEATH,716.8000000000015,3433,356,218,2,0.02,2026-01-07T05:57:21
2792,TRAIN,DEATH,-37.00000000000449,2346,426,147,3,0.02,2026-01-07T05:57:24
2793,TRAIN,DEATH,1881.500000000026,4011,278,296,2,0.02,2026-01-07T05:57:27
2794,TRAIN,DEATH,895.00000000001,2543,379,195,2,0.02,2026-01-07T05:57:29
2795,TRAIN,DEATH,566.9999999999957,2593,371,203,2,0.02,2026-01-07T05:57:31
2796,TRAIN,DEATH,2103.7000000000417,5359,235,339,2,0.02,2026-01-07T05:57:35
2797,TRAIN,DEATH,1512.4000000000244,3652,296,278,2,0.02,2026-01-07T05:57:38
2798,TRAIN,DEATH,1373.7000000000169,3630,333,242,1,0.02,2026-01-07T05:57:41
2799,TRAIN,DEATH,2563.100000000049,5837,208,366,2,0.02,2026-01-07T05:57:46
2800,TRAIN,DEATH,1657.1000000000295,4239,261,313,2,0.02,2026-01-07T05:57:49
2801,TRAIN,DEATH,2277.200000000037,5017,218,356,2,0.02,2026-01-07T05:57:53
2802,TRAIN,DEATH,855.4000000000008,2756,385,190,1,0.02,2026-01-07T05:57:55
2803,TRAIN,DEATH,369.9000000000012,2519,387,186,3,0.02,2026-01-07T05:57:57
2804,TRAIN,DEATH,386.2999999999955,2577,388,186,2,0.02,2026-01-07T05:57:59
2805,TRAIN,DEATH,363.0999999999965,2442,390,184,2,0.02,2026-01-07T05:58:02
2806,TRAIN,DEATH,1262.800000000005,3290,325,250,1,0.02,2026-01-07T05:58:04
2807,TRAIN,DEATH,1352.3000000000188,3390,316,259,1,0.02,2026-01-07T05:58:07
2808,TRAIN,DEATH,578.1999999999966,2378,390,184,2,0.02,2026-01-07T05:58:09
2809,TRAIN,DEATH,1073.2000000000157,3358,320,254,2,0.02,2026-01-07T05:58:12
2810,TRAIN,DEATH,1384.6000000000174,4159,287,287,2,0.02,2026-01-07T05:58:15
2811,TRAIN,DEATH,1352.1000000000251,3533,310,264,2,0.02,2026-01-07T05:58:18
2812,TRAIN,DEATH,1983.0000000000332,4691,247,327,2,0.02,2026-01-07T05:58:22
2813,TRAIN,DEATH,789.9000000000062,3299,346,228,2,0.02,2026-01-07T05:58:25
2814,TRAIN,DEATH,433.0999999999957,2340,381,192,3,0.02,2026-01-07T05:58:27
2815,TRAIN,DEATH,1400.9000000000253,3906,304,270,2,0.02,2026-01-07T05:58:30
2816,TRAIN,DEATH,407.1999999999965,2001,408,166,2,0.02,2026-01-07T05:58:32
2817,TRAIN,DEATH,2344.8000000000375,5150,211,363,2,0.02,2026-01-07T05:58:36
2818,TRAIN,DEATH,2797.400000000023,4738,232,344,0,0.02,2026-01-07T05:58:39
2819,TRAIN,DEATH,1775.0000000000387,5193,251,324,1,0.02,2026-01-07T05:58:44
2820,TRAIN,DEATH,1543.6000000000117,3516,316,259,1,0.02,2026-01-07T05:58:47
2821,TRAIN,DEATH,1104.000000000002,3358,312,261,3,0.02,2026-01-07T05:58:50
2822,TRAIN,DEATH,623.4999999999964,3122,365,209,2,0.02,2026-01-07T05:58:53
2823,TRAIN,DEATH,543.1000000000008,2860,368,205,3,0.02,2026-01-07T05:58:55
2824,TRAIN,DEATH,439.49999999999545,2196,379,194,3,0.02,2026-01-07T05:58:57
2825,TRAIN,DEATH,1408.6000000000186,3685,280,293,3,0.02,2026-01-07T05:59:00
2826,TRAIN,DEATH,955.7000000000135,3157,328,245,3,0.02,2026-01-07T05:59:03
2827,TRAIN,DEATH,2601.5000000000255,5611,228,347,1,0.02,2026-01-07T05:59:08
2828,TRAIN,DEATH,1665.6000000000276,4328,303,272,1,0.02,2026-01-07T05:59:11
2829,TRAIN,DEATH,-235.20000000000107,1705,448,125,3,0.02,2026-01-07T05:59:13
2830,TRAIN,DEATH,1052.4000000000142,3158,345,230,1,0.02,2026-01-07T05:59:16
2831,TRAIN,DEATH,173.0999999999957,2056,407,166,3,0.02,2026-01-07T05:59:17
2832,TRAIN,DEATH,1793.8000000000252,4212,289,286,1,0.02,2026-01-07T05:59:21
2833,TRAIN,DEATH,1383.700000000026,4232,312,263,1,0.02,2026-01-07T05:59:24
2834,TRAIN,DEATH,-77.50000000000136,1675,432,141,3,0.02,2026-01-07T05:59:26
2835,TRAIN,DEATH,1078.5000000000105,3157,340,234,2,0.02,2026-01-07T05:59:29
2836,TRAIN,DEATH,1333.3000000000163,3824,314,260,2,0.02,2026-01-07T05:59:32
2837,TRAIN,DEATH,1642.0000000000364,4873,286,289,1,0.02,2026-01-07T05:59:35
2838,TRAIN,DEATH,1172.400000000005,3416,329,245,2,0.02,2026-01-07T05:59:38
2839,TRAIN,DEATH,953.2999999999986,2728,376,199,1,0.02,2026-01-07T05:59:40
2840,TRAIN,DEATH,636.899999999998,2603,360,213,3,0.02,2026-01-07T05:59:42
2841,TRAIN,DEATH,539.099999999999,2465,370,203,3,0.02,2026-01-07T05:59:45
2842,TRAIN,DEATH,1023.1000000000117,2694,365,209,2,0.02,2026-01-07T05:59:47
2843,TRAIN,DEATH,1364.9000000000242,3680,288,286,2,0.02,2026-01-07T05:59:50
2844,TRAIN,DEATH,591.9000000000069,2478,363,210,3,0.02,2026-01-07T05:59:52
2845,TRAIN,DEATH,-2.4000000000016826,1900,424,149,3,0.02,2026-01-07T05:59:53
2846,TRAIN,DEATH,895.2,2985,337,237,2,0.02,2026-01-07T05:59:56
2847,TRAIN,DEATH,1683.6000000000208,4738,296,278,2,0.02,2026-01-07T06:00:00
2848,TRAIN,DEATH,-132.7000000000026,2054,436,137,3,0.02,2026-01-07T06:00:02
2849,TRAIN,DEATH,1022.3000000000043,3983,320,253,3,0.02,2026-01-07T06:00:05
2850,TRAIN,DEATH,1109.0000000000045,4052,335,239,2,0.02,2026-01-07T06:00:08
2851,TRAIN,DEATH,1344.500000000026,3763,332,242,2,0.02,2026-01-07T06:00:11
2852,TRAIN,DEATH,612.8999999999983,2503,387,187,2,0.02,2026-01-07T06:00:13
2853,TRAIN,DEATH,833.8999999999996,3071,338,235,3,0.02,2026-01-07T06:00:16
2854,TRAIN,DEATH,362.7999999999961,2382,411,163,2,0.02,2026-01-07T06:00:18
2855,TRAIN,DEATH,-97.20000000000175,1874,433,140,3,0.02,2026-01-07T06:00:20
2856,TRAIN,DEATH,-266.2000000000021,1807,450,123,3,0.02,2026-01-07T06:00:21
2857,TRAIN,DEATH,1867.5000000000277,6341,239,335,2,0.02,2026-01-07T06:00:27
2858,TRAIN,DEATH,67.79999999999688,2184,416,157,3,0.02,2026-01-07T06:00:28
2859,TRAIN,DEATH,442.6999999999955,2621,378,195,3,0.02,2026-01-07T06:00:31
2860,TRAIN,DEATH,-151.3000000000003,1665,439,134,3,0.02,2026-01-07T06:00:33
2861,TRAIN,DEATH,663.1000000000047,3666,381,193,2,0.02,2026-01-07T06:00:36
2862,TRAIN,DEATH,1474.0000000000286,4072,298,276,2,0.02,2026-01-07T06:00:39
2863,TRAIN,DEATH,179.79999999999484,2387,406,167,3,0.02,2026-01-07T06:00:41
2864,TRAIN,DEATH,1415.400000000023,4853,281,292,3,0.02,2026-01-07T06:00:45
2865,TRAIN,DEATH,1370.2000000000096,4025,285,288,3,0.02,2026-01-07T06:00:49
2866,TRAIN,DEATH,-36.00000000000193,1900,428,145,3,0.02,2026-01-07T06:00:50
2867,TRAIN,DEATH,603.4999999999973,3123,367,207,2,0.02,2026-01-07T06:00:54
2868,TRAIN,DEATH,744.100000000002,3024,372,202,2,0.02,2026-01-07T06:00:56
2869,TRAIN,DEATH,1150.3000000000031,3778,308,265,3,0.02,2026-01-07T06:01:00
2870,TRAIN,DEATH,1462.9000000000206,4262,301,273,2,0.02,2026-01-07T06:01:03
2871,TRAIN,DEATH,1695.8000000000357,5268,255,319,2,0.02,2026-01-07T06:01:08
2872,TRAIN,DEATH,749.700000000011,3190,353,221,2,0.02,2026-01-07T06:01:10
2873,TRAIN,DEATH,701.7999999999972,3300,357,217,2,0.02,2026-01-07T06:01:13
2874,TRAIN,DEATH,149.1999999999964,2160,409,164,3,0.02,2026-01-07T06:01:15
2875,TRAIN,DEATH,1425.6000000000206,3379,333,243,0,0.02,2026-01-07T06:01:17
2876,TRAIN,DEATH,444.7999999999961,2338,380,193,3,0.02,2026-01-07T06:01:19
2877,TRAIN,DEATH,856.0000000000159,2952,382,192,2,0.02,2026-01-07T06:01:22
2878,TRAIN,DEATH,526.7999999999965,2591,371,202,3,0.02,2026-01-07T06:01:24
2879,TRAIN,DEATH,1013.900000000011,3539,321,252,3,0.02,2026-01-07T06:01:27
2880,TRAIN,DEATH,1451.0000000000157,3884,299,275,2,0.02,2026-01-07T06:01:30
2881,TRAIN,DEATH,1275.1000000000126,3327,339,235,2,0.02,2026-01-07T06:01:33
2882,TRAIN,DEATH,443.9999999999943,2591,379,194,3,0.02,2026-01-07T06:01:35
2883,TRAIN,DEATH,2280.700000000037,5212,238,336,2,0.02,2026-01-07T06:01:39
2884,TRAIN,DEATH,-22.00000000000415,2220,429,145,2,0.02,2026-01-07T06:01:41
2885,TRAIN,DEATH,433.49999999999477,2430,381,192,3,0.02,2026-01-07T06:01:43
2886,TRAIN,DEATH,785.1000000000045,3370,344,229,3,0.02,2026-01-07T06:01:46
2887,TRAIN,DEATH,1659.9000000000224,4345,305,270,1,0.02,2026-01-07T06:01:50
2888,TRAIN,DEATH,1733.8000000000175,4135,272,302,2,0.02,2026-01-07T06:01:53
2889,TRAIN,DEATH,1542.4000000000276,4415,290,284,2,0.02,2026-01-07T06:01:57
2890,TRAIN,DEATH,365.8999999999976,2188,411,163,2,0.02,2026-01-07T06:01:58
2891,TRAIN,DEATH,484.10000000000434,2862,399,175,2,0.02,2026-01-07T06:02:00
2892,TRAIN,DEATH,785.2000000000021,3043,368,206,2,0.02,2026-01-07T06:02:03
2893,TRAIN,DEATH,1148.9000000000158,3317,332,242,2,0.02,2026-01-07T06:02:06
2894,TRAIN,DEATH,1020.600000000006,3457,320,253,3,0.02,2026-01-07T06:02:09
2895,TRAIN,DEATH,102.79999999999802,2317,414,159,3,0.02,2026-01-07T06:02:11
2896,TRAIN,DEATH,-115.40000000000288,2242,436,137,3,0.02,2026-01-07T06:02:12
2897,TRAIN,DEATH,1234.9000000000296,4498,301,273,2,0.02,2026-01-07T06:02:16
2898,TRAIN,DEATH,845.3000000000068,2995,363,211,2,0.02,2026-01-07T06:02:18
2899,TRAIN,DEATH,597.9000000000024,2810,362,211,3,0.02,2026-01-07T06:02:21
2900,TRAIN,DEATH,233.99999999999534,2169,401,172,3,0.02,2026-01-07T06:02:23
2901,TRAIN,DEATH,735.0000000000064,3063,349,224,3,0.02,2026-01-07T06:02:25
2902,TRAIN,DEATH,1658.9000000000033,4103,301,273,2,0.02,2026-01-07T06:02:29
2903,TRAIN,DEATH,3077.600000000046,7169,161,414,1,0.02,2026-01-07T06:02:35
2904,TRAIN,DEATH,221.19999999999732,2254,400,173,3,0.02,2026-01-07T06:02:37
2905,TRAIN,DEATH,552.3999999999994,2882,372,202,2,0.02,2026-01-07T06:02:39
2906,TRAIN,DEATH,300.899999999996,2547,398,176,2,0.02,2026-01-07T06:02:42
2907,TRAIN,DEATH,211.29999999999438,2549,402,171,3,0.02,2026-01-07T06:02:44
2908,TRAIN,DEATH,138.29999999999677,2205,411,162,3,0.02,2026-01-07T06:02:46
2909,TRAIN,DEATH,351.199999999997,2238,411,163,2,0.02,2026-01-07T06:02:48
2910,TRAIN,DEATH,1082.7000000000191,2953,359,215,2,0.02,2026-01-07T06:02:50
2911,TRAIN,DEATH,1887.4000000000206,4137,305,271,0,0.02,2026-01-07T06:02:53
2912,TRAIN,DEATH,351.79999999999734,2338,389,184,3,0.02,2026-01-07T06:02:56
2913,TRAIN,DEATH,1222.7000000000119,4073,325,250,1,0.02,2026-01-07T06:02:59
2914,TRAIN,DEATH,1679.9000000000124,3579,319,255,2,0.02,2026-01-07T06:03:02
2915,TRAIN,DEATH,-115.5000000000033,2070,440,134,2,0.02,2026-01-07T06:03:04
2916,TRAIN,DEATH,-1010.5000000000011,1234,524,49,3,0.02,2026-01-07T06:03:05
2917,TRAIN,DEATH,1059.5000000000036,3382,317,256,3,0.02,2026-01-07T06:03:07
2918,TRAIN,DEATH,478.4999999999983,2456,376,197,3,0.02,2026-01-07T06:03:09
2919,TRAIN,DEATH,443.70000000001437,3190,380,194,2,0.02,2026-01-07T06:03:12
2920,TRAIN,DEATH,-455.5000000000013,1401,469,104,3,0.02,2026-01-07T06:03:14
2921,TRAIN,DEATH,977.200000000013,2617,369,205,2,0.02,2026-01-07T06:03:16
2922,TRAIN,DEATH,555.0999999999976,2898,367,206,3,0.02,2026-01-07T06:03:18
2923,TRAIN,DEATH,-428.6000000000005,1597,468,105,3,0.02,2026-01-07T06:03:20
2924,TRAIN,DEATH,1332.100000000009,4000,290,283,3,0.02,2026-01-07T06:03:23
2925,TRAIN,DEATH,-548.3000000000008,1237,480,93,3,0.02,2026-01-07T06:03:25
2926,TRAIN,DEATH,28.699999999998,1754,422,151,3,0.02,2026-01-07T06:03:26
2927,TRAIN,DEATH,278.9999999999965,2286,396,177,3,0.02,2026-01-07T06:03:28
2928,TRAIN,DEATH,519.9000000000019,2691,372,201,3,0.02,2026-01-07T06:03:30
2929,TRAIN,DEATH,609.0999999999999,2588,407,167,2,0.02,2026-01-07T06:03:32
2930,TRAIN,DEATH,-112.60000000000144,1942,436,137,3,0.02,2026-01-07T06:03:34
2931,TRAIN,DEATH,727.100000000006,3330,375,199,2,0.02,2026-01-07T06:03:36
2932,TRAIN,DEATH,-381.0000000000008,1298,463,110,3,0.02,2026-01-07T06:03:38
2933,TRAIN,DEATH,1467.3000000000236,4278,275,298,3,0.02,2026-01-07T06:03:41
2934,TRAIN,DEATH,478.899999999996,2861,376,197,3,0.02,2026-01-07T06:03:44
2935,TRAIN,DEATH,741.1000000000106,3110,349,224,3,0.02,2026-01-07T06:03:46
2936,TRAIN,DEATH,1072.1000000000074,3357,360,214,2,0.02,2026-01-07T06:03:49
2937,TRAIN,DEATH,-185.90000000000236,2363,443,130,3,0.02,2026-01-07T06:03:51
2938,TRAIN,DEATH,1746.5000000000323,4083,292,282,2,0.02,2026-01-07T06:03:55
2939,TRAIN,DEATH,1267.4000000000262,4354,319,255,2,0.02,2026-01-07T06:03:59
2940,TRAIN,DEATH,1520.1000000000336,5510,270,304,2,0.02,2026-01-07T06:04:03
2941,TRAIN,DEATH,926.6000000000072,3451,331,242,3,0.02,2026-01-07T06:04:06
2942,TRAIN,DEATH,1635.9000000000106,4506,263,311,2,0.02,2026-01-07T06:04:10
2943,TRAIN,DEATH,-271.4000000000014,1503,452,121,3,0.02,2026-01-07T06:04:12
2944,TRAIN,DEATH,1252.600000000019,3323,322,252,2,0.02,2026-01-07T06:04:14
2945,TRAIN,DEATH,-91.20000000000488,2320,434,139,3,0.02,2026-01-07T06:04:17
2946,TRAIN,DEATH,612.0999999999992,2452,384,190,2,0.02,2026-01-07T06:04:19
2947,TRAIN,DEATH,503.3999999999969,2650,396,178,2,0.02,2026-01-07T06:04:21
2948,TRAIN,DEATH,1978.5000000000277,5103,249,325,2,0.02,2026-01-07T06:04:26
2949,TRAIN,DEATH,905.9000000000083,3050,333,240,3,0.02,2026-01-07T06:04:28
2950,TRAIN,DEATH,622.0,2788,405,169,2,0.02,2026-01-07T06:04:30
2951,TRAIN,DEATH,242.39999999999714,2421,402,172,2,0.02,2026-01-07T06:04:32
2952,TRAIN,DEATH,1384.7000000000237,4329,312,263,1,0.02,2026-01-07T06:04:36
2953,TRAIN,DEATH,554.3999999999962,2543,367,206,3,0.02,2026-01-07T06:04:38
2954,TRAIN,DEATH,-356.0000000000017,1434,460,113,3,0.02,2026-01-07T06:04:39
2955,TRAIN,DEATH,572.399999999996,2706,366,207,3,0.02,2026-01-07T06:04:41
2956,TRAIN,DEATH,2700.900000000052,6687,199,376,1,0.02,2026-01-07T06:04:46
2957,TRAIN,DEATH,571.6999999999957,2873,366,207,3,0.02,2026-01-07T06:04:49
2958,TRAIN,DEATH,788.4999999999984,2798,368,206,2,0.02,2026-01-07T06:04:51
2959,TRAIN,DEATH,764.3000000000084,3396,348,225,3,0.02,2026-01-07T06:04:54
2960,TRAIN,DEATH,392.69999999999993,3158,386,188,2,0.02,2026-01-07T06:04:57
2961,TRAIN,DEATH,99.29999999999563,2007,414,159,3,0.02,2026-01-07T06:04:59
2962,TRAIN,DEATH,1363.2000000000294,4262,291,283,2,0.02,2026-01-07T06:05:02
2963,TRAIN,DEATH,1036.1000000000145,3135,344,230,2,0.02,2026-01-07T06:05:05
2964,TRAIN,DEATH,564.900000000003,2912,369,205,2,0.02,2026-01-07T06:05:08
2965,TRAIN,DEATH,1597.100000000018,4016,264,309,3,0.02,2026-01-07T06:05:12
2966,TRAIN,DEATH,755.4000000000142,3042,348,225,3,0.02,2026-01-07T06:05:14
2967,TRAIN,DEATH,2590.2000000000417,6839,166,408,2,0.02,2026-01-07T06:05:20
2968,TRAIN,DEATH,628.200000000006,2794,385,189,2,0.02,2026-01-07T06:05:22
2969,TRAIN,DEATH,1057.4999999999986,2861,361,213,2,0.02,2026-01-07T06:05:25
2970,TRAIN,DEATH,272.8999999999953,2601,396,177,3,0.02,2026-01-07T06:05:27
2971,TRAIN,DEATH,324.30000000000655,3088,399,176,1,0.02,2026-01-07T06:05:30
2972,TRAIN,DEATH,264.39999999999804,2184,398,175,3,0.02,2026-01-07T06:05:32
2973,TRAIN,DEATH,244.89999999999657,2023,399,174,3,0.02,2026-01-07T06:05:34
2974,TRAIN,DEATH,1857.6000000000217,4112,264,311,1,0.02,2026-01-07T06:05:37
2975,TRAIN,DEATH,865.4000000000001,2524,381,193,2,0.02,2026-01-07T06:05:40
2976,TRAIN,DEATH,250.99999999999568,2214,398,175,3,0.02,2026-01-07T06:05:42
2977,TRAIN,DEATH,796.5999999999985,2895,368,206,2,0.02,2026-01-07T06:05:45
2978,TRAIN,DEATH,308.49999999999795,1927,416,158,2,0.02,2026-01-07T06:05:46
2979,TRAIN,DEATH,1155.7000000000176,3552,311,263,2,0.02,2026-01-07T06:05:49
2980,TRAIN,DEATH,1953.900000000026,4436,251,323,2,0.02,2026-01-07T06:05:53
2981,TRAIN,DEATH,1472.9000000000185,3983,299,275,2,0.02,2026-01-07T06:05:56
2982,TRAIN,DEATH,1542.800000000018,4024,313,261,2,0.02,2026-01-07T06:06:00
2983,TRAIN,DEATH,609.399999999999,2578,365,209,2,0.02,2026-01-07T06:06:02
2984,TRAIN,DEATH,914.7000000000055,3042,335,239,2,0.02,2026-01-07T06:06:05
2985,TRAIN,DEATH,773.4000000000101,3177,349,225,2,0.02,2026-01-07T06:06:07
2986,TRAIN,DEATH,-261.2000000000007,1516,451,122,3,0.02,2026-01-07T06:06:09
2987,TRAIN,DEATH,737.300000000007,2670,374,200,2,0.02,2026-01-07T06:06:11
2988,TRAIN,DEATH,334.09999999999536,2368,394,180,2,0.02,2026-01-07T06:06:13
2989,TRAIN,DEATH,998.3000000000031,3448,323,250,3,0.02,2026-01-07T06:06:15
2990,TRAIN,DEATH,1078.1000000000154,3077,339,235,2,0.02,2026-01-07T06:06:18
2991,TRAIN,DEATH,611.9000000000026,2892,362,211,3,0.02,2026-01-07T06:06:20
2992,TRAIN,DEATH,2063.500000000024,4121,284,291,1,0.02,2026-01-07T06:06:24
2993,TRAIN,DEATH,81.89999999999611,2276,416,157,3,0.02,2026-01-07T06:06:25
2994,TRAIN,DEATH,258.99999999999625,2139,398,175,3,0.02,2026-01-07T06:06:27
2995,TRAIN,DEATH,2690.000000000044,5593,219,356,1,0.02,2026-01-07T06:06:32
2996,TRAIN,DEATH,296.99999999999693,2184,393,180,3,0.02,2026-01-07T06:06:34
2997,TRAIN,DEATH,989.9000000000015,3431,322,251,3,0.02,2026-01-07T06:06:37
2998,TRAIN,DEATH,147.79999999999688,1844,409,164,3,0.02,2026-01-07T06:06:38
2999,TRAIN,DEATH,1704.400000000027,4117,276,298,2,0.02,2026-01-07T06:06:42
3000,TRAIN,DEATH,1685.6000000000145,4161,278,296,2,0.02,2026-01-07T06:06:47
3001,TRAIN,DEATH,327.39999999999554,2320,392,181,3,0.02,2026-01-07T06:06:50
3002,TRAIN,DEATH,1081.200000000002,3349,319,255,2,0.02,2026-01-07T06:06:52
3003,TRAIN,DEATH,506.99999999999864,2614,373,200,3,0.02,2026-01-07T06:06:54
3004,TRAIN,DEATH,1318.6000000000215,3277,334,240,2,0.02,2026-01-07T06:06:57
3005,TRAIN,DEATH,1255.9000000000183,3544,325,250,1,0.02,2026-01-07T06:07:01
3006,TRAIN,DEATH,790.3000000000179,3325,344,229,3,0.02,2026-01-07T06:07:03
3007,TRAIN,DEATH,604.8999999999987,2630,362,211,3,0.02,2026-01-07T06:07:06
3008,TRAIN,DEATH,1024.7000000000044,3754,323,251,2,0.02,2026-01-07T06:07:09
3009,TRAIN,DEATH,1217.600000000008,3415,324,250,2,0.02,2026-01-07T06:07:12
3010,TRAIN,DEATH,1181.4000000000206,3530,307,267,2,0.02,2026-01-07T06:07:15
3011,TRAIN,DEATH,1822.200000000029,4620,283,291,2,0.02,2026-01-07T06:07:19
3012,TRAIN,DEATH,-74.20000000000255,1740,432,141,3,0.02,2026-01-07T06:07:20
3013,TRAIN,DEATH,1130.0000000000064,3238,333,241,2,0.02,2026-01-07T06:07:23
3014,TRAIN,DEATH,956.2000000000185,3009,352,222,2,0.02,2026-01-07T06:07:25
3015,TRAIN,DEATH,758.2000000000003,2717,375,200,1,0.02,2026-01-07T06:07:27
3016,TRAIN,DEATH,1082.2000000000135,2980,338,236,2,0.02,2026-01-07T06:07:30
3017,TRAIN,DEATH,1532.8000000000225,3348,318,257,1,0.02,2026-01-07T06:07:32
3018,TRAIN,DEATH,928.9000000000015,3403,330,243,3,0.02,2026-01-07T06:07:35
3019,TRAIN,DEATH,1927.2000000000317,4553,253,321,2,0.02,2026-01-07T06:07:39
3020,TRAIN,DEATH,-239.7000000000005,1401,449,124,3,0.02,2026-01-07T06:07:41
3021,TRAIN,DEATH,570.4000000000008,2996,365,208,3,0.02,2026-01-07T06:07:43
3022,TRAIN,DEATH,1330.6000000000217,3509,312,262,2,0.02,2026-01-07T06:07:47
3023,TRAIN,DEATH,56.199999999996294,1912,418,155,3,0.02,2026-01-07T06:07:49
3024,TRAIN,DEATH,1236.6000000000151,3345,322,252,2,0.02,2026-01-07T06:07:52
3025,TRAIN,DEATH,291.6999999999972,2112,418,156,2,0.02,2026-01-07T06:07:54
3026,TRAIN,DEATH,1353.8000000000186,3956,286,287,3,0.02,2026-01-07T06:07:57
3027,TRAIN,DEATH,763.9000000000042,3090,350,224,2,0.02,2026-01-07T06:08:00
3028,TRAIN,DEATH,322.59999999999513,2477,391,182,3,0.02,2026-01-07T06:08:02
3029,TRAIN,DEATH,912.9000000000126,3678,331,242,3,0.02,2026-01-07T06:08:05
3030,TRAIN,DEATH,964.6000000000186,3074,350,224,2,0.02,2026-01-07T06:08:08
3031,TRAIN,DEATH,302.09999999999593,2138,394,179,3,0.02,2026-01-07T06:08:10
3032,TRAIN,DEATH,1120.2000000000119,3922,315,259,2,0.02,2026-01-07T06:08:13
3033,TRAIN,DEATH,202.29999999999518,2205,407,167,2,0.02,2026-01-07T06:08:15
3034,TRAIN,DEATH,1714.8000000000143,4568,278,297,1,0.02,2026-01-07T06:08:18
3035,TRAIN,DEATH,922.1000000000115,3377,329,244,3,0.02,2026-01-07T06:08:21
3036,TRAIN,DEATH,294.19999999999595,2228,394,179,3,0.02,2026-01-07T06:08:23
3037,TRAIN,DEATH,1218.9000000000099,3206,346,228,2,0.02,2026-01-07T06:08:26
3038,TRAIN,DEATH,429.6999999999955,2501,381,192,3,0.02,2026-01-07T06:08:29
3039,TRAIN,DEATH,726.3000000000038,2998,353,221,2,0.02,2026-01-07T06:08:31
3040,TRAIN,DEATH,1111.700000000019,3383,320,255,1,0.02,2026-01-07T06:08:34
3041,TRAIN,DEATH,-26.700000000001978,1732,427,146,3,0.02,2026-01-07T06:08:36
3042,TRAIN,DEATH,2778.500000000039,6109,171,404,1,0.02,2026-01-07T06:08:41
3043,TRAIN,DEATH,2082.600000000028,4751,261,314,1,0.02,2026-01-07T06:08:44
3044,TRAIN,DEATH,1292.1000000000256,4136,317,257,2,0.02,2026-01-07T06:08:48
3045,TRAIN,DEATH,1747.10000000002,4001,272,302,2,0.02,2026-01-07T06:08:52
3046,TRAIN,DEATH,1602.800000000012,4012,262,311,3,0.02,2026-01-07T06:08:55
3047,TRAIN,DEATH,1705.7000000000226,4238,251,322,3,0.02,2026-01-07T06:08:59
3048,TRAIN,DEATH,1086.5000000000216,3596,314,259,3,0.02,2026-01-07T06:09:02
3049,TRAIN,DEATH,788.799999999997,2887,344,229,3,0.02,2026-01-07T06:09:04
3050,TRAIN,DEATH,1244.400000000022,3166,318,255,3,0.02,2026-01-07T06:09:07
3051,TRAIN,DEATH,755.8000000000015,2988,350,224,2,0.02,2026-01-07T06:09:09
3052,TRAIN,DEATH,905.9000000000046,2456,376,198,2,0.02,2026-01-07T06:09:12
3053,TRAIN,DEATH,594.2999999999981,2872,364,209,3,0.02,2026-01-07T06:09:14
3054,TRAIN,DEATH,851.9000000000042,3042,338,235,3,0.02,2026-01-07T06:09:16
3055,TRAIN,DEATH,1124.6999999999975,2612,355,219,2,0.02,2026-01-07T06:09:18
3056,TRAIN,DEATH,890.6000000000033,3055,332,241,3,0.02,2026-01-07T06:09:21
3057,TRAIN,DEATH,1521.3000000000077,3449,338,237,1,0.02,2026-01-07T06:09:24
3058,TRAIN,DEATH,268.5999999999965,2354,399,175,2,0.02,2026-01-07T06:09:26
3059,TRAIN,DEATH,1022.0000000000116,3587,321,253,2,0.02,2026-01-07T06:09:29
3060,TRAIN,DEATH,742.9000000000033,2676,372,202,2,0.02,2026-01-07T06:09:31
3061,TRAIN,DEATH,1448.0000000000118,3300,323,251,2,0.02,2026-01-07T06:09:34
3062,TRAIN,DEATH,646.3000000000036,2591,359,214,3,0.02,2026-01-07T06:09:36
3063,TRAIN,DEATH,2077.800000000031,4826,236,338,2,0.02,2026-01-07T06:09:39
3064,TRAIN,DEATH,1613.600000000033,5017,260,313,3,0.02,2026-01-07T06:09:44
3065,TRAIN,DEATH,1770.0000000000282,4703,249,325,2,0.02,2026-01-07T06:09:48
3066,TRAIN,DEATH,473.7000000000004,2903,421,153,2,0.02,2026-01-07T06:09:50
3067,TRAIN,DEATH,808.6000000000067,2875,368,207,1,0.02,2026-01-07T06:09:53
3068,TRAIN,DEATH,33.399999999997135,1945,421,152,3,0.02,2026-01-07T06:09:54
3069,TRAIN,DEATH,1872.7000000000144,4378,235,338,3,0.02,2026-01-07T06:09:58
3070,TRAIN,DEATH,1407.6000000000195,3326,306,268,2,0.02,2026-01-07T06:10:01
3071,TRAIN,DEATH,326.39999999999657,2274,392,181,3,0.02,2026-01-07T06:10:03
3072,TRAIN,DEATH,1728.0000000000273,4027,293,281,2,0.02,2026-01-07T06:10:07
3073,TRAIN,DEATH,1713.5000000000227,4548,274,300,2,0.02,2026-01-07T06:10:11
3074,TRAIN,DEATH,611.299999999997,2544,362,211,3,0.02,2026-01-07T06:10:14
3075,TRAIN,DEATH,1202.1000000000074,3687,306,268,2,0.02,2026-01-07T06:10:19
3076,TRAIN,DEATH,641.5000000000061,2918,359,214,3,0.02,2026-01-07T06:10:22
3077,TRAIN,DEATH,943.1000000000085,3156,357,218,1,0.02,2026-01-07T06:10:25
3078,TRAIN,DEATH,1012.5000000000202,3358,322,251,3,0.02,2026-01-07T06:10:29
3079,TRAIN,DEATH,351.39999999999463,2520,388,185,3,0.02,2026-01-07T06:10:31
3080,TRAIN,DEATH,848.2000000000025,2839,338,235,3,0.02,2026-01-07T06:10:34
3081,TRAIN,DEATH,1552.3000000000125,3483,312,262,2,0.02,2026-01-07T06:10:37
3082,TRAIN,DEATH,1983.8000000000216,4324,269,305,2,0.02,2026-01-07T06:10:41
3083,TRAIN,DEATH,1027.9000000000074,3281,319,254,3,0.02,2026-01-07T06:10:45
3084,TRAIN,DEATH,967.8000000000156,3083,374,201,1,0.02,2026-01-07T06:10:48
3085,TRAIN,DEATH,830.2000000000012,2349,384,190,2,0.02,2026-01-07T06:10:52
3086,TRAIN,DEATH,2733.600000000038,5088,196,379,1,0.02,2026-01-07T06:10:57
3087,TRAIN,DEATH,550.899999999996,2749,367,206,3,0.02,2026-01-07T06:11:00
3088,TRAIN,DEATH,1272.8000000000218,3741,299,275,2,0.02,2026-01-07T06:11:04
3089,TRAIN,DEATH,209.49999999999739,2081,427,147,2,0.02,2026-01-07T06:11:06
3090,TRAIN,DEATH,955.7000000000091,3085,331,243,2,0.02,2026-01-07T06:11:09
3091,TRAIN,DEATH,1588.9000000000178,3857,288,286,2,0.02,2026-01-07T06:11:12
3092,TRAIN,DEATH,426.79999999999427,2624,381,192,3,0.02,2026-01-07T06:11:14
3093,TRAIN,DEATH,242.3999999999994,1989,424,150,2,0.02,2026-01-07T06:11:16
3094,TRAIN,DEATH,29.499999999997726,1844,422,151,3,0.02,2026-01-07T06:11:17
3095,TRAIN,DEATH,1056.4000000000194,3969,316,257,3,0.02,2026-01-07T06:11:21
3096,TRAIN,DEATH,1298.6000000000206,3690,295,279,2,0.02,2026-01-07T06:11:24
3097,TRAIN,DEATH,1983.3000000000288,4817,266,308,2,0.02,2026-01-07T06:11:29
3098,TRAIN,DEATH,895.4000000000165,2817,377,197,2,0.02,2026-01-07T06:11:31
3099,TRAIN,DEATH,366.09999999999445,2467,386,187,3,0.02,2026-01-07T06:11:33
3100,TRAIN,DEATH,1534.600000000028,4161,268,305,3,0.02,2026-01-07T06:11:37
3101,TRAIN,DEATH,1743.9000000000187,4843,247,326,3,0.02,2026-01-07T06:11:41
3102,TRAIN,DEATH,633.4999999999968,2730,359,214,3,0.02,2026-01-07T06:11:43
3103,TRAIN,DEATH,90.89999999999634,1945,415,158,3,0.02,2026-01-07T06:11:45
3104,TRAIN,DEATH,1117.800000000019,3853,315,259,2,0.02,2026-01-07T06:11:48
3105,TRAIN,DEATH,926.6000000000092,2998,330,243,3,0.02,2026-01-07T06:11:50
3106,TRAIN,DEATH,1985.9000000000278,4968,265,309,2,0.02,2026-01-07T06:11:54
3107,TRAIN,DEATH,448.39999999999475,2489,382,192,2,0.02,2026-01-07T06:11:57
3108,TRAIN,DEATH,517.2999999999956,2337,370,203,3,0.02,2026-01-07T06:11:59
3109,TRAIN,DEATH,3116.700000000056,7170,131,443,2,0.02,2026-01-07T06:12:05
3110,TRAIN,DEATH,639.8999999999985,2544,359,214,3,0.02,2026-01-07T06:12:07
3111,TRAIN,DEATH,1071.6000000000186,2954,343,232,1,0.02,2026-01-07T06:12:10
3112,TRAIN,DEATH,614.2999999999984,2312,385,189,2,0.02,2026-01-07T06:12:12
3113,TRAIN,DEATH,379.7999999999961,2092,391,183,2,0.02,2026-01-07T06:12:14
3114,TRAIN,DEATH,1620.8000000000247,4307,259,314,3,0.02,2026-01-07T06:12:17
3115,TRAIN,DEATH,1123.2000000000103,2901,355,219,2,0.02,2026-01-07T06:12:20
3116,TRAIN,DEATH,-575.8000000000004,1029,482,91,3,0.02,2026-01-07T06:12:21
3117,TRAIN,DEATH,204.6999999999971,2205,403,170,3,0.02,2026-01-07T06:12:23
3118,TRAIN,DEATH,82.19999999999652,2166,415,158,3,0.02,2026-01-07T06:12:25
3119,TRAIN,DEATH,236.79999999999643,2153,403,171,2,0.02,2026-01-07T06:12:27
3120,TRAIN,DEATH,-108.8000000000037,2070,434,139,3,0.02,2026-01-07T06:12:29
3121,TRAIN,DEATH,31.399999999998727,1947,421,152,3,0.02,2026-01-07T06:12:31
3122,TRAIN,DEATH,151.79999999999563,2138,409,164,3,0.02,2026-01-07T06:12:33
3123,TRAIN,DEATH,1352.3000000000104,3682,286,287,3,0.02,2026-01-07T06:12:36
3124,TRAIN,DEATH,2293.0000000000327,4743,245,331,0,0.02,2026-01-07T06:12:39
3125,TRAIN,DEATH,1793.2000000000207,3492,307,267,2,0.02,2026-01-07T06:12:42
3126,TRAIN,DEATH,430.599999999995,2417,381,192,3,0.02,2026-01-07T06:12:44
3127,TRAIN,DEATH,1710.0000000000364,5029,255,319,2,0.02,2026-01-07T06:12:48
3128,TRAIN,DEATH,-168.30000000000092,2228,441,132,3,0.02,2026-01-07T06:12:51
3129,TRAIN,DEATH,385.2999999999995,2374,384,189,3,0.02,2026-01-07T06:12:53
3130,TRAIN,DEATH,1336.000000000016,3921,288,285,3,0.02,2026-01-07T06:12:57
3131,TRAIN,DEATH,1782.800000000027,4422,305,269,2,0.02,2026-01-07T06:13:00
3132,TRAIN,DEATH,106.69999999999766,2149,412,161,3,0.02,2026-01-07T06:13:02
3133,TRAIN,DEATH,242.89999999999577,2192,399,174,3,0.02,2026-01-07T06:13:04
3134,TRAIN,DEATH,1348.3000000000138,3436,311,263,2,0.02,2026-01-07T06:13:07
3135,TRAIN,DEATH,1187.4000000000044,3304,305,268,3,0.02,2026-01-07T06:13:10
3136,TRAIN,DEATH,1570.8000000000088,4130,293,282,1,0.02,2026-01-07T06:13:14
3137,TRAIN,DEATH,966.2000000000103,2870,371,203,2,0.02,2026-01-07T06:13:16
3138,TRAIN,DEATH,1743.6000000000254,4210,292,282,2,0.02,2026-01-07T06:13:20
3139,TRAIN,DEATH,1772.7000000000235,4159,286,288,2,0.02,2026-01-07T06:13:24
3140,TRAIN,DEATH,1843.200000000032,4935,261,313,2,0.02,2026-01-07T06:13:28
3141,TRAIN,DEATH,2024.1000000000213,4757,246,329,1,0.02,2026-01-07T06:13:32
3142,TRAIN,DEATH,1514.3000000000072,3908,275,299,2,0.02,2026-01-07T06:13:35
3143,TRAIN,DEATH,1142.20000000001,2868,353,221,2,0.02,2026-01-07T06:13:38
3144,TRAIN,DEATH,1898.300000000038,5407,235,339,2,0.02,2026-01-07T06:13:42
3145,TRAIN,DEATH,1344.7000000000223,3516,312,262,2,0.02,2026-01-07T06:13:45
3146,TRAIN,DEATH,588.7000000000055,3031,368,206,2,0.02,2026-01-07T06:13:48
3147,TRAIN,DEATH,1009.7000000000112,2886,342,231,3,0.02,2026-01-07T06:13:50
3148,TRAIN,DEATH,2062.800000000039,5129,239,335,2,0.02,2026-01-07T06:13:54
3149,TRAIN,DEATH,695.0000000000043,2727,353,220,3,0.02,2026-01-07T06:13:57
3150,TRAIN,DEATH,687.7999999999984,2847,354,219,3,0.02,2026-01-07T06:13:59
3151,TRAIN,DEATH,1507.60000000002,4025,271,302,3,0.02,2026-01-07T06:14:03
3152,TRAIN,DEATH,585.9999999999959,2748,364,209,3,0.02,2026-01-07T06:14:05
3153,TRAIN,DEATH,1009.2000000000178,3132,322,251,3,0.02,2026-01-07T06:14:08
3154,TRAIN,DEATH,1212.9000000000228,3552,305,269,2,0.02,2026-01-07T06:14:11
3155,TRAIN,DEATH,921.900000000011,2850,331,242,3,0.02,2026-01-07T06:14:13
3156,TRAIN,DEATH,1159.900000000006,3314,330,244,2,0.02,2026-01-07T06:14:16
3157,TRAIN,DEATH,1935.4000000000206,3807,316,259,1,0.02,2026-01-07T06:14:20
3158,TRAIN,DEATH,625.8000000000025,2460,385,189,2,0.02,2026-01-07T06:14:22
3159,TRAIN,DEATH,231.19999999999504,2269,399,174,3,0.02,2026-01-07T06:14:23
3160,TRAIN,DEATH,1257.4000000000076,3181,321,253,2,0.02,2026-01-07T06:14:26
3161,TRAIN,DEATH,1835.7000000000203,4045,285,290,1,0.02,2026-01-07T06:14:29
3162,TRAIN,DEATH,1180.7000000000166,3351,332,243,1,0.02,2026-01-07T06:14:31
3163,TRAIN,DEATH,2588.900000000035,4814,232,343,1,0.02,2026-01-07T06:14:36
3164,TRAIN,DEATH,570.0999999999985,2081,392,182,2,0.02,2026-01-07T06:14:38
3165,TRAIN,DEATH,566.4999999999968,2759,370,204,2,0.02,2026-01-07T06:14:40
3166,TRAIN,DEATH,1986.9000000000265,4692,246,328,2,0.02,2026-01-07T06:14:44
3167,TRAIN,DEATH,799.2000000000094,2796,368,206,2,0.02,2026-01-07T06:14:47
3168,TRAIN,DEATH,874.000000000002,2696,361,213,2,0.02,2026-01-07T06:14:49
3169,TRAIN,DEATH,1580.3000000000047,3315,308,266,2,0.02,2026-01-07T06:14:52
3170,TRAIN,DEATH,2040.2000000000294,5223,222,352,2,0.02,2026-01-07T06:14:57
3171,TRAIN,DEATH,371.8999999999952,2286,387,186,3,0.02,2026-01-07T06:14:58
3172,TRAIN,DEATH,998.9000000000001,2750,348,226,2,0.02,2026-01-07T06:15:01
3173,TRAIN,DEATH,180.49999999999545,2175,430,144,2,0.02,2026-01-07T06:15:02
3174,TRAIN,DEATH,1116.200000000013,3232,336,238,2,0.02,2026-01-07T06:15:05
3175,TRAIN,DEATH,887.9000000000015,2965,335,238,3,0.02,2026-01-07T06:15:08
3176,TRAIN,DEATH,2040.8000000000316,5278,222,352,2,0.02,2026-01-07T06:15:12
3177,TRAIN,DEATH,2102.8000000000393,4612,257,317,2,0.02,2026-01-07T06:15:16
3178,TRAIN,DEATH,3210.700000000058,6724,146,429,1,0.02,2026-01-07T06:15:22
3179,TRAIN,DEATH,443.0000000000001,1984,424,150,2,0.02,2026-01-07T06:15:24
3180,TRAIN,DEATH,2296.4000000000324,4556,216,358,2,0.02,2026-01-07T06:15:28
3181,TRAIN,DEATH,317.7999999999961,2557,396,178,2,0.02,2026-01-07T06:15:30
3182,TRAIN,DEATH,-4.2000000000040245,1889,425,148,3,0.02,2026-01-07T06:15:31
3183,TRAIN,DEATH,791.0999999999997,2803,368,206,2,0.02,2026-01-07T06:15:33
3184,TRAIN,DEATH,1131.2000000000057,2634,355,219,2,0.02,2026-01-07T06:15:36
3185,TRAIN,DEATH,1306.5000000000168,3438,316,258,2,0.02,2026-01-07T06:15:39
3186,TRAIN,DEATH,2084.7000000000394,5723,211,362,3,0.02,2026-01-07T06:15:44
3187,TRAIN,DEATH,1272.0000000000157,3469,319,255,2,0.02,2026-01-07T06:15:47
3188,TRAIN,DEATH,541.3000000000015,2398,393,181,2,0.02,2026-01-07T06:15:49
3189,TRAIN,DEATH,1605.9000000000256,4206,289,286,1,0.02,2026-01-07T06:15:53
3190,TRAIN,DEATH,914.4000000000101,3047,355,219,2,0.02,2026-01-07T06:15:55
3191,TRAIN,DEATH,1310.300000000027,4059,291,282,3,0.02,2026-01-07T06:15:58
3192,TRAIN,DEATH,1523.600000000023,3859,317,258,1,0.02,2026-01-07T06:16:01
3193,TRAIN,DEATH,588.500000000007,2579,365,208,3,0.02,2026-01-07T06:16:04
3194,TRAIN,DEATH,2326.2000000000467,5882,193,381,2,0.02,2026-01-07T06:16:09
3195,TRAIN,DEATH,1475.3000000000193,4330,299,275,2,0.02,2026-01-07T06:16:13
3196,TRAIN,DEATH,487.8999999999969,2345,399,175,2,0.02,2026-01-07T06:16:15
3197,TRAIN,DEATH,2791.7000000000503,6294,168,407,1,0.02,2026-01-07T06:16:20
3198,TRAIN,DEATH,-117.39999999999912,1857,436,137,3,0.02,2026-01-07T06:16:21
3199,TRAIN,DEATH,1442.1000000000213,3958,283,291,2,0.02,2026-01-07T06:16:25
3200,TRAIN,DEATH,1525.200000000028,3604,314,260,2,0.02,2026-01-07T06:16:28
3201,TRAIN,DEATH,1031.8000000000045,3484,319,254,3,0.02,2026-01-07T06:16:31
3202,TRAIN,DEATH,1585.8000000000147,3563,309,265,2,0.02,2026-01-07T06:16:34
3203,TRAIN,DEATH,1498.6000000000272,3846,301,274,1,0.02,2026-01-07T06:16:37
3204,TRAIN,DEATH,1132.9000000000028,3291,334,240,2,0.02,2026-01-07T06:16:40
3205,TRAIN,DEATH,280.7999999999961,2127,395,178,3,0.02,2026-01-07T06:16:43
3206,TRAIN,DEATH,1529.700000000016,3697,294,280,2,0.02,2026-01-07T06:16:46
3207,TRAIN,DEATH,387.1999999999965,2477,384,189,3,0.02,2026-01-07T06:16:48
3208,TRAIN,DEATH,589.699999999995,3018,362,211,3,0.02,2026-01-07T06:16:50
3209,TRAIN,DEATH,491.4999999999949,2376,375,198,3,0.02,2026-01-07T06:16:52
3210,TRAIN,DEATH,1948.0000000000286,4499,252,322,2,0.02,2026-01-07T06:16:56
3211,TRAIN,DEATH,-25.70000000000408,1900,427,146,3,0.02,2026-01-07T06:16:58
3212,TRAIN,DEATH,1262.4000000000208,3859,300,274,2,0.02,2026-01-07T06:17:01
3213,TRAIN,DEATH,1046.7000000000094,3311,343,231,2,0.02,2026-01-07T06:17:04
3214,TRAIN,DEATH,1426.600000000019,3681,303,271,2,0.02,2026-01-07T06:17:07
3215,TRAIN,DEATH,99.8999999999993,1723,437,137,2,0.02,2026-01-07T06:17:09
3216,TRAIN,DEATH,891.9000000000046,3440,337,237,2,0.02,2026-01-07T06:17:11
3217,TRAIN,DEATH,-209.70000000000118,1482,445,128,3,0.02,2026-01-07T06:17:13
3218,TRAIN,DEATH,614.6000000000058,2421,386,188,2,0.02,2026-01-07T06:17:15
3219,TRAIN,DEATH,827.1999999999989,3011,340,233,3,0.02,2026-01-07T06:17:18
3220,TRAIN,DEATH,1458.900000000028,4363,279,295,2,0.02,2026-01-07T06:17:22
3221,TRAIN,DEATH,1371.7000000000223,3431,309,265,2,0.02,2026-01-07T06:17:25
3222,TRAIN,DEATH,828.0999999999995,3070,344,230,2,0.02,2026-01-07T06:17:28
3223,TRAIN,DEATH,2085.3000000000397,5574,218,356,2,0.02,2026-01-07T06:17:32
3224,TRAIN,DEATH,854.7000000000148,2942,381,193,2,0.02,2026-01-07T06:17:35
3225,TRAIN,DEATH,2193.700000000035,5415,206,368,2,0.02,2026-01-07T06:17:40
3226,TRAIN,DEATH,1584.600000000023,3811,308,266,2,0.02,2026-01-07T06:17:43
3227,TRAIN,DEATH,1062.1000000000147,3136,344,231,1,0.02,2026-01-07T06:17:46
3228,TRAIN,DEATH,1004.9000000000156,3097,327,247,2,0.02,2026-01-07T06:17:49
3229,TRAIN,DEATH,285.5999999999981,2090,396,177,3,0.02,2026-01-07T06:17:51
3230,TRAIN,DEATH,1024.1000000000151,3689,320,253,3,0.02,2026-01-07T06:17:54
3231,TRAIN,DEATH,1200.6000000000204,3257,307,267,2,0.02,2026-01-07T06:17:57
3232,TRAIN,DEATH,955.6000000000058,3147,327,246,3,0.02,2026-01-07T06:18:00
3233,TRAIN,DEATH,2205.0000000000305,4796,263,311,2,0.02,2026-01-07T06:18:04
3234,TRAIN,DEATH,1417.200000000019,3302,333,243,0,0.02,2026-01-07T06:18:06
3235,TRAIN,DEATH,2127.7000000000253,3806,298,277,1,0.02,2026-01-07T06:18:09
3236,TRAIN,DEATH,2128.7000000000367,5016,232,342,2,0.02,2026-01-07T06:18:13
3237,TRAIN,DEATH,853.8000000000002,3429,336,237,3,0.02,2026-01-07T06:18:16
3238,TRAIN,DEATH,1470.4000000000099,3278,319,255,2,0.02,2026-01-07T06:18:19
3239,TRAIN,DEATH,2088.800000000032,5414,257,317,2,0.02,2026-01-07T06:18:24
3240,TRAIN,DEATH,712.3000000000002,2787,351,222,3,0.02,2026-01-07T06:18:26
3241,TRAIN,DEATH,2496.3000000000384,5632,194,380,2,0.02,2026-01-07T06:18:31
3242,TRAIN,DEATH,1129.2000000000141,2749,378,197,1,0.02,2026-01-07T06:18:33
3243,TRAIN,DEATH,1686.8000000000243,4488,257,317,2,0.02,2026-01-07T06:18:37
3244,TRAIN,DEATH,599.599999999996,3381,361,212,3,0.02,2026-01-07T06:18:40
3245,TRAIN,DEATH,1623.4000000000196,4152,260,313,3,0.02,2026-01-07T06:18:43
3246,TRAIN,DEATH,1721.7000000000194,4560,250,323,3,0.02,2026-01-07T06:18:47
3247,TRAIN,DEATH,275.59999999999593,2127,396,177,3,0.02,2026-01-07T06:18:49
3248,TRAIN,DEATH,1266.9000000000196,3401,340,234,2,0.02,2026-01-07T06:18:51
3249,TRAIN,DEATH,979.6999999999996,3096,349,225,2,0.02,2026-01-07T06:18:54
3250,TRAIN,DEATH,1407.7000000000216,3367,305,269,2,0.02,2026-01-07T06:18:56
3251,TRAIN,DEATH,912.100000000004,2796,332,241,3,0.02,2026-01-07T06:18:59
3252,TRAIN,DEATH,568.0999999999963,2668,369,205,2,0.02,2026-01-07T06:19:01
3253,TRAIN,DEATH,1635.5000000000232,3555,303,271,2,0.02,2026-01-07T06:19:05
3254,TRAIN,DEATH,1474.4000000000165,3913,298,276,2,0.02,2026-01-07T06:19:08
3255,TRAIN,DEATH,1890.3000000000247,3813,278,296,2,0.02,2026-01-07T06:19:12
3256,TRAIN,DEATH,1166.3000000000216,3716,305,268,3,0.02,2026-01-07T06:19:15
3257,TRAIN,DEATH,1477.8000000000243,3338,319,255,2,0.02,2026-01-07T06:19:17
3258,TRAIN,DEATH,1063.9000000000137,3500,315,258,3,0.02,2026-01-07T06:19:20
3259,TRAIN,DEATH,277.79999999999677,2146,397,176,3,0.02,2026-01-07T06:19:22
3260,TRAIN,DEATH,-260.20000000000095,1537,451,122,3,0.02,2026-01-07T06:19:23
3261,TRAIN,DEATH,1758.6000000000336,4581,250,324,2,0.02,2026-01-07T06:19:27
3262,TRAIN,DEATH,1425.000000000021,3978,283,291,2,0.02,2026-01-07T06:19:31
3263,TRAIN,DEATH,776.3000000000134,3492,370,204,2,0.02,2026-01-07T06:19:33
3264,TRAIN,DEATH,758.2999999999984,3020,346,227,3,0.02,2026-01-07T06:19:36
3265,TRAIN,DEATH,1310.7000000000082,3530,319,256,1,0.02,2026-01-07T06:19:39
3266,TRAIN,DEATH,1307.5000000000157,3278,340,235,1,0.02,2026-01-07T06:19:41
3267,TRAIN,DEATH,1176.1000000000201,3788,305,268,3,0.02,2026-01-07T06:19:45
3268,TRAIN,DEATH,1458.6000000000108,4187,301,273,2,0.02,2026-01-07T06:19:49
3269,TRAIN,DEATH,2303.300000000038,4954,216,358,2,0.02,2026-01-07T06:19:53
3270,TRAIN,DEATH,1998.700000000033,5153,226,348,2,0.02,2026-01-07T06:19:57
3271,TRAIN,DEATH,1863.7000000000303,5449,239,335,2,0.02,2026-01-07T06:20:01
3272,TRAIN,DEATH,1278.2000000000178,3922,294,279,3,0.02,2026-01-07T06:20:05
3273,TRAIN,DEATH,1644.1000000000222,4143,305,270,1,0.02,2026-01-07T06:20:09
3274,TRAIN,DEATH,1520.900000000025,3652,294,280,2,0.02,2026-01-07T06:20:12
3275,TRAIN,DEATH,-713.1000000000008,929,496,77,3,0.02,2026-01-07T06:20:13
3276,TRAIN,DEATH,-167.90000000000066,1417,441,132,3,0.02,2026-01-07T06:20:14
3277,TRAIN,DEATH,2025.4000000000215,4430,244,330,2,0.02,2026-01-07T06:20:18
3278,TRAIN,DEATH,478.09999999999513,2531,376,197,3,0.02,2026-01-07T06:20:20
3279,TRAIN,DEATH,565.6000000000113,2289,392,182,2,0.02,2026-01-07T06:20:22
3280,TRAIN,DEATH,1580.9000000000192,3223,337,239,0,0.02,2026-01-07T06:20:24
3281,TRAIN,DEATH,1668.600000000024,4265,255,318,3,0.02,2026-01-07T06:20:27
3282,TRAIN,DEATH,2382.4000000000296,4445,251,324,1,0.02,2026-01-07T06:20:31
3283,TRAIN,DEATH,775.3000000000177,2984,370,204,2,0.02,2026-01-07T06:20:34
3284,TRAIN,DEATH,1537.0000000000232,3573,316,259,1,0.02,2026-01-07T06:20:37
3285,TRAIN,DEATH,297.0999999999966,2138,394,179,3,0.02,2026-01-07T06:20:38
3286,TRAIN,DEATH,459.4999999999959,2432,378,195,3,0.02,2026-01-07T06:20:41
3287,TRAIN,DEATH,1163.0000000000123,2975,351,223,2,0.02,2026-01-07T06:20:43
3288,TRAIN,DEATH,417.7999999999952,2703,386,188,2,0.02,2026-01-07T06:20:46
3289,TRAIN,DEATH,1730.8000000000302,3973,297,278,1,0.02,2026-01-07T06:20:49
3290,TRAIN,DEATH,659.2000000000039,3057,354,219,3,0.02,2026-01-07T06:20:52
3291,TRAIN,DEATH,758.4000000000028,2941,347,226,3,0.02,2026-01-07T06:20:55
3292,TRAIN,DEATH,52.69999999999595,2239,419,154,3,0.02,2026-01-07T06:20:57
3293,TRAIN,DEATH,1102.5000000000048,2885,357,217,2,0.02,2026-01-07T06:20:59
3294,TRAIN,DEATH,2553.9000000000415,5373,213,362,1,0.02,2026-01-07T06:21:03
3295,TRAIN,DEATH,1671.8000000000252,4364,259,315,2,0.02,2026-01-07T06:21:07
3296,TRAIN,DEATH,800.7000000000044,3065,344,229,3,0.02,2026-01-07T06:21:10
3297,TRAIN,DEATH,1485.100000000015,3228,317,257,2,0.02,2026-01-07T06:21:12
3298,TRAIN,DEATH,1724.700000000033,4704,250,323,3,0.02,2026-01-07T06:21:16
3299,TRAIN,DEATH,520.200000000004,2726,376,198,2,0.02,2026-01-07T06:21:18
3300,TRAIN,DEATH,1125.800000000007,3548,310,263,3,0.02,2026-01-07T06:21:21
3301,TRAIN,DEATH,2875.3000000000598,7257,135,439,2,0.02,2026-01-07T06:21:27
3302,TRAIN,DEATH,98.399999999996,1946,414,159,3,0.02,2026-01-07T06:21:29
3303,TRAIN,DEATH,1753.800000000022,4243,247,326,3,0.02,2026-01-07T06:21:33
3304,TRAIN,DEATH,1092.7000000000057,3110,358,216,2,0.02,2026-01-07T06:21:36
3305,TRAIN,DEATH,2444.400000000038,5016,219,355,2,0.02,2026-01-07T06:21:40
3306,TRAIN,DEATH,261.4999999999957,2117,398,175,3,0.02,2026-01-07T06:21:42
3307,TRAIN,DEATH,722.2000000000003,3077,353,221,2,0.02,2026-01-07T06:21:44
3308,TRAIN,DEATH,2260.6000000000313,4582,242,333,1,0.02,2026-01-07T06:21:48
3309,TRAIN,DEATH,2613.50000000004,6014,183,391,2,0.02,2026-01-07T06:21:54
3310,TRAIN,DEATH,1460.700000000008,3517,301,273,2,0.02,2026-01-07T06:21:57
3311,TRAIN,DEATH,1124.9000000000158,3259,338,237,1,0.02,2026-01-07T06:22:00
3312,TRAIN,DEATH,1907.2000000000226,4452,275,299,2,0.02,2026-01-07T06:22:04
3313,TRAIN,DEATH,1585.5000000000196,3652,312,263,1,0.02,2026-01-07T06:22:07
3314,TRAIN,DEATH,1393.7000000000148,3821,283,290,3,0.02,2026-01-07T06:22:10
3315,TRAIN,DEATH,313.4999999999984,2683,392,181,3,0.02,2026-01-07T06:22:12
3316,TRAIN,DEATH,491.40000000000134,2387,375,198,3,0.02,2026-01-07T06:22:15
3317,TRAIN,DEATH,1255.6000000000188,3098,345,230,1,0.02,2026-01-07T06:22:18
3318,TRAIN,DEATH,459.6999999999971,2376,402,172,2,0.02,2026-01-07T06:22:19
3319,TRAIN,DEATH,1016.9000000000069,3767,327,248,1,0.02,2026-01-07T06:22:23
3320,TRAIN,DEATH,2011.1000000000308,5006,223,351,2,0.02,2026-01-07T06:22:27
3321,TRAIN,DEATH,1809.6000000000286,4852,249,326,1,0.02,2026-01-07T06:22:30
3322,TRAIN,DEATH,2652.100000000043,5093,244,331,1,0.02,2026-01-07T06:22:34
3323,TRAIN,DEATH,7.1999999999964075,1730,424,149,3,0.02,2026-01-07T06:22:36
3324,TRAIN,DEATH,388.9000000000045,2286,385,188,3,0.02,2026-01-07T06:22:38
3325,TRAIN,DEATH,2603.200000000035,5336,224,350,2,0.02,2026-01-07T06:22:43
3326,TRAIN,DEATH,889.1000000000038,3111,335,238,3,0.02,2026-01-07T06:22:46
3327,TRAIN,DEATH,440.5999999999967,2317,380,193,3,0.02,2026-01-07T06:22:47
3328,TRAIN,DEATH,2588.2000000000457,6231,188,387,1,0.02,2026-01-07T06:22:52
3329,TRAIN,DEATH,10.199999999994475,2636,424,149,3,0.02,2026-01-07T06:22:54
3330,TRAIN,DEATH,621.4000000000001,2011,406,168,2,0.02,2026-01-07T06:22:56
3331,TRAIN,DEATH,863.500000000005,3202,340,234,2,0.02,2026-01-07T06:22:59
3332,TRAIN,DEATH,656.3000000000004,2552,381,193,2,0.02,2026-01-07T06:23:01
3333,TRAIN,DEATH,1907.6000000000122,3894,280,295,1,0.02,2026-01-07T06:23:05
3334,TRAIN,DEATH,1881.3000000000288,4133,278,296,2,0.02,2026-01-07T06:23:08
3335,TRAIN,DEATH,678.8999999999992,2466,356,217,3,0.02,2026-01-07T06:23:11
3336,TRAIN,DEATH,2645.400000000027,4834,225,350,1,0.02,2026-01-07T06:23:14
3337,TRAIN,DEATH,1297.4000000000124,3416,316,258,2,0.02,2026-01-07T06:23:18
3338,TRAIN,DEATH,1122.7000000000035,3418,311,262,3,0.02,2026-01-07T06:23:21
3339,TRAIN,DEATH,1861.1000000000308,4564,238,336,2,0.02,2026-01-07T06:23:25
3340,TRAIN,DEATH,1429.7000000000216,3336,327,248,1,0.02,2026-01-07T06:23:27
3341,TRAIN,DEATH,2268.8000000000407,5302,194,379,3,0.02,2026-01-07T06:23:31
3342,TRAIN,DEATH,2530.0000000000236,5029,234,341,1,0.02,2026-01-07T06:23:35
3343,TRAIN,DEATH,766.1000000000022,2919,347,226,3,0.02,2026-01-07T06:23:38
3344,TRAIN,DEATH,783.7999999999997,2819,344,229,3,0.02,2026-01-07T06:23:41
3345,TRAIN,DEATH,790.1000000000081,2834,347,227,2,0.02,2026-01-07T06:23:43
3346,TRAIN,DEATH,1388.4000000000283,3935,290,285,1,0.02,2026-01-07T06:23:47
3347,TRAIN,DEATH,2050.8000000000347,4648,259,315,2,0.02,2026-01-07T06:23:51
3348,TRAIN,DEATH,188.69999999999573,2039,405,168,3,0.02,2026-01-07T06:23:52
3349,TRAIN,DEATH,1079.900000000016,3686,315,258,3,0.02,2026-01-07T06:23:56
3350,TRAIN,DEATH,694.7000000000007,2969,352,221,3,0.02,2026-01-07T06:23:58
3351,TRAIN,DEATH,1618.000000000024,3685,305,269,2,0.02,2026-01-07T06:24:02
3352,TRAIN,DEATH,3207.7000000000344,7233,167,408,1,0.02,2026-01-07T06:24:07
3353,TRAIN,DEATH,1976.800000000033,4591,257,319,0,0.02,2026-01-07T06:24:11
3354,TRAIN,DEATH,893.5000000000057,2929,338,236,2,0.02,2026-01-07T06:24:13
3355,TRAIN,DEATH,1734.900000000032,4444,253,321,2,0.02,2026-01-07T06:24:17
3356,TRAIN,DEATH,729.1000000000004,2972,350,223,3,0.02,2026-01-07T06:24:20
3357,TRAIN,DEATH,1669.7000000000194,4028,283,292,1,0.02,2026-01-07T06:24:23
3358,TRAIN,DEATH,2760.100000000049,6182,187,387,2,0.02,2026-01-07T06:24:29
3359,TRAIN,DEATH,1147.7000000000114,3110,332,242,2,0.02,2026-01-07T06:24:31
3360,TRAIN,DEATH,1527.9000000000292,3901,295,279,2,0.02,2026-01-07T06:24:35
3361,TRAIN,DEATH,-625.8000000000006,950,488,85,3,0.02,2026-01-07T06:24:36
3362,TRAIN,DEATH,663.2000000000046,2793,380,194,2,0.02,2026-01-07T06:24:38
3363,TRAIN,DEATH,2710.4000000000365,4417,281,295,0,0.02,2026-01-07T06:24:42
3364,TRAIN,DEATH,2243.00000000003,5313,241,333,2,0.02,2026-01-07T06:24:46
3365,TRAIN,DEATH,2606.300000000044,5786,208,367,1,0.02,2026-01-07T06:24:51
3366,TRAIN,DEATH,480.5999999999955,2340,376,197,3,0.02,2026-01-07T06:24:53
3367,TRAIN,DEATH,2422.6000000000454,5897,223,351,2,0.02,2026-01-07T06:24:58
3368,TRAIN,DEATH,1817.5000000000332,4627,243,331,2,0.02,2026-01-07T06:25:01
3369,TRAIN,DEATH,1475.6000000000101,3663,302,273,1,0.02,2026-01-07T06:25:04
3370,TRAIN,DEATH,-139.10000000000156,1528,439,134,3,0.02,2026-01-07T06:25:06
3371,TRAIN,DEATH,2967.9000000000656,7823,126,448,2,0.02,2026-01-07T06:25:12
3372,TRAIN,DEATH,560.1999999999985,2480,390,184,2,0.02,2026-01-07T06:25:15
3373,TRAIN,DEATH,1558.3000000000206,4503,270,304,2,0.02,2026-01-07T06:25:20
3374,TRAIN,DEATH,1016.8000000000061,3110,321,252,3,0.02,2026-01-07T06:25:22
3375,TRAIN,DEATH,1286.700000000024,3848,317,257,2,0.02,2026-01-07T06:25:25
3376,TRAIN,DEATH,890.7000000000046,2605,378,196,2,0.02,2026-01-07T06:25:28
3377,TRAIN,DEATH,1651.0000000000223,4216,260,314,2,0.02,2026-01-07T06:25:31
3378,TRAIN,DEATH,-434.800000000001,1221,468,105,3,0.02,2026-01-07T06:25:32
3379,TRAIN,DEATH,1271.4000000000187,3181,320,254,2,0.02,2026-01-07T06:25:36
3380,TRAIN,DEATH,1170.9000000000124,3157,334,241,1,0.02,2026-01-07T06:25:38
3381,TRAIN,DEATH,1027.0000000000064,2951,344,230,2,0.02,2026-01-07T06:25:41
3382,TRAIN,DEATH,754.8000000000102,2973,351,223,2,0.02,2026-01-07T06:25:43
3383,TRAIN,DEATH,341.0999999999965,2360,388,185,3,0.02,2026-01-07T06:25:45
3384,TRAIN,DEATH,1274.5000000000132,3471,322,253,1,0.02,2026-01-07T06:25:48
3385,TRAIN,DEATH,1002.3000000000081,3351,347,227,2,0.02,2026-01-07T06:25:51
3386,TRAIN,DEATH,378.89999999999566,2423,386,187,3,0.02,2026-01-07T06:25:53
3387,TRAIN,DEATH,-215.300000000002,1482,450,124,2,0.02,2026-01-07T06:25:54
3388,TRAIN,DEATH,1226.2000000000094,3608,304,270,2,0.02,2026-01-07T06:25:57
3389,TRAIN,DEATH,1482.5000000000068,3348,299,275,2,0.02,2026-01-07T06:26:00
3390,TRAIN,DEATH,1592.7000000000226,4636,263,310,3,0.02,2026-01-07T06:26:04
3391,TRAIN,DEATH,1894.5000000000218,4497,256,318,2,0.02,2026-01-07T06:26:08
3392,TRAIN,DEATH,99.39999999999611,2028,414,159,3,0.02,2026-01-07T06:26:10
3393,TRAIN,DEATH,1323.0000000000014,3301,338,237,1,0.02,2026-01-07T06:26:12
3394,TRAIN,DEATH,2942.400000000045,6304,175,400,1,0.02,2026-01-07T06:26:17
3395,TRAIN,DEATH,3499.3000000000625,7513,136,439,1,0.02,2026-01-07T06:26:24
3396,TRAIN,DEATH,1101.0000000000102,3180,313,260,3,0.02,2026-01-07T06:26:26
3397,TRAIN,DEATH,516.9999999999953,2500,371,202,3,0.02,2026-01-07T06:26:28
3398,TRAIN,DEATH,1396.600000000012,3527,327,247,2,0.02,2026-01-07T06:26:31
3399,TRAIN,DEATH,445.9999999999974,2196,380,193,3,0.02,2026-01-07T06:26:34
3400,TRAIN,DEATH,1251.1000000000113,3497,322,252,2,0.02,2026-01-07T06:26:38
3401,TRAIN,DEATH,2750.900000000037,4978,214,361,1,0.02,2026-01-07T06:26:42
3402,TRAIN,DEATH,-8.200000000003001,1818,425,148,3,0.02,2026-01-07T06:26:43
3403,TRAIN,DEATH,1130.6000000000063,3382,314,260,2,0.02,2026-01-07T06:26:46
3404,TRAIN,DEATH,822.2000000000082,2747,385,189,2,0.02,2026-01-07T06:26:48
3405,TRAIN,DEATH,861.4999999999991,2712,361,213,2,0.02,2026-01-07T06:26:51
3406,TRAIN,DEATH,223.39999999999714,1921,402,171,3,0.02,2026-01-07T06:26:53
3407,TRAIN,DEATH,630.5999999999995,3391,365,209,2,0.02,2026-01-07T06:26:55
3408,TRAIN,DEATH,-25.200000000003797,1770,426,147,3,0.02,2026-01-07T06:26:57
3409,TRAIN,DEATH,229.8999999999976,2103,400,173,3,0.02,2026-01-07T06:26:59
3410,TRAIN,DEATH,332.2999999999952,2354,391,182,3,0.02,2026-01-07T06:27:01
3411,TRAIN,DEATH,1242.200000000018,3422,340,234,2,0.02,2026-01-07T06:27:04
3412,TRAIN,DEATH,1499.7000000000255,4442,272,301,3,0.02,2026-01-07T06:27:08
3413,TRAIN,DEATH,880.9000000000133,3433,338,236,2,0.02,2026-01-07T06:27:11
3414,TRAIN,DEATH,770.4999999999995,3034,346,227,3,0.02,2026-01-07T06:27:14
3415,TRAIN,DEATH,270.69999999999743,2216,397,176,3,0.02,2026-01-07T06:27:15
3416,TRAIN,DEATH,2499.1000000000313,4400,265,311,0,0.02,2026-01-07T06:27:19
3417,TRAIN,DEATH,1218.600000000015,3610,300,273,3,0.02,2026-01-07T06:27:22
3418,TRAIN,DEATH,2045.9000000000256,4604,244,331,1,0.02,2026-01-07T06:27:25
3419,TRAIN,DEATH,1012.100000000012,3111,351,224,1,0.02,2026-01-07T06:27:28
3420,TRAIN,DEATH,662.3999999999983,2572,357,216,3,0.02,2026-01-07T06:27:31
3421,TRAIN,DEATH,750.2000000000005,3517,351,223,2,0.02,2026-01-07T06:27:33
3422,TRAIN,DEATH,2387.500000000041,5380,210,365,1,0.02,2026-01-07T06:27:38
3423,TRAIN,DEATH,693.9000000000126,3032,354,219,3,0.02,2026-01-07T06:27:40
3424,TRAIN,DEATH,1405.8000000000222,4366,285,289,2,0.02,2026-01-07T06:27:44
3425,TRAIN,DEATH,728.3999999999971,2785,351,222,3,0.02,2026-01-07T06:27:47
3426,TRAIN,DEATH,1194.3000000000065,3292,308,266,2,0.02,2026-01-07T06:27:49
3427,TRAIN,DEATH,1194.9000000000012,2968,348,226,2,0.02,2026-01-07T06:27:52
3428,TRAIN,DEATH,2063.0000000000155,3906,284,291,1,0.02,2026-01-07T06:27:55
3429,TRAIN,DEATH,1297.2000000000191,3156,338,236,2,0.02,2026-01-07T06:27:58
3430,TRAIN,DEATH,1916.800000000038,5923,229,344,3,0.02,2026-01-07T06:28:04
3431,TRAIN,DEATH,902.5000000000064,2970,356,218,2,0.02,2026-01-07T06:28:06
3432,TRAIN,DEATH,2121.5000000000227,4990,236,339,1,0.02,2026-01-07T06:28:10
3433,TRAIN,DEATH,696.6000000000058,2531,358,216,2,0.02,2026-01-07T06:28:12
3434,TRAIN,DEATH,536.599999999999,2554,374,200,2,0.02,2026-01-07T06:28:14
3435,TRAIN,DEATH,1436.8000000000284,4041,302,272,2,0.02,2026-01-07T06:28:17
3436,TRAIN,DEATH,1756.7000000000148,3764,291,283,2,0.02,2026-01-07T06:28:21
3437,TRAIN,DEATH,766.9999999999986,3007,347,226,3,0.02,2026-01-07T06:28:23
3438,TRAIN,DEATH,144.59999999999695,1839,434,140,2,0.02,2026-01-07T06:28:25
3439,TRAIN,DEATH,1490.1000000000213,3716,316,258,2,0.02,2026-01-07T06:28:28
3440,TRAIN,DEATH,1004.3000000000061,2872,347,227,2,0.02,2026-01-07T06:28:31
3441,TRAIN,DEATH,1031.8000000000159,3192,318,255,3,0.02,2026-01-07T06:28:34
3442,TRAIN,DEATH,782.9000000000126,3008,343,230,3,0.02,2026-01-07T06:28:37
3443,TRAIN,DEATH,-66.10000000000343,1650,431,142,3,0.02,2026-01-07T06:28:39
3444,TRAIN,DEATH,1717.0000000000314,4528,253,321,2,0.02,2026-01-07T06:28:43
3445,TRAIN,DEATH,1848.2000000000317,4885,260,314,2,0.02,2026-01-07T06:28:47
3446,TRAIN,DEATH,1859.1000000000095,3824,325,250,1,0.02,2026-01-07T06:28:50
3447,TRAIN,DEATH,1721.100000000024,4362,273,301,2,0.02,2026-01-07T06:28:54
3448,TRAIN,DEATH,2605.8000000000397,5699,189,386,1,0.02,2026-01-07T06:28:59
3449,TRAIN,DEATH,1042.3000000000104,3765,322,252,2,0.02,2026-01-07T06:29:02
3450,TRAIN,DEATH,1096.9000000000144,3133,313,260,3,0.02,2026-01-07T06:29:05
3451,TRAIN,DEATH,-60.50000000000239,1742,430,143,3,0.02,2026-01-07T06:29:06
3452,TRAIN,DEATH,294.3999999999952,2164,395,178,3,0.02,2026-01-07T06:29:08
3453,TRAIN,DEATH,465.19999999999493,2591,377,196,3,0.02,2026-01-07T06:29:10
3454,TRAIN,DEATH,1424.3000000000143,3640,324,250,2,0.02,2026-01-07T06:29:13
3455,TRAIN,DEATH,1653.0000000000196,3553,306,269,1,0.02,2026-01-07T06:29:16
3456,TRAIN,DEATH,1255.9000000000192,4198,299,275,2,0.02,2026-01-07T06:29:20
3457,TRAIN,DEATH,1026.1000000000063,3009,370,206,0,0.02,2026-01-07T06:29:22
3458,TRAIN,DEATH,1634.0000000000314,4280,290,286,0,0.02,2026-01-07T06:29:26
3459,TRAIN,DEATH,1167.8000000000154,3339,310,264,2,0.02,2026-01-07T06:29:28
3460,TRAIN,DEATH,401.2999999999954,2299,383,190,3,0.02,2026-01-07T06:29:31
3461,TRAIN,DEATH,1868.90000000003,4128,258,316,2,0.02,2026-01-07T06:29:34
3462,TRAIN,DEATH,1542.200000000013,3463,312,262,2,0.02,2026-01-07T06:29:38
3463,TRAIN,DEATH,-174.7000000000021,1699,442,131,3,0.02,2026-01-07T06:29:39
3464,TRAIN,DEATH,823.3000000000095,3042,344,230,2,0.02,2026-01-07T06:29:42
3465,TRAIN,DEATH,1064.3000000000177,3494,340,234,2,0.02,2026-01-07T06:29:45
3466,TRAIN,DEATH,1334.8000000000236,3742,318,257,1,0.02,2026-01-07T06:29:48
3467,TRAIN,DEATH,787.8000000000075,2779,348,226,2,0.02,2026-01-07T06:29:50
3468,TRAIN,DEATH,-251.0999999999999,1493,450,123,3,0.02,2026-01-07T06:29:52
3469,TRAIN,DEATH,1304.0000000000225,4276,294,280,2,0.02,2026-01-07T06:29:55
3470,TRAIN,DEATH,1860.7000000000317,4434,283,292,1,0.02,2026-01-07T06:29:59
3471,TRAIN,DEATH,-58.20000000000414,1980,430,143,3,0.02,2026-01-07T06:30:01
3472,TRAIN,DEATH,1191.6000000000133,3392,347,227,2,0.02,2026-01-07T06:30:04
3473,TRAIN,DEATH,1046.4000000000083,2931,342,232,2,0.02,2026-01-07T06:30:07
3474,TRAIN,DEATH,1018.4000000000201,3250,345,229,2,0.02,2026-01-07T06:30:09
3475,TRAIN,DEATH,790.9000000000058,2729,368,206,2,0.02,2026-01-07T06:30:12
3476,TRAIN,DEATH,1127.7000000000146,3410,333,241,2,0.02,2026-01-07T06:30:15
3477,TRAIN,DEATH,1214.1000000000154,3935,305,269,2,0.02,2026-01-07T06:30:18
3478,TRAIN,DEATH,259.499999999996,2313,397,176,3,0.02,2026-01-07T06:30:20
3479,TRAIN,DEATH,639.3000000000045,2848,359,214,3,0.02,2026-01-07T06:30:23
3480,TRAIN,DEATH,1754.90000000002,3663,296,279,1,0.02,2026-01-07T06:30:26
3481,TRAIN,DEATH,1829.000000000029,3934,308,267,1,0.02,2026-01-07T06:30:29
3482,TRAIN,DEATH,1061.5000000000057,3674,320,254,2,0.02,2026-01-07T06:30:33
3483,TRAIN,DEATH,73.1999999999972,1855,417,156,3,0.02,2026-01-07T06:30:34
3484,TRAIN,DEATH,910.0000000000198,3245,331,242,3,0.02,2026-01-07T06:30:37
3485,TRAIN,DEATH,1041.8000000000015,3228,343,231,2,0.02,2026-01-07T06:30:40
3486,TRAIN,DEATH,797.1000000000088,2713,344,229,3,0.02,2026-01-07T06:30:42
3487,TRAIN,DEATH,900.4000000000124,3192,357,217,2,0.02,2026-01-07T06:30:45
3488,TRAIN,DEATH,2104.500000000039,5513,237,338,1,0.02,2026-01-07T06:30:49
3489,TRAIN,DEATH,691.0000000000073,3678,356,218,2,0.02,2026-01-07T06:30:53
3490,TRAIN,DEATH,1336.900000000016,3749,312,262,2,0.02,2026-01-07T06:30:55
3491,TRAIN,DEATH,1739.2000000000294,4302,272,302,2,0.02,2026-01-07T06:30:59
3492,TRAIN,DEATH,2030.800000000032,4407,242,332,2,0.02,2026-01-07T06:31:02
3493,TRAIN,DEATH,232.8999999999961,1971,401,172,3,0.02,2026-01-07T06:31:04
3494,TRAIN,DEATH,1147.2000000000178,3132,357,218,1,0.02,2026-01-07T06:31:07
3495,TRAIN,DEATH,1939.1000000000336,4716,252,322,2,0.02,2026-01-07T06:31:10
3496,TRAIN,DEATH,2524.1000000000395,5374,216,359,1,0.02,2026-01-07T06:31:15
3497,TRAIN,DEATH,482.5999999999947,2433,376,197,3,0.02,2026-01-07T06:31:17
3498,TRAIN,DEATH,1093.400000000025,3983,320,255,1,0.02,2026-01-07T06:31:21
3499,TRAIN,DEATH,710.4000000000069,2739,351,222,3,0.02,2026-01-07T06:31:23
3500,TRAIN,DEATH,610.0000000000009,2953,362,211,3,0.02,2026-01-07T06:31:26
3501,TRAIN,DEATH,872.700000000016,3276,335,238,3,0.02,2026-01-07T06:31:29
3502,TRAIN,DEATH,1867.6000000000208,3758,307,269,0,0.02,2026-01-07T06:31:31
3503,TRAIN,DEATH,1845.2000000000276,4316,285,290,1,0.02,2026-01-07T06:31:35
3504,TRAIN,DEATH,310.89999999999714,2387,395,179,2,0.02,2026-01-07T06:31:37
3505,TRAIN,DEATH,536.1000000000008,2778,394,180,2,0.02,2026-01-07T06:31:40
3506,TRAIN,DEATH,1025.300000000012,3214,345,229,2,0.02,2026-01-07T06:31:42
3507,TRAIN,DEATH,755.2999999999981,2851,373,202,1,0.02,2026-01-07T06:31:44
3508,TRAIN,DEATH,882.9000000000137,2840,335,238,3,0.02,2026-01-07T06:31:47
3509,TRAIN,DEATH,1117.1000000000167,3300,359,216,1,0.02,2026-01-07T06:31:50
3510,TRAIN,DEATH,1277.800000000014,3269,343,232,1,0.02,2026-01-07T06:31:53
3511,TRAIN,DEATH,1340.700000000018,3512,293,281,2,0.02,2026-01-07T06:31:56
3512,TRAIN,DEATH,1332.7000000000298,4023,316,259,1,0.02,2026-01-07T06:31:59
3513,TRAIN,DEATH,942.7000000000085,3121,329,244,3,0.02,2026-01-07T06:32:02
3514,TRAIN,DEATH,980.2000000000126,2835,330,244,2,0.02,2026-01-07T06:32:04
3515,TRAIN,DEATH,735.6000000000076,2830,350,223,3,0.02,2026-01-07T06:32:07
3516,TRAIN,DEATH,697.2000000000037,2702,353,220,3,0.02,2026-01-07T06:32:10
3517,TRAIN,DEATH,982.6000000000045,2721,353,222,1,0.02,2026-01-07T06:32:12
3518,TRAIN,DEATH,1324.000000000021,3255,337,238,1,0.02,2026-01-07T06:32:15
3519,TRAIN,DEATH,99.49999999999534,2105,413,160,3,0.02,2026-01-07T06:32:17
3520,TRAIN,DEATH,1401.7000000000255,4126,282,291,3,0.02,2026-01-07T06:32:20
3521,TRAIN,DEATH,2293.40000000002,4241,281,294,1,0.02,2026-01-07T06:32:24
3522,TRAIN,DEATH,765.0999999999999,2438,370,204,2,0.02,2026-01-07T06:32:26
3523,TRAIN,DEATH,1607.800000000018,4017,286,288,2,0.02,2026-01-07T06:32:29
3524,TRAIN,DEATH,1607.5000000000264,3723,306,268,2,0.02,2026-01-07T06:32:32
3525,TRAIN,DEATH,-507.10000000000076,1156,475,98,3,0.02,2026-01-07T06:32:33
3526,TRAIN,DEATH,2229.6000000000286,5690,203,371,2,0.02,2026-01-07T06:32:38
3527,TRAIN,DEATH,1186.3000000000147,3281,304,269,3,0.02,2026-01-07T06:32:41
3528,TRAIN,DEATH,1129.7000000000057,3608,312,262,2,0.02,2026-01-07T06:32:44
3529,TRAIN,DEATH,1237.5000000000114,3089,324,250,2,0.02,2026-01-07T06:32:47
3530,TRAIN,DEATH,1896.6000000000276,4942,235,339,2,0.02,2026-01-07T06:32:51
3531,TRAIN,DEATH,1975.1000000000317,4482,269,305,2,0.02,2026-01-07T06:32:55
3532,TRAIN,DEATH,767.2000000000164,2748,371,203,2,0.02,2026-01-07T06:32:57
3533,TRAIN,DEATH,1732.700000000017,3678,317,258,1,0.02,2026-01-07T06:32:59
3534,TRAIN,DEATH,512.7000000000014,2817,397,177,2,0.02,2026-01-07T06:33:02
3535,TRAIN,DEATH,1446.3000000000243,4332,276,297,3,0.02,2026-01-07T06:33:06
3536,TRAIN,DEATH,445.6999999999988,2387,402,172,2,0.02,2026-01-07T06:33:08
3537,TRAIN,DEATH,-63.90000000000214,1619,430,143,3,0.02,2026-01-07T06:33:09
3538,TRAIN,DEATH,-33.200000000000955,1740,427,146,3,0.02,2026-01-07T06:33:11
3539,TRAIN,DEATH,1445.0000000000198,3814,306,269,1,0.02,2026-01-07T06:33:14
3540,TRAIN,DEATH,778.1000000000076,2440,388,186,2,0.02,2026-01-07T06:33:16
3541,TRAIN,DEATH,736.8000000000156,2907,348,225,3,0.02,2026-01-07T06:33:19
3542,TRAIN,DEATH,1206.0000000000214,3043,345,229,2,0.02,2026-01-07T06:33:21
3543,TRAIN,DEATH,1243.5000000000089,3741,325,250,1,0.02,2026-01-07T06:33:24
3544,TRAIN,DEATH,561.5999999999958,2453,367,206,3,0.02,2026-01-07T06:33:26
3545,TRAIN,DEATH,1477.2000000000053,3747,299,275,2,0.02,2026-01-07T06:33:30
3546,TRAIN,DEATH,650.9999999999995,2789,367,208,1,0.02,2026-01-07T06:33:32
3547,TRAIN,DEATH,359.99999999999807,2142,412,162,2,0.02,2026-01-07T06:33:34
3548,TRAIN,DEATH,2273.500000000049,6209,217,357,2,0.02,2026-01-07T06:33:39
3549,TRAIN,DEATH,1495.2000000000028,3335,317,257,2,0.02,2026-01-07T06:33:42
3550,TRAIN,DEATH,774.4999999999991,2794,350,224,2,0.02,2026-01-07T06:33:44
3551,TRAIN,DEATH,1620.2000000000253,3531,308,267,1,0.02,2026-01-07T06:33:47
3552,TRAIN,DEATH,1533.6000000000279,3705,294,280,2,0.02,2026-01-07T06:33:50
3553,TRAIN,DEATH,648.20000000001,3007,363,211,2,0.02,2026-01-07T06:33:53
3554,TRAIN,DEATH,1498.1000000000256,4160,272,301,3,0.02,2026-01-07T06:33:57
3555,TRAIN,DEATH,1392.9000000000278,4086,286,288,2,0.02,2026-01-07T06:34:00
3556,TRAIN,DEATH,1329.7000000000107,3760,313,261,2,0.02,2026-01-07T06:34:03
3557,TRAIN,DEATH,1024.500000000006,3118,320,253,3,0.02,2026-01-07T06:34:06
3558,TRAIN,DEATH,206.69999999999584,2004,404,169,3,0.02,2026-01-07T06:34:08
3559,TRAIN,DEATH,1724.6000000000195,4277,278,297,1,0.02,2026-01-07T06:34:11
3560,TRAIN,DEATH,1147.4000000000094,2870,353,221,2,0.02,2026-01-07T06:34:14
3561,TRAIN,DEATH,230.8999999999951,2237,404,170,2,0.02,2026-01-07T06:34:16
3562,TRAIN,DEATH,2056.9000000000296,4938,265,310,1,0.02,2026-01-07T06:34:19
3563,TRAIN,DEATH,414.19999999999493,2308,382,191,3,0.02,2026-01-07T06:34:21
3564,TRAIN,DEATH,1542.800000000013,3541,315,260,1,0.02,2026-01-07T06:34:24
3565,TRAIN,DEATH,408.49999999999557,2149,387,187,2,0.02,2026-01-07T06:34:26
3566,TRAIN,DEATH,2471.300000000033,4101,281,294,1,0.02,2026-01-07T06:34:29
3567,TRAIN,DEATH,2091.800000000037,5132,237,337,2,0.02,2026-01-07T06:34:34
3568,TRAIN,DEATH,744.9000000000008,2850,349,224,3,0.02,2026-01-07T06:34:37
3569,TRAIN,DEATH,8.699999999998681,1729,423,150,3,0.02,2026-01-07T06:34:39
3570,TRAIN,DEATH,431.69999999999766,2674,379,194,3,0.02,2026-01-07T06:34:42
3571,TRAIN,DEATH,1329.0000000000132,3518,334,240,2,0.02,2026-01-07T06:34:45
3572,TRAIN,DEATH,303.09999999999616,2105,398,176,2,0.02,2026-01-07T06:34:46
3573,TRAIN,DEATH,1520.0000000000132,3857,295,279,2,0.02,2026-01-07T06:34:49
3574,TRAIN,DEATH,877.3000000000034,2701,360,214,2,0.02,2026-01-07T06:34:52
3575,TRAIN,DEATH,2378.4000000000306,4782,252,323,1,0.02,2026-01-07T06:34:56
3576,TRAIN,DEATH,1563.9000000000274,4547,266,307,3,0.02,2026-01-07T06:35:00
3577,TRAIN,DEATH,193.69999999999857,1910,405,168,3,0.02,2026-01-07T06:35:01
3578,TRAIN,DEATH,139.19999999999595,2035,410,163,3,0.02,2026-01-07T06:35:03
3579,TRAIN,DEATH,1722.00000000003,4043,301,275,0,0.02,2026-01-07T06:35:07
3580,TRAIN,DEATH,1521.4000000000099,2769,360,215,1,0.02,2026-01-07T06:35:09
3581,TRAIN,DEATH,1472.5000000000232,3662,300,274,2,0.02,2026-01-07T06:35:13
3582,TRAIN,DEATH,925.0000000000193,3459,331,242,3,0.02,2026-01-07T06:35:16
3583,TRAIN,DEATH,579.3000000000152,2938,372,203,1,0.02,2026-01-07T06:35:18
3584,TRAIN,DEATH,408.200000000002,2412,406,168,2,0.02,2026-01-07T06:35:20
3585,TRAIN,DEATH,474.499999999995,2352,376,197,3,0.02,2026-01-07T06:35:22
3586,TRAIN,DEATH,1415.300000000018,3270,330,245,1,0.02,2026-01-07T06:35:25
3587,TRAIN,DEATH,182.69999999999618,2067,405,168,3,0.02,2026-01-07T06:35:27
3588,TRAIN,DEATH,740.800000000007,2500,371,203,2,0.02,2026-01-07T06:35:30
3589,TRAIN,DEATH,1570.500000000004,3474,309,265,2,0.02,2026-01-07T06:35:33
3590,TRAIN,DEATH,2770.700000000036,6409,167,407,2,0.02,2026-01-07T06:35:38
3591,TRAIN,DEATH,1897.60000000003,5391,231,342,3,0.02,2026-01-07T06:35:43
3592,TRAIN,DEATH,1216.1000000000026,3049,345,229,2,0.02,2026-01-07T06:35:45
3593,TRAIN,DEATH,2077.3000000000325,4513,265,311,0,0.02,2026-01-07T06:35:49
3594,TRAIN,DEATH,955.400000000006,3120,327,246,3,0.02,2026-01-07T06:35:51
3595,TRAIN,DEATH,3105.5000000000437,6490,158,417,1,0.02,2026-01-07T06:35:57
3596,TRAIN,DEATH,533.9000000000046,2119,414,160,2,0.02,2026-01-07T06:35:59
3597,TRAIN,DEATH,809.4000000000115,3176,346,228,2,0.02,2026-01-07T06:36:02
3598,TRAIN,DEATH,115.79999999999927,1900,412,161,3,0.02,2026-01-07T06:36:04
3599,TRAIN,DEATH,2429.2000000000494,6341,175,398,3,0.02,2026-01-07T06:36:09
3600,TRAIN,DEATH,1014.1000000000192,3711,321,252,3,0.02,2026-01-07T06:36:12
3601,TRAIN,DEATH,1863.0000000000318,4467,240,334,2,0.02,2026-01-07T06:36:16
3602,TRAIN,DEATH,-48.40000000000299,1770,429,144,3,0.02,2026-01-07T06:36:18
3603,TRAIN,DEATH,315.9999999999992,2431,395,179,2,0.02,2026-01-07T06:36:20
3604,TRAIN,DEATH,429.6999999999965,2184,381,192,3,0.02,2026-01-07T06:36:22
3605,TRAIN,DEATH,1592.100000000023,4408,263,310,3,0.02,2026-01-07T06:36:25
3606,TRAIN,DEATH,1566.3000000000134,4349,265,308,3,0.02,2026-01-07T06:36:29
3607,TRAIN,DEATH,363.0999999999958,2229,386,187,3,0.02,2026-01-07T06:36:30
3608,TRAIN,DEATH,470.49999999999477,2430,376,197,3,0.02,2026-01-07T06:36:32
3609,TRAIN,DEATH,871.6000000000049,2831,360,214,2,0.02,2026-01-07T06:36:35
3610,TRAIN,DEATH,530.2999999999975,2545,370,203,3,0.02,2026-01-07T06:36:37
3611,TRAIN,DEATH,1248.6000000000254,3844,322,252,2,0.02,2026-01-07T06:36:40
3612,TRAIN,DEATH,1121.000000000024,3712,317,258,1,0.02,2026-01-07T06:36:43
3613,TRAIN,DEATH,783.400000000001,2845,344,229,3,0.02,2026-01-07T06:36:46
3614,TRAIN,DEATH,821.3000000000134,3191,348,227,1,0.02,2026-01-07T06:36:49
3615,TRAIN,DEATH,1189.5000000000027,3273,328,246,2,0.02,2026-01-07T06:36:52
3616,TRAIN,DEATH,1200.4000000000103,3435,330,245,1,0.02,2026-01-07T06:36:55
3617,TRAIN,DEATH,2144.70000000003,3977,277,298,1,0.02,2026-01-07T06:36:58
3618,TRAIN,DEATH,15.499999999996703,1794,423,150,3,0.02,2026-01-07T06:37:00
3619,TRAIN,DEATH,212.8999999999968,1884,426,148,2,0.02,2026-01-07T06:37:01
3620,TRAIN,DEATH,237.89999999999634,2126,399,174,3,0.02,2026-01-07T06:37:03
3621,TRAIN,DEATH,1435.3000000000145,3268,324,250,2,0.02,2026-01-07T06:37:06
3622,TRAIN,DEATH,2052.0000000000373,4895,217,356,3,0.02,2026-01-07T06:37:11
3623,TRAIN,DEATH,1344.0000000000205,3201,336,239,1,0.02,2026-01-07T06:37:13
3624,TRAIN,DEATH,1291.8000000000243,3633,292,281,3,0.02,2026-01-07T06:37:16
3625,TRAIN,DEATH,1246.7000000000182,4080,303,272,1,0.02,2026-01-07T06:37:20
3626,TRAIN,DEATH,-318.60000000000093,1323,457,116,3,0.02,2026-01-07T06:37:21
3627,TRAIN,DEATH,134.1999999999972,1875,410,163,3,0.02,2026-01-07T06:37:23
3628,TRAIN,DEATH,1511.9000000000106,3824,319,256,1,0.02,2026-01-07T06:37:26
3629,TRAIN,DEATH,451.7000000000012,1942,423,151,2,0.02,2026-01-07T06:37:28
3630,TRAIN,DEATH,1214.1000000000195,4025,300,273,3,0.02,2026-01-07T06:37:31
3631,TRAIN,DEATH,1376.5000000000205,4139,284,289,3,0.02,2026-01-07T06:37:34
3632,TRAIN,DEATH,1068.0000000000084,3065,345,230,1,0.02,2026-01-07T06:37:37
3633,TRAIN,DEATH,521.8999999999958,2521,371,202,3,0.02,2026-01-07T06:37:39
3634,TRAIN,DEATH,175.29999999999666,2061,410,164,2,0.02,2026-01-07T06:37:41
3635,TRAIN,DEATH,3137.6000000000395,5821,195,380,1,0.02,2026-01-07T06:37:46
3636,TRAIN,DEATH,367.0000000000001,2238,386,187,3,0.02,2026-01-07T06:37:48
3637,TRAIN,DEATH,287.49999999999545,2465,395,178,3,0.02,2026-01-07T06:37:50
3638,TRAIN,DEATH,265.1999999999964,2219,397,176,3,0.02,2026-01-07T06:37:52
3639,TRAIN,DEATH,283.1999999999957,2419,398,176,2,0.02,2026-01-07T06:37:54
3640,TRAIN,DEATH,959.2000000000112,3285,351,223,2,0.02,2026-01-07T06:37:57
3641,TRAIN,DEATH,1505.4000000000174,3880,296,278,2,0.02,2026-01-07T06:38:00
3642,TRAIN,DEATH,245.499999999995,2231,399,174,3,0.02,2026-01-07T06:38:02
3643,TRAIN,DEATH,788.1000000000067,3223,368,206,2,0.02,2026-01-07T06:38:05
3644,TRAIN,DEATH,1160.700000000024,4024,307,266,3,0.02,2026-01-07T06:38:09
3645,TRAIN,DEATH,303.59999999999775,2105,398,176,2,0.02,2026-01-07T06:38:11
3646,TRAIN,DEATH,917.7000000000103,3356,330,243,3,0.02,2026-01-07T06:38:14
3647,TRAIN,DEATH,1046.6000000000092,3503,342,232,2,0.02,2026-01-07T06:38:16
3648,TRAIN,DEATH,909.3000000000011,2645,357,217,2,0.02,2026-01-07T06:38:19
3649,TRAIN,DEATH,917.2000000000028,3074,355,219,2,0.02,2026-01-07T06:38:21
3650,TRAIN,DEATH,12.399999999996112,1788,423,150,3,0.02,2026-01-07T06:38:23
3651,TRAIN,DEATH,593.9999999999993,2665,388,186,2,0.02,2026-01-07T06:38:25
3652,TRAIN,DEATH,585.3000000000015,2567,365,208,3,0.02,2026-01-07T06:38:27
3653,TRAIN,DEATH,1773.9000000000228,3348,334,241,1,0.02,2026-01-07T06:38:30
3654,TRAIN,DEATH,1196.9000000000137,3583,327,247,2,0.02,2026-01-07T06:38:33
3655,TRAIN,DEATH,1460.200000000007,3933,344,231,1,0.02,2026-01-07T06:38:36
3656,TRAIN,DEATH,756.7000000000035,2639,370,204,2,0.02,2026-01-07T06:38:38
3657,TRAIN,DEATH,1444.5000000000296,4195,305,270,1,0.02,2026-01-07T06:38:41
3658,TRAIN,DEATH,1356.6000000000272,3833,310,264,2,0.02,2026-01-07T06:38:45
3659,TRAIN,DEATH,1626.9000000000256,4692,258,315,3,0.02,2026-01-07T06:38:49
3660,TRAIN,DEATH,1184.3000000000136,3985,303,270,3,0.02,2026-01-07T06:38:53
3661,TRAIN,DEATH,1233.6000000000206,3691,303,271,2,0.02,2026-01-07T06:38:56
3662,TRAIN,DEATH,1096.7000000000166,3057,317,257,2,0.02,2026-01-07T06:38:58
3663,TRAIN,DEATH,1660.7000000000198,3989,323,252,1,0.02,2026-01-07T06:39:01
3664,TRAIN,DEATH,1093.4000000000165,2991,337,237,2,0.02,2026-01-07T06:39:04
3665,TRAIN,DEATH,1269.4000000000194,4241,301,273,2,0.02,2026-01-07T06:39:08
3666,TRAIN,DEATH,846.5999999999974,2768,363,211,2,0.02,2026-01-07T06:39:10
3667,TRAIN,DEATH,2239.5000000000427,5708,222,352,2,0.02,2026-01-07T06:39:15
3668,TRAIN,DEATH,900.500000000008,2906,333,240,3,0.02,2026-01-07T06:39:18
3669,TRAIN,DEATH,702.900000000006,2903,377,197,2,0.02,2026-01-07T06:39:20
3670,TRAIN,DEATH,1103.6000000000147,3673,313,260,3,0.02,2026-01-07T06:39:24
3671,TRAIN,DEATH,1063.7000000000148,3932,320,254,2,0.02,2026-01-07T06:39:27
3672,TRAIN,DEATH,1810.1000000000313,4574,263,311,2,0.02,2026-01-07T06:39:30
3673,TRAIN,DEATH,1095.0000000000132,3994,313,260,3,0.02,2026-01-07T06:39:34
3674,TRAIN,DEATH,2842.9000000000365,5985,203,372,1,0.02,2026-01-07T06:39:40
3675,TRAIN,DEATH,512.8999999999967,2343,396,178,2,0.02,2026-01-07T06:39:42
3676,TRAIN,DEATH,1727.9000000000324,4457,274,300,2,0.02,2026-01-07T06:39:45
3677,TRAIN,DEATH,570.4000000000078,2491,367,206,3,0.02,2026-01-07T06:39:48
3678,TRAIN,DEATH,511.6999999999947,2533,372,201,3,0.02,2026-01-07T06:39:50
3679,TRAIN,DEATH,2211.700000000033,4825,265,309,2,0.02,2026-01-07T06:39:54
3680,TRAIN,DEATH,979.200000000003,3142,324,249,3,0.02,2026-01-07T06:39:57
3681,TRAIN,DEATH,1307.6000000000186,3119,340,235,1,0.02,2026-01-07T06:40:00
3682,TRAIN,DEATH,896.2000000000087,2910,334,239,3,0.02,2026-01-07T06:40:03
3683,TRAIN,DEATH,172.79999999999495,2264,411,163,2,0.02,2026-01-07T06:40:05
3684,TRAIN,DEATH,2650.400000000057,6863,160,414,2,0.02,2026-01-07T06:40:10
3685,TRAIN,DEATH,1135.6000000000201,4175,334,241,1,0.02,2026-01-07T06:40:14
3686,TRAIN,DEATH,958.1000000000254,4287,350,224,2,0.02,2026-01-07T06:40:17
3687,TRAIN,DEATH,1272.600000000016,3541,320,254,2,0.02,2026-01-07T06:40:20
3688,TRAIN,DEATH,573.1999999999953,2974,365,208,3,0.02,2026-01-07T06:40:24
3689,TRAIN,DEATH,1612.7000000000303,4435,262,311,3,0.02,2026-01-07T06:40:27
3690,TRAIN,DEATH,-101.10000000000451,2085,435,138,3,0.02,2026-01-07T06:40:30
3691,TRAIN,DEATH,1196.5000000000134,3752,327,247,2,0.02,2026-01-07T06:40:33
3692,TRAIN,DEATH,722.6000000000081,2938,355,219,2,0.02,2026-01-07T06:40:35
3693,TRAIN,DEATH,129.39999999999714,1856,411,162,3,0.02,2026-01-07T06:40:37
3694,TRAIN,DEATH,2179.100000000023,4747,251,324,1,0.02,2026-01-07T06:40:41
3695,TRAIN,DEATH,1318.0000000000305,4371,293,281,2,0.02,2026-01-07T06:40:45
3696,TRAIN,DEATH,1106.9000000000237,3732,316,258,2,0.02,2026-01-07T06:40:48
3697,TRAIN,DEATH,1145.1000000000017,3429,332,242,2,0.02,2026-01-07T06:40:51
3698,TRAIN,DEATH,1238.6000000000129,3325,322,252,2,0.02,2026-01-07T06:40:54
3699,TRAIN,DEATH,1361.200000000025,3741,314,261,1,0.02,2026-01-07T06:40:57
3700,TRAIN,DEATH,1216.7000000000053,2704,365,209,2,0.02,2026-01-07T06:40:59
3701,TRAIN,DEATH,1977.60000000003,4304,288,286,2,0.02,2026-01-07T06:41:02
3702,TRAIN,DEATH,2013.5000000000296,4436,288,287,1,0.02,2026-01-07T06:41:06
3703,TRAIN,DEATH,-62.30000000000166,1564,431,142,3,0.02,2026-01-07T06:41:08
3704,TRAIN,DEATH,160.4999999999959,2057,412,162,2,0.02,2026-01-07T06:41:10
3705,TRAIN,DEATH,1532.4000000000203,3414,313,261,2,0.02,2026-01-07T06:41:12
3706,TRAIN,DEATH,731.5000000000216,3319,374,200,2,0.02,2026-01-07T06:41:15
3707,TRAIN,DEATH,1711.3000000000184,3626,300,275,1,0.02,2026-01-07T06:41:18
3708,TRAIN,DEATH,395.2999999999969,1853,409,165,2,0.02,2026-01-07T06:41:19
3709,TRAIN,DEATH,1777.3000000000243,5156,248,326,2,0.02,2026-01-07T06:41:23
3710,TRAIN,DEATH,397.3999999999987,3125,382,191,3,0.02,2026-01-07T06:41:26
3711,TRAIN,DEATH,1994.800000000017,4636,227,347,2,0.02,2026-01-07T06:41:30
3712,TRAIN,DEATH,-126.30000000000268,1869,437,136,3,0.02,2026-01-07T06:41:31
3713,TRAIN,DEATH,1080.2000000000198,3415,323,252,1,0.02,2026-01-07T06:41:34
3714,TRAIN,DEATH,1928.9000000000328,4788,252,322,2,0.02,2026-01-07T06:41:39
3715,TRAIN,DEATH,272.7999999999961,2082,397,176,3,0.02,2026-01-07T06:41:41
3716,TRAIN,DEATH,1081.9000000000028,3101,338,236,2,0.02,2026-01-07T06:41:43
3717,TRAIN,DEATH,1537.9000000000106,3563,313,261,2,0.02,2026-01-07T06:41:46
3718,TRAIN,DEATH,967.4000000000162,2918,327,246,3,0.02,2026-01-07T06:41:49
3719,TRAIN,DEATH,-73.60000000000144,1570,432,141,3,0.02,2026-01-07T06:41:50
3720,TRAIN,DEATH,371.19999999999675,2636,388,186,2,0.02,2026-01-07T06:41:52
3721,TRAIN,DEATH,86.29999999999575,2308,415,158,3,0.02,2026-01-07T06:41:54
3722,TRAIN,DEATH,871.0000000000141,3176,335,238,3,0.02,2026-01-07T06:41:57
3723,TRAIN,DEATH,1327.4000000000203,3176,339,236,1,0.02,2026-01-07T06:41:59
3724,TRAIN,DEATH,914.4000000000049,2813,356,218,2,0.02,2026-01-07T06:42:02
3725,TRAIN,DEATH,829.6000000000076,2992,361,213,2,0.02,2026-01-07T06:42:04
3726,TRAIN,DEATH,2516.5000000000528,6703,218,357,1,0.02,2026-01-07T06:42:10
3727,TRAIN,DEATH,1011.3000000000231,3514,321,252,3,0.02,2026-01-07T06:42:13
3728,TRAIN,DEATH,210.89999999999793,1963,427,147,2,0.02,2026-01-07T06:42:15
3729,TRAIN,DEATH,1715.00000000003,4196,254,320,2,0.02,2026-01-07T06:42:19
3730,TRAIN,DEATH,969.300000000027,4063,329,245,2,0.02,2026-01-07T06:42:22
3731,TRAIN,DEATH,790.5000000000059,3177,347,227,2,0.02,2026-01-07T06:42:24
3732,TRAIN,DEATH,1658.5000000000214,3947,281,293,2,0.02,2026-01-07T06:42:28
3733,TRAIN,DEATH,124.89999999999623,1887,412,161,3,0.02,2026-01-07T06:42:29
3734,TRAIN,DEATH,2697.3000000000375,5182,219,356,1,0.02,2026-01-07T06:42:33
3735,TRAIN,DEATH,1339.0000000000025,3721,316,259,1,0.02,2026-01-07T06:42:37
3736,TRAIN,DEATH,-253.7000000000008,1432,449,124,3,0.02,2026-01-07T06:42:38
3737,TRAIN,DEATH,1743.50000000002,3899,272,302,2,0.02,2026-01-07T06:42:41
3738,TRAIN,DEATH,821.7000000000053,2364,389,186,1,0.02,2026-01-07T06:42:43
3739,TRAIN,DEATH,2043.1000000000336,4415,242,332,2,0.02,2026-01-07T06:42:47
3740,TRAIN,DEATH,806.3000000000134,2897,347,227,2,0.02,2026-01-07T06:42:49
3741,TRAIN,DEATH,1457.20000000001,3896,301,273,2,0.02,2026-01-07T06:42:52
3742,TRAIN,DEATH,2592.0000000000446,5607,205,369,2,0.02,2026-01-07T06:42:58
3743,TRAIN,DEATH,1898.1000000000367,5011,240,335,1,0.02,2026-01-07T06:43:02
3744,TRAIN,DEATH,2828.100000000045,5856,166,409,1,0.02,2026-01-07T06:43:07
3745,TRAIN,DEATH,-158.90000000000248,1886,440,133,3,0.02,2026-01-07T06:43:09
3746,TRAIN,DEATH,245.4999999999958,2024,398,175,3,0.02,2026-01-07T06:43:11
3747,TRAIN,DEATH,1346.0000000000182,3720,288,285,3,0.02,2026-01-07T06:43:14
3748,TRAIN,DEATH,2833.700000000044,5875,183,392,1,0.02,2026-01-07T06:43:18
3749,TRAIN,DEATH,2291.5000000000414,5309,196,378,2,0.02,2026-01-07T06:43:23
3750,TRAIN,DEATH,207.9999999999966,1965,403,170,3,0.02,2026-01-07T06:43:25
3751,TRAIN,DEATH,234.79999999999666,2012,399,174,3,0.02,2026-01-07T06:43:27
3752,TRAIN,DEATH,2022.200000000017,4116,288,287,1,0.02,2026-01-07T06:43:30
3753,TRAIN,DEATH,1057.4000000000121,3097,321,253,2,0.02,2026-01-07T06:43:32
3754,TRAIN,DEATH,2024.9000000000424,5565,263,312,1,0.02,2026-01-07T06:43:37
3755,TRAIN,DEATH,1222.5000000000234,3614,301,272,3,0.02,2026-01-07T06:43:40
3756,TRAIN,DEATH,130.29999999999745,1852,411,162,3,0.02,2026-01-07T06:43:41
3757,TRAIN,DEATH,957.4000000000124,2611,352,222,2,0.02,2026-01-07T06:43:44
3758,TRAIN,DEATH,1176.9000000000185,3957,309,265,2,0.02,2026-01-07T06:43:47
3759,TRAIN,DEATH,1182.100000000017,3699,304,269,3,0.02,2026-01-07T06:43:51
3760,TRAIN,DEATH,1572.900000000031,4888,288,286,2,0.02,2026-01-07T06:43:54
3761,TRAIN,DEATH,2340.700000000043,5485,232,343,1,0.02,2026-01-07T06:43:59
3762,TRAIN,DEATH,4.399999999998158,1796,424,149,3,0.02,2026-01-07T06:44:00
3763,TRAIN,DEATH,1047.700000000007,2960,342,232,2,0.02,2026-01-07T06:44:02
3764,TRAIN,DEATH,2393.6000000000404,5277,227,347,2,0.02,2026-01-07T06:44:07
3765,TRAIN,DEATH,690.4999999999973,2581,378,196,2,0.02,2026-01-07T06:44:09
3766,TRAIN,DEATH,2119.000000000039,6106,213,361,2,0.02,2026-01-07T06:44:14
3767,TRAIN,DEATH,2584.9000000000383,5728,187,387,2,0.02,2026-01-07T06:44:19
3768,TRAIN,DEATH,223.0999999999956,2421,401,172,3,0.02,2026-01-07T06:44:21
3769,TRAIN,DEATH,669.7000000000116,2490,360,214,2,0.02,2026-01-07T06:44:23
3770,TRAIN,DEATH,656.0999999999981,2307,386,189,1,0.02,2026-01-07T06:44:25
3771,TRAIN,DEATH,961.3000000000197,3166,351,223,2,0.02,2026-01-07T06:44:27
3772,TRAIN,DEATH,1372.0000000000177,3772,289,285,2,0.02,2026-01-07T06:44:31
3773,TRAIN,DEATH,1364.8000000000266,3967,312,263,1,0.02,2026-01-07T06:44:34
3774,TRAIN,DEATH,690.0000000000057,2839,377,197,2,0.02,2026-01-07T06:44:37
3775,TRAIN,DEATH,1970.6000000000372,5065,224,349,3,0.02,2026-01-07T06:44:41
3776,TRAIN,DEATH,-309.5000000000007,1424,455,118,3,0.02,2026-01-07T06:44:42
3777,TRAIN,DEATH,2179.9000000000265,4816,227,347,2,0.02,2026-01-07T06:44:45
3778,TRAIN,DEATH,44.99999999999761,1790,420,153,3,0.02,2026-01-07T06:44:47
3779,TRAIN,DEATH,55.09999999999627,1832,419,154,3,0.02,2026-01-07T06:44:49
3780,TRAIN,DEATH,1653.9000000000233,4616,261,313,2,0.02,2026-01-07T06:44:52
3781,TRAIN,DEATH,1016.5000000000177,3173,345,229,2,0.02,2026-01-07T06:44:55
3782,TRAIN,DEATH,957.1000000000186,2846,350,224,2,0.02,2026-01-07T06:44:58
3783,TRAIN,DEATH,1932.1000000000322,4030,297,278,1,0.02,2026-01-07T06:45:01
3784,TRAIN,DEATH,870.500000000025,4049,358,216,2,0.02,2026-01-07T06:45:04
3785,TRAIN,DEATH,1588.0000000000168,3599,288,286,2,0.02,2026-01-07T06:45:07
3786,TRAIN,DEATH,2380.6000000000263,4458,231,344,1,0.02,2026-01-07T06:45:10
3787,TRAIN,DEATH,1134.6000000000163,3288,333,241,2,0.02,2026-01-07T06:45:13
3788,TRAIN,DEATH,358.69999999999527,2151,387,186,3,0.02,2026-01-07T06:45:15
3789,TRAIN,DEATH,822.6000000000142,2672,369,206,1,0.02,2026-01-07T06:45:17
3790,TRAIN,DEATH,519.5999999999959,2446,372,201,3,0.02,2026-01-07T06:45:20
3791,TRAIN,DEATH,738.7999999999995,2939,349,224,3,0.02,2026-01-07T06:45:22
3792,TRAIN,DEATH,590.2999999999993,2725,364,209,3,0.02,2026-01-07T06:45:25
3793,TRAIN,DEATH,1497.400000000022,3546,300,275,1,0.02,2026-01-07T06:45:28
3794,TRAIN,DEATH,973.5000000000055,3259,325,248,3,0.02,2026-01-07T06:45:30
3795,TRAIN,DEATH,530.3999999999965,2412,371,202,3,0.02,2026-01-07T06:45:32
3796,TRAIN,DEATH,72.29999999999643,2248,440,134,2,0.02,2026-01-07T06:45:34
3797,TRAIN,DEATH,1005.8000000000025,3212,321,252,3,0.02,2026-01-07T06:45:37
3798,TRAIN,DEATH,2642.6000000000413,5678,206,370,0,0.02,2026-01-07T06:45:42
3799,TRAIN,DEATH,1095.9000000000115,3278,314,259,3,0.02,2026-01-07T06:45:45
3800,TRAIN,DEATH,731.8000000000011,2512,395,179,2,0.02,2026-01-07T06:45:48
3801,TRAIN,DEATH,1096.2000000000137,3331,335,239,2,0.02,2026-01-07T06:45:50
3802,TRAIN,DEATH,688.5000000000032,3072,353,220,3,0.02,2026-01-07T06:45:53
3803,TRAIN,DEATH,2811.8000000000366,5164,252,324,0,0.02,2026-01-07T06:45:57
3804,TRAIN,DEATH,1769.9000000000306,4420,250,324,2,0.02,2026-01-07T06:46:00
3805,TRAIN,DEATH,2443.6000000000313,5361,219,355,2,0.02,2026-01-07T06:46:05
3806,TRAIN,DEATH,1374.3000000000063,3496,329,245,2,0.02,2026-01-07T06:46:08
3807,TRAIN,DEATH,671.5000000000055,2482,379,195,2,0.02,2026-01-07T06:46:11
3808,TRAIN,DEATH,705.400000000011,2432,382,193,1,0.02,2026-01-07T06:46:12
3809,TRAIN,DEATH,757.6999999999975,3170,347,226,3,0.02,2026-01-07T06:46:15
3810,TRAIN,DEATH,1216.6000000000151,3357,305,269,2,0.02,2026-01-07T06:46:18
3811,TRAIN,DEATH,2219.300000000036,4786,224,350,2,0.02,2026-01-07T06:46:22
3812,TRAIN,DEATH,248.19999999999766,1580,443,131,2,0.02,2026-01-07T06:46:24
3813,TRAIN,DEATH,1845.2000000000257,4026,282,292,2,0.02,2026-01-07T06:46:27
3814,TRAIN,DEATH,481.2999999999955,2697,374,199,3,0.02,2026-01-07T06:46:29
3815,TRAIN,DEATH,511.4000000000012,2489,396,178,2,0.02,2026-01-07T06:46:31
3816,TRAIN,DEATH,2328.7000000000307,4657,237,338,1,0.02,2026-01-07T06:46:34
3817,TRAIN,DEATH,848.8999999999994,3042,337,236,3,0.02,2026-01-07T06:46:37
3818,TRAIN,DEATH,2734.2000000000367,5001,217,358,1,0.02,2026-01-07T06:46:41
3819,TRAIN,DEATH,1972.200000000022,4454,271,304,1,0.02,2026-01-07T06:46:45
3820,TRAIN,DEATH,2096.000000000041,5528,216,358,2,0.02,2026-01-07T06:46:50
3821,TRAIN,DEATH,1209.1000000000204,3189,346,228,2,0.02,2026-01-07T06:46:53
3822,TRAIN,DEATH,1600.0000000000282,4101,287,287,2,0.02,2026-01-07T06:46:56
3823,TRAIN,DEATH,1343.300000000019,3805,286,287,3,0.02,2026-01-07T06:46:59
3824,TRAIN,DEATH,1929.900000000031,4579,232,342,2,0.02,2026-01-07T06:47:03
3825,TRAIN,DEATH,2855.000000000042,5385,247,329,0,0.02,2026-01-07T06:47:07
3826,TRAIN,DEATH,1157.1000000000147,2875,352,222,2,0.02,2026-01-07T06:47:10
3827,TRAIN,DEATH,282.39999999999736,2120,395,178,3,0.02,2026-01-07T06:47:12
3828,TRAIN,DEATH,692.800000000007,2343,398,176,2,0.02,2026-01-07T06:47:14
3829,TRAIN,DEATH,713.3000000000043,2698,351,222,3,0.02,2026-01-07T06:47:16
3830,TRAIN,DEATH,1154.6000000000158,3482,307,266,3,0.02,2026-01-07T06:47:20
3831,TRAIN,DEATH,1664.9000000000128,4445,263,312,1,0.02,2026-01-07T06:47:23
3832,TRAIN,DEATH,277.19999999999607,2557,397,176,3,0.02,2026-01-07T06:47:26
3833,TRAIN,DEATH,1208.3000000000118,3381,307,267,2,0.02,2026-01-07T06:47:29
3834,TRAIN,DEATH,-46.40000000000356,2002,428,145,3,0.02,2026-01-07T06:47:31
3835,TRAIN,DEATH,341.4999999999951,2229,389,184,3,0.02,2026-01-07T06:47:33
3836,TRAIN,DEATH,1125.0000000000205,3336,335,239,2,0.02,2026-01-07T06:47:35
3837,TRAIN,DEATH,2273.700000000026,3681,287,289,0,0.02,2026-01-07T06:47:38
3838,TRAIN,DEATH,296.09999999999684,2128,393,180,3,0.02,2026-01-07T06:47:40
3839,TRAIN,DEATH,1365.6000000000174,3867,285,288,3,0.02,2026-01-07T06:47:43
3840,TRAIN,DEATH,2063.300000000031,5424,239,335,2,0.02,2026-01-07T06:47:48
3841,TRAIN,DEATH,1407.8000000000268,4032,281,292,3,0.02,2026-01-07T06:47:52
3842,TRAIN,DEATH,-298.1000000000015,1627,454,119,3,0.02,2026-01-07T06:47:53
3843,TRAIN,DEATH,427.4999999999941,2691,379,194,3,0.02,2026-01-07T06:47:56
3844,TRAIN,DEATH,781.5000000000041,2791,345,228,3,0.02,2026-01-07T06:47:58
3845,TRAIN,DEATH,663.0000000000064,2236,381,193,2,0.02,2026-01-07T06:48:01
3846,TRAIN,DEATH,2167.000000000026,4614,234,341,1,0.02,2026-01-07T06:48:04
3847,TRAIN,DEATH,1202.2000000000057,3778,301,272,3,0.02,2026-01-07T06:48:07
3848,TRAIN,DEATH,237.19999999999527,2235,404,170,2,0.02,2026-01-07T06:48:09
3849,TRAIN,DEATH,448.59999999999593,2340,403,171,2,0.02,2026-01-07T06:48:11
3850,TRAIN,DEATH,1799.200000000017,4013,287,287,2,0.02,2026-01-07T06:48:15
3851,TRAIN,DEATH,473.9999999999952,2913,378,196,2,0.02,2026-01-07T06:48:17
3852,TRAIN,DEATH,-166.90000000000168,1662,441,132,3,0.02,2026-01-07T06:48:18
3853,TRAIN,DEATH,1422.60000000002,3506,309,266,1,0.02,2026-01-07T06:48:21
3854,TRAIN,DEATH,390.7999999999963,2318,384,189,3,0.02,2026-01-07T06:48:23
3855,TRAIN,DEATH,2477.500000000047,6984,173,400,3,0.02,2026-01-07T06:48:29
3856,TRAIN,DEATH,612.100000000001,2308,387,187,2,0.02,2026-01-07T06:48:31
3857,TRAIN,DEATH,534.3999999999958,2656,368,205,3,0.02,2026-01-07T06:48:33
3858,TRAIN,DEATH,1187.800000000017,3833,303,270,3,0.02,2026-01-07T06:48:37
3859,TRAIN,DEATH,1915.3000000000293,4221,299,276,1,0.02,2026-01-07T06:48:40
3860,TRAIN,DEATH,849.6000000000095,2985,342,232,2,0.02,2026-01-07T06:48:42
3861,TRAIN,DEATH,1801.6000000000254,3742,290,285,1,0.02,2026-01-07T06:48:45
3862,TRAIN,DEATH,218.20000000000175,2328,408,167,1,0.02,2026-01-07T06:48:47
3863,TRAIN,DEATH,1191.5000000000146,3291,304,269,3,0.02,2026-01-07T06:48:50
3864,TRAIN,DEATH,1545.2000000000216,3213,336,239,1,0.02,2026-01-07T06:48:52
3865,TRAIN,DEATH,966.3000000000143,3426,326,247,3,0.02,2026-01-07T06:48:55
3866,TRAIN,DEATH,1671.1000000000213,3407,300,274,2,0.02,2026-01-07T06:48:58
3867,TRAIN,DEATH,1142.8000000000156,3027,333,241,2,0.02,2026-01-07T06:49:01
3868,TRAIN,DEATH,2871.100000000035,5039,223,352,1,0.02,2026-01-07T06:49:05
3869,TRAIN,DEATH,1311.5000000000202,3515,292,281,3,0.02,2026-01-07T06:49:08
3870,TRAIN,DEATH,1041.6000000000226,3149,343,231,2,0.02,2026-01-07T06:49:10
3871,TRAIN,DEATH,1477.0000000000211,4162,275,298,3,0.02,2026-01-07T06:49:14
3872,TRAIN,DEATH,2401.300000000031,5282,230,345,1,0.02,2026-01-07T06:49:18
3873,TRAIN,DEATH,623.9999999999982,2625,364,210,2,0.02,2026-01-07T06:49:20
3874,TRAIN,DEATH,1484.2000000000214,4093,278,296,2,0.02,2026-01-07T06:49:24
3875,TRAIN,DEATH,1612.700000000004,3346,307,267,2,0.02,2026-01-07T06:49:27
3876,TRAIN,DEATH,2602.1000000000176,4690,270,306,0,0.02,2026-01-07T06:49:31
3877,TRAIN,DEATH,479.0,2553,376,197,3,0.02,2026-01-07T06:49:33
3878,TRAIN,DEATH,1118.0000000000089,3313,316,258,2,0.02,2026-01-07T06:49:36
3879,TRAIN,DEATH,40.39999999999702,2026,420,153,3,0.02,2026-01-07T06:49:38
3880,TRAIN,DEATH,1683.500000000009,3841,301,274,1,0.02,2026-01-07T06:49:42
3881,TRAIN,DEATH,1714.8000000000238,3681,295,279,2,0.02,2026-01-07T06:49:45
3882,TRAIN,DEATH,790.3000000000127,3150,348,226,2,0.02,2026-01-07T06:49:47
3883,TRAIN,DEATH,380.99999999999704,2372,410,164,2,0.02,2026-01-07T06:49:49
3884,TRAIN,DEATH,2562.500000000034,5406,233,342,1,0.02,2026-01-07T06:49:54
3885,TRAIN,DEATH,2950.0000000000623,7677,128,446,2,0.02,2026-01-07T06:50:01
3886,TRAIN,DEATH,2555.000000000034,5340,210,364,2,0.02,2026-01-07T06:50:05
3887,TRAIN,DEATH,702.4999999999977,2894,353,220,3,0.02,2026-01-07T06:50:08
3888,TRAIN,DEATH,1240.0000000000164,3334,323,251,2,0.02,2026-01-07T06:50:11
3889,TRAIN,DEATH,115.3999999999985,1897,413,160,3,0.02,2026-01-07T06:50:13
3890,TRAIN,DEATH,1027.2000000000162,3224,345,229,2,0.02,2026-01-07T06:50:16
3891,TRAIN,DEATH,988.2000000000148,3597,322,251,3,0.02,2026-01-07T06:50:19
3892,TRAIN,DEATH,1220.8000000000116,3233,304,270,2,0.02,2026-01-07T06:50:21
3893,TRAIN,DEATH,59.69999999999641,2193,419,155,2,0.02,2026-01-07T06:50:24
3894,TRAIN,DEATH,809.7000000000057,2994,345,229,2,0.02,2026-01-07T06:50:26
3895,TRAIN,DEATH,1623.4000000000096,3561,326,249,1,0.02,2026-01-07T06:50:29
3896,TRAIN,DEATH,1499.3000000000288,4126,297,277,2,0.02,2026-01-07T06:50:32
3897,TRAIN,DEATH,1184.0000000000216,3405,332,243,1,0.02,2026-01-07T06:50:35
3898,TRAIN,DEATH,778.200000000008,3016,344,229,3,0.02,2026-01-07T06:50:37
3899,TRAIN,DEATH,462.19999999999425,2550,378,195,3,0.02,2026-01-07T06:50:40
3900,TRAIN,DEATH,205.29999999999518,2239,403,170,3,0.02,2026-01-07T06:50:42
3901,TRAIN,DEATH,2749.4000000000433,6319,168,406,2,0.02,2026-01-07T06:50:47
3902,TRAIN,DEATH,1251.5000000000114,3240,342,232,2,0.02,2026-01-07T06:50:50
3903,TRAIN,DEATH,1769.2000000000303,4500,252,323,1,0.02,2026-01-07T06:50:54
3904,TRAIN,DEATH,499.6999999999963,2577,373,200,3,0.02,2026-01-07T06:50:56
3905,TRAIN,DEATH,1804.0000000000236,4503,263,311,2,0.02,2026-01-07T06:51:00
3906,TRAIN,DEATH,2344.9000000000487,7200,190,384,2,0.02,2026-01-07T06:51:06
3907,TRAIN,DEATH,-302.8000000000004,1492,455,118,3,0.02,2026-01-07T06:51:07
3908,TRAIN,DEATH,2029.8000000000275,3628,312,264,0,0.02,2026-01-07T06:51:11
3909,TRAIN,DEATH,751.6000000000099,2927,348,225,3,0.02,2026-01-07T06:51:14
3910,TRAIN,DEATH,2138.9000000000246,4969,256,319,1,0.02,2026-01-07T06:51:17
3911,TRAIN,DEATH,1027.1000000000095,2940,345,229,2,0.02,2026-01-07T06:51:20
3912,TRAIN,DEATH,1255.7000000000207,3316,321,253,2,0.02,2026-01-07T06:51:22
3913,TRAIN,DEATH,610.0000000000077,2846,362,211,3,0.02,2026-01-07T06:51:25
3914,TRAIN,DEATH,706.100000000001,3268,357,217,2,0.02,2026-01-07T06:51:27
3915,TRAIN,DEATH,2382.70000000004,4885,232,343,1,0.02,2026-01-07T06:51:31
3916,TRAIN,DEATH,482.4999999999968,2624,375,198,3,0.02,2026-01-07T06:51:34
3917,TRAIN,DEATH,1742.300000000026,4111,272,302,2,0.02,2026-01-07T06:51:38
3918,TRAIN,DEATH,1284.300000000018,4078,296,278,2,0.02,2026-01-07T06:51:41
3919,TRAIN,DEATH,402.999999999995,2310,388,186,2,0.02,2026-01-07T06:51:43
3920,TRAIN,DEATH,2243.7000000000303,4988,221,353,2,0.02,2026-01-07T06:51:47
3921,TRAIN,DEATH,567.6000000000004,2370,391,183,2,0.02,2026-01-07T06:51:49
3922,TRAIN,DEATH,1609.0000000000123,4021,262,311,3,0.02,2026-01-07T06:51:52
3923,TRAIN,DEATH,1212.200000000002,3224,349,226,1,0.02,2026-01-07T06:51:55
3924,TRAIN,DEATH,1061.1,2934,365,210,1,0.02,2026-01-07T06:51:57
3925,TRAIN,DEATH,487.1999999999945,2531,375,198,3,0.02,2026-01-07T06:52:00
3926,TRAIN,DEATH,1390.8000000000197,3202,331,244,1,0.02,2026-01-07T06:52:02
3927,TRAIN,DEATH,1958.000000000036,4860,225,348,3,0.02,2026-01-07T06:52:06
3928,TRAIN,DEATH,2155.7000000000144,4154,299,277,0,0.02,2026-01-07T06:52:10
3929,TRAIN,DEATH,811.300000000009,2804,342,231,3,0.02,2026-01-07T06:52:13
3930,TRAIN,DEATH,490.59999999999707,2701,373,200,3,0.02,2026-01-07T06:52:16
3931,TRAIN,DEATH,162.69999999999686,1967,408,165,3,0.02,2026-01-07T06:52:17
3932,TRAIN,DEATH,406.69999999999504,2564,386,188,2,0.02,2026-01-07T06:52:19
3933,TRAIN,DEATH,311.6999999999954,2315,393,180,3,0.02,2026-01-07T06:52:21
3934,TRAIN,DEATH,866.0999999999995,2962,336,237,3,0.02,2026-01-07T06:52:24
3935,TRAIN,DEATH,1190.6000000000176,3614,306,268,2,0.02,2026-01-07T06:52:27
3936,TRAIN,DEATH,1314.7000000000146,3422,335,239,2,0.02,2026-01-07T06:52:30
3937,TRAIN,DEATH,947.4000000000049,3146,327,246,3,0.02,2026-01-07T06:52:33
3938,TRAIN,DEATH,987.4000000000119,3402,329,245,2,0.02,2026-01-07T06:52:35
3939,TRAIN,DEATH,785.0000000000095,3574,345,228,3,0.02,2026-01-07T06:52:39
3940,TRAIN,DEATH,1624.8000000000284,4035,263,311,2,0.02,2026-01-07T06:52:43
3941,TRAIN,DEATH,832.9000000000051,3123,340,233,3,0.02,2026-01-07T06:52:45
3942,TRAIN,DEATH,2112.1000000000354,5129,234,340,2,0.02,2026-01-07T06:52:50
3943,TRAIN,DEATH,856.6000000000001,2901,362,212,2,0.02,2026-01-07T06:52:52
3944,TRAIN,DEATH,1127.700000000019,3124,333,241,2,0.02,2026-01-07T06:52:55
3945,TRAIN,DEATH,2518.1000000000427,5592,214,361,1,0.02,2026-01-07T06:53:00
3946,TRAIN,DEATH,-14.300000000002399,2127,426,147,3,0.02,2026-01-07T06:53:02
3947,TRAIN,DEATH,484.400000000006,2779,375,198,3,0.02,2026-01-07T06:53:04
3948,TRAIN,DEATH,1265.5000000000152,3396,340,234,2,0.02,2026-01-07T06:53:07
3949,TRAIN,DEATH,1435.9000000000108,3741,282,292,2,0.02,2026-01-07T06:53:11
3950,TRAIN,DEATH,2857.500000000033,4123,249,327,0,0.02,2026-01-07T06:53:14
3951,TRAIN,DEATH,738.1000000000013,2830,354,220,2,0.02,2026-01-07T06:53:16
3952,TRAIN,DEATH,1174.2000000000237,3648,304,269,3,0.02,2026-01-07T06:53:19
3953,TRAIN,DEATH,826.9999999999986,2815,341,232,3,0.02,2026-01-07T06:53:21
3954,TRAIN,DEATH,3081.5000000000277,6499,179,396,1,0.02,2026-01-07T06:53:26
3955,TRAIN,DEATH,1062.5000000000239,3747,341,233,2,0.02,2026-01-07T06:53:29
3956,TRAIN,DEATH,1979.7000000000362,4547,267,307,2,0.02,2026-01-07T06:53:33
3957,TRAIN,DEATH,2090.400000000039,5630,212,361,3,0.02,2026-01-07T06:53:38
3958,TRAIN,DEATH,764.6000000000067,2802,347,226,3,0.02,2026-01-07T06:53:40
3959,TRAIN,DEATH,881.1999999999989,2580,380,194,2,0.02,2026-01-07T06:53:43
3960,TRAIN,DEATH,77.59999999999593,2297,419,155,2,0.02,2026-01-07T06:53:44
3961,TRAIN,DEATH,-241.00000000000153,1810,448,125,3,0.02,2026-01-07T06:53:46
3962,TRAIN,DEATH,1236.2000000000132,3533,322,252,2,0.02,2026-01-07T06:53:49
3963,TRAIN,DEATH,2313.2000000000326,4458,277,298,1,0.02,2026-01-07T06:53:53
3964,TRAIN,DEATH,810.6000000000122,2961,345,229,2,0.02,2026-01-07T06:53:56
3965,TRAIN,DEATH,337.3999999999945,2361,390,183,3,0.02,2026-01-07T06:53:58
3966,TRAIN,DEATH,207.0999999999949,2285,401,172,3,0.02,2026-01-07T06:53:59
3967,TRAIN,DEATH,819.2000000000085,2963,340,233,3,0.02,2026-01-07T06:54:02
3968,TRAIN,DEATH,-56.90000000000174,1731,430,143,3,0.02,2026-01-07T06:54:04
3969,TRAIN,DEATH,1018.1000000000042,3379,321,252,3,0.02,2026-01-07T06:54:07
3970,TRAIN,DEATH,2143.100000000039,5458,207,366,3,0.02,2026-01-07T06:54:12
3971,TRAIN,DEATH,1224.9000000000108,3684,324,250,2,0.02,2026-01-07T06:54:16
3972,TRAIN,DEATH,1537.3000000000166,3948,311,263,2,0.02,2026-01-07T06:54:19
3973,TRAIN,DEATH,1177.200000000014,3677,330,244,2,0.02,2026-01-07T06:54:22
3974,TRAIN,DEATH,811.3000000000088,3018,345,229,2,0.02,2026-01-07T06:54:24
3975,TRAIN,DEATH,726.9999999999995,2835,350,223,3,0.02,2026-01-07T06:54:27
3976,TRAIN,DEATH,487.29999999999643,2954,399,175,2,0.02,2026-01-07T06:54:29
3977,TRAIN,DEATH,485.299999999998,2344,375,198,3,0.02,2026-01-07T06:54:31
3978,TRAIN,DEATH,594.0000000000009,2941,367,207,2,0.02,2026-01-07T06:54:33
3979,TRAIN,DEATH,837.6000000000049,3030,347,228,1,0.02,2026-01-07T06:54:36
3980,TRAIN,DEATH,2267.3000000000425,5694,195,378,3,0.02,2026-01-07T06:54:41
3981,TRAIN,DEATH,647.899999999996,2529,359,214,3,0.02,2026-01-07T06:54:43
3982,TRAIN,DEATH,1890.6000000000095,4158,280,295,1,0.02,2026-01-07T06:54:46
3983,TRAIN,DEATH,2451.4000000000324,5240,199,375,2,0.02,2026-01-07T06:54:51
3984,TRAIN,DEATH,554.199999999998,2520,368,205,3,0.02,2026-01-07T06:54:53
3985,TRAIN,DEATH,-296.40000000000225,1686,455,118,3,0.02,2026-01-07T06:54:54
3986,TRAIN,DEATH,341.59999999999627,2184,390,183,3,0.02,2026-01-07T06:54:56
3987,TRAIN,DEATH,791.2000000000114,2894,348,226,2,0.02,2026-01-07T06:54:59
3988,TRAIN,DEATH,986.9000000000167,2922,328,246,2,0.02,2026-01-07T06:55:01
3989,TRAIN,DEATH,1199.3000000000168,3562,303,270,3,0.02,2026-01-07T06:55:04
3990,TRAIN,DEATH,735.0999999999999,3053,352,222,2,0.02,2026-01-07T06:55:06
3991,TRAIN,DEATH,1298.400000000007,3809,315,259,2,0.02,2026-01-07T06:55:09
3992,TRAIN,DEATH,1179.3000000000136,3757,309,265,2,0.02,2026-01-07T06:55:12
3993,TRAIN,DEATH,1535.3000000000245,3803,293,281,2,0.02,2026-01-07T06:55:16
3994,TRAIN,DEATH,1565.90000000003,4745,266,307,3,0.02,2026-01-07T06:55:20
3995,TRAIN,DEATH,931.0999999999985,2587,354,220,2,0.02,2026-01-07T06:55:22
3996,TRAIN,DEATH,272.19999999999754,1994,396,177,3,0.02,2026-01-07T06:55:24
3997,TRAIN,DEATH,1106.900000000014,3189,335,239,2,0.02,2026-01-07T06:55:27
3998,TRAIN,DEATH,561.4999999999995,2677,392,182,2,0.02,2026-01-07T06:55:30
3999,TRAIN,DEATH,683.8000000000022,2761,359,215,2,0.02,2026-01-07T06:55:32
4000,TRAIN,DEATH,793.6000000000108,3077,346,228,2,0.02,2026-01-07T06:55:34
4001,TRAIN,DEATH,555.1999999999953,2532,368,205,3,0.02,2026-01-07T06:55:36
4002,TRAIN,DEATH,1814.400000000026,4218,267,308,1,0.02,2026-01-07T06:55:40
4003,TRAIN,DEATH,1149.4000000000126,4025,313,262,1,0.02,2026-01-07T06:55:43
4004,TRAIN,DEATH,1157.0000000000086,4751,306,267,3,0.02,2026-01-07T06:55:47
4005,TRAIN,DEATH,1443.4000000000192,3407,323,251,2,0.02,2026-01-07T06:55:50
4006,TRAIN,DEATH,521.100000000001,3268,374,200,2,0.02,2026-01-07T06:55:53
4007,TRAIN,DEATH,764.2000000000178,2999,347,226,3,0.02,2026-01-07T06:55:55
4008,TRAIN,DEATH,1985.1000000000358,5769,229,346,1,0.02,2026-01-07T06:56:00
4009,TRAIN,DEATH,406.0000000000023,2454,382,191,3,0.02,2026-01-07T06:56:02
4010,TRAIN,DEATH,1417.0000000000216,4079,281,292,3,0.02,2026-01-07T06:56:05
4011,TRAIN,DEATH,1365.6000000000222,4027,292,283,1,0.02,2026-01-07T06:56:09
4012,TRAIN,DEATH,301.39999999999543,2231,399,175,2,0.02,2026-01-07T06:56:11
4013,TRAIN,DEATH,1795.5000000000323,4547,272,303,1,0.02,2026-01-07T06:56:15
4014,TRAIN,DEATH,1886.8000000000225,4279,278,296,2,0.02,2026-01-07T06:56:18
4015,TRAIN,DEATH,2116.000000000049,6162,215,359,2,0.02,2026-01-07T06:56:24
4016,TRAIN,DEATH,-324.3000000000005,1696,456,117,3,0.02,2026-01-07T06:56:25
4017,TRAIN,DEATH,1492.8000000000086,3697,336,238,2,0.02,2026-01-07T06:56:28
4018,TRAIN,DEATH,-371.40000000000026,1244,462,111,3,0.02,2026-01-07T06:56:29
4019,TRAIN,DEATH,1972.4000000000224,4061,288,286,2,0.02,2026-01-07T06:56:33
4020,TRAIN,DEATH,384.2000000000028,2676,383,190,3,0.02,2026-01-07T06:56:35
4021,TRAIN,DEATH,601.1999999999964,2431,363,210,3,0.02,2026-01-07T06:56:37
4022,TRAIN,DEATH,779.7000000000087,2760,370,204,2,0.02,2026-01-07T06:56:39
4023,TRAIN,DEATH,1731.600000000024,4264,248,325,3,0.02,2026-01-07T06:56:43
4024,TRAIN,DEATH,1861.6000000000272,4677,284,291,1,0.02,2026-01-07T06:56:47
4025,TRAIN,DEATH,-95.00000000000057,1847,433,140,3,0.02,2026-01-07T06:56:48
4026,TRAIN,DEATH,157.89999999999793,2058,408,165,3,0.02,2026-01-07T06:56:50
4027,TRAIN,DEATH,1773.1000000000327,5180,246,328,2,0.02,2026-01-07T06:56:55
4028,TRAIN,DEATH,-23.599999999995532,2581,424,149,3,0.02,2026-01-07T06:56:57
4029,TRAIN,DEATH,-241.50000000000102,1787,448,125,3,0.02,2026-01-07T06:56:58
4030,TRAIN,DEATH,1166.800000000018,2716,351,223,2,0.02,2026-01-07T06:57:00
4031,TRAIN,DEATH,1592.4000000000242,4996,266,308,2,0.02,2026-01-07T06:57:05
4032,TRAIN,DEATH,467.7000000000003,2751,376,197,3,0.02,2026-01-07T06:57:07
4033,TRAIN,DEATH,831.4000000000015,2814,339,234,3,0.02,2026-01-07T06:57:09
4034,TRAIN,DEATH,960.2000000000066,3888,327,246,3,0.02,2026-01-07T06:57:13
4035,TRAIN,DEATH,416.8999999999995,2669,381,192,3,0.02,2026-01-07T06:57:15
4036,TRAIN,DEATH,2497.7000000000407,5339,200,375,1,0.02,2026-01-07T06:57:19
4037,TRAIN,DEATH,1798.4000000000306,4115,289,286,1,0.02,2026-01-07T06:57:22
4038,TRAIN,DEATH,1847.4000000000242,4635,262,312,2,0.02,2026-01-07T06:57:26
4039,TRAIN,DEATH,1399.1000000000242,4443,282,291,3,0.02,2026-01-07T06:57:30
4040,TRAIN,DEATH,253.19999999999823,2003,399,174,3,0.02,2026-01-07T06:57:32
4041,TRAIN,DEATH,715.9999999999975,3379,352,222,2,0.02,2026-01-07T06:57:35
4042,TRAIN,DEATH,887.7000000000137,3231,359,215,2,0.02,2026-01-07T06:57:37
4043,TRAIN,DEATH,1412.0000000000261,4905,288,287,1,0.02,2026-01-07T06:57:41
4044,TRAIN,DEATH,812.4000000000115,3300,345,229,2,0.02,2026-01-07T06:57:44
4045,TRAIN,DEATH,1155.2000000000112,3108,330,244,2,0.02,2026-01-07T06:57:46
4046,TRAIN,DEATH,994.3000000000229,3605,323,250,3,0.02,2026-01-07T06:57:49
4047,TRAIN,DEATH,1875.6000000000413,5517,237,337,2,0.02,2026-01-07T06:57:54
4048,TRAIN,DEATH,1200.70000000002,4137,302,271,3,0.02,2026-01-07T06:57:58
4049,TRAIN,DEATH,803.9000000000092,3168,345,229,2,0.02,2026-01-07T06:58:00
4050,TRAIN,DEATH,1783.5000000000214,4479,243,330,3,0.02,2026-01-07T06:58:04
4051,TRAIN,DEATH,895.2000000000105,2916,338,236,2,0.02,2026-01-07T06:58:07
4052,TRAIN,DEATH,2027.5000000000182,3841,287,288,1,0.02,2026-01-07T06:58:10
4053,TRAIN,DEATH,1141.7000000000116,3366,332,242,2,0.02,2026-01-07T06:58:13
4054,TRAIN,DEATH,1271.200000000012,3508,324,251,1,0.02,2026-01-07T06:58:16
4055,TRAIN,DEATH,1430.0000000000239,4082,284,290,2,0.02,2026-01-07T06:58:19
4056,TRAIN,DEATH,829.600000000016,3058,368,207,1,0.02,2026-01-07T06:58:22
4057,TRAIN,DEATH,743.1000000000006,2496,391,183,2,0.02,2026-01-07T06:58:24
4058,TRAIN,DEATH,1218.1000000000133,3301,300,273,3,0.02,2026-01-07T06:58:27
4059,TRAIN,DEATH,408.99999999999477,2352,382,191,3,0.02,2026-01-07T06:58:28
4060,TRAIN,DEATH,1459.6000000000226,3877,285,290,1,0.02,2026-01-07T06:58:32
4061,TRAIN,DEATH,845.0000000000105,2497,383,191,2,0.02,2026-01-07T06:58:34
4062,TRAIN,DEATH,963.0000000000045,3292,328,245,3,0.02,2026-01-07T06:58:37
4063,TRAIN,DEATH,537.5999999999945,2792,368,205,3,0.02,2026-01-07T06:58:39
4064,TRAIN,DEATH,-219.9000000000002,1402,447,126,3,0.02,2026-01-07T06:58:41
4065,TRAIN,DEATH,992.800000000007,3753,324,249,3,0.02,2026-01-07T06:58:44
4066,TRAIN,DEATH,3065.8000000000516,6412,161,414,1,0.02,2026-01-07T06:58:50
4067,TRAIN,DEATH,700.2000000000141,3211,357,217,2,0.02,2026-01-07T06:58:52
4068,TRAIN,DEATH,-460.1000000000003,1220,471,102,3,0.02,2026-01-07T06:58:53
4069,TRAIN,DEATH,1427.0000000000134,4151,284,290,2,0.02,2026-01-07T06:58:56
4070,TRAIN,DEATH,2373.6000000000454,6099,212,363,1,0.02,2026-01-07T06:59:01
4071,TRAIN,DEATH,1736.500000000026,4702,252,322,2,0.02,2026-01-07T06:59:05
4072,TRAIN,DEATH,959.000000000015,3921,350,224,2,0.02,2026-01-07T06:59:08
4073,TRAIN,DEATH,747.6000000000072,2861,349,224,3,0.02,2026-01-07T06:59:11
4074,TRAIN,DEATH,2894.600000000043,5576,180,395,1,0.02,2026-01-07T06:59:15
4075,TRAIN,DEATH,153.89999999999623,1921,409,164,3,0.02,2026-01-07T06:59:17
4076,TRAIN,DEATH,1395.100000000018,3565,311,264,1,0.02,2026-01-07T06:59:20
4077,TRAIN,DEATH,421.1999999999957,2735,382,191,3,0.02,2026-01-07T06:59:23
4078,TRAIN,DEATH,1509.0000000000277,4059,295,279,2,0.02,2026-01-07T06:59:26
4079,TRAIN,DEATH,1823.90000000003,4373,267,308,1,0.02,2026-01-07T06:59:29
4080,TRAIN,DEATH,1544.7000000000162,3867,312,262,2,0.02,2026-01-07T06:59:33
4081,TRAIN,DEATH,1854.200000000023,4678,260,314,2,0.02,2026-01-07T06:59:37
4082,TRAIN,DEATH,-350.70000000000266,1623,459,114,3,0.02,2026-01-07T06:59:39
4083,TRAIN,DEATH,1043.8000000000195,3146,323,251,2,0.02,2026-01-07T06:59:41
4084,TRAIN,DEATH,294.6999999999963,2137,395,178,3,0.02,2026-01-07T06:59:43
4085,TRAIN,DEATH,-183.90000000000208,1559,443,130,3,0.02,2026-01-07T06:59:45
4086,TRAIN,DEATH,1931.200000000023,3776,296,279,1,0.02,2026-01-07T06:59:47
4087,TRAIN,DEATH,2067.2000000000285,3831,284,291,1,0.02,2026-01-07T06:59:51
4088,TRAIN,DEATH,1974.8000000000234,4684,271,304,1,0.02,2026-01-07T06:59:55
4089,TRAIN,DEATH,1305.000000000023,3387,316,258,2,0.02,2026-01-07T06:59:58
4090,TRAIN,DEATH,1362.9000000000117,4117,285,288,3,0.02,2026-01-07T07:00:01
4091,TRAIN,DEATH,1807.1000000000163,4449,266,308,2,0.02,2026-01-07T07:00:05
4092,TRAIN,DEATH,693.7000000000025,2827,357,217,2,0.02,2026-01-07T07:00:07
4093,TRAIN,DEATH,882.9000000000067,3102,335,238,3,0.02,2026-01-07T07:00:10
4094,TRAIN,DEATH,1623.700000000022,4179,288,287,1,0.02,2026-01-07T07:00:14
4095,TRAIN,DEATH,1870.700000000024,4545,259,315,2,0.02,2026-01-07T07:00:17
4096,TRAIN,DEATH,2381.1000000000117,4207,272,303,1,0.02,2026-01-07T07:00:20
4097,TRAIN,DEATH,1606.600000000023,3960,349,226,1,0.02,2026-01-07T07:00:24
4098,TRAIN,DEATH,3109.8000000000548,7164,155,420,1,0.02,2026-01-07T07:00:29
4099,TRAIN,DEATH,662.2000000000085,3259,362,212,2,0.02,2026-01-07T07:00:33
4100,TRAIN,DEATH,773.5000000000005,2612,395,180,1,0.02,2026-01-07T07:00:35
4101,TRAIN,DEATH,1562.5000000000268,3788,290,284,2,0.02,2026-01-07T07:00:38
4102,TRAIN,DEATH,2731.7000000000435,6697,195,380,1,0.02,2026-01-07T07:00:43
4103,TRAIN,DEATH,1283.7000000000176,3435,317,257,2,0.02,2026-01-07T07:00:46
4104,TRAIN,DEATH,-165.4000000000014,1510,440,133,3,0.02,2026-01-07T07:00:48
4105,TRAIN,DEATH,1172.500000000015,3775,309,265,2,0.02,2026-01-07T07:00:51
4106,TRAIN,DEATH,1772.6000000000336,4735,244,329,3,0.02,2026-01-07T07:00:55
4107,TRAIN,DEATH,2982.900000000038,6258,190,385,1,0.02,2026-01-07T07:01:00
4108,TRAIN,DEATH,1980.4000000000274,4838,232,343,1,0.02,2026-01-07T07:01:04
4109,TRAIN,DEATH,1576.5000000000164,4624,264,309,3,0.02,2026-01-07T07:01:08
4110,TRAIN,DEATH,146.59999999999752,2184,410,163,3,0.02,2026-01-07T07:01:10
4111,TRAIN,DEATH,251.599999999994,3020,399,174,3,0.02,2026-01-07T07:01:12
4112,TRAIN,DEATH,1123.7000000000205,3355,334,240,2,0.02,2026-01-07T07:01:15
4113,TRAIN,DEATH,248.9999999999966,2363,398,175,3,0.02,2026-01-07T07:01:17
4114,TRAIN,DEATH,1712.4000000000046,4112,295,279,2,0.02,2026-01-07T07:01:20
4115,TRAIN,DEATH,1191.0000000000111,3135,332,243,1,0.02,2026-01-07T07:01:23
4116,TRAIN,DEATH,756.599999999999,2860,348,225,3,0.02,2026-01-07T07:01:25
4117,TRAIN,DEATH,744.0000000000152,3009,352,222,2,0.02,2026-01-07T07:01:28
4118,TRAIN,DEATH,1100.400000000016,3087,361,214,1,0.02,2026-01-07T07:01:30
4119,TRAIN,DEATH,1533.9000000000228,3777,294,280,2,0.02,2026-01-07T07:01:33
4120,TRAIN,DEATH,1457.9000000000235,3552,277,296,3,0.02,2026-01-07T07:01:36
4121,TRAIN,DEATH,246.19999999999777,2309,399,174,3,0.02,2026-01-07T07:01:38
4122,TRAIN,DEATH,2870.100000000059,7654,160,415,1,0.02,2026-01-07T07:01:44
4123,TRAIN,DEATH,1195.6000000000163,2624,391,184,1,0.02,2026-01-07T07:01:46
4124,TRAIN,DEATH,694.9000000000019,2932,354,219,3,0.02,2026-01-07T07:01:49
4125,TRAIN,DEATH,1843.1000000000236,4876,245,330,1,0.02,2026-01-07T07:01:52
4126,TRAIN,DEATH,927.4000000000137,2689,355,219,2,0.02,2026-01-07T07:01:55
4127,TRAIN,DEATH,851.600000000009,2859,362,212,2,0.02,2026-01-07T07:01:57
4128,TRAIN,DEATH,1972.7000000000235,4514,272,303,1,0.02,2026-01-07T07:02:01
4129,TRAIN,DEATH,1098.0000000000189,3125,321,254,1,0.02,2026-01-07T07:02:03
4130,TRAIN,DEATH,269.8999999999984,2476,397,176,3,0.02,2026-01-07T07:02:06
4131,TRAIN,DEATH,1390.000000000023,3607,307,267,2,0.02,2026-01-07T07:02:09
4132,TRAIN,DEATH,2598.400000000035,4930,209,366,1,0.02,2026-01-07T07:02:12
4133,TRAIN,DEATH,-12.700000000003286,1836,427,147,2,0.02,2026-01-07T07:02:14
4134,TRAIN,DEATH,276.699999999994,2825,400,174,2,0.02,2026-01-07T07:02:17
4135,TRAIN,DEATH,1816.3000000000275,4579,290,286,0,0.02,2026-01-07T07:02:20
4136,TRAIN,DEATH,693.9000000000042,2940,353,220,3,0.02,2026-01-07T07:02:22
4137,TRAIN,DEATH,-120.70000000000277,1878,435,138,3,0.02,2026-01-07T07:02:24
4138,TRAIN,DEATH,1458.7000000000294,4318,276,297,3,0.02,2026-01-07T07:02:27
4139,TRAIN,DEATH,678.8000000000059,2814,355,218,3,0.02,2026-01-07T07:02:30
4140,TRAIN,DEATH,576.0000000000184,3037,364,209,3,0.02,2026-01-07T07:02:33
4141,TRAIN,DEATH,664.0000000000023,2207,406,169,1,0.02,2026-01-07T07:02:34
4142,TRAIN,DEATH,1001.2000000000087,3920,350,225,1,0.02,2026-01-07T07:02:38
4143,TRAIN,DEATH,1195.6000000000188,3444,332,243,1,0.02,2026-01-07T07:02:41
4144,TRAIN,DEATH,1011.9000000000215,3317,325,249,2,0.02,2026-01-07T07:02:43
4145,TRAIN,DEATH,-234.8000000000016,1787,448,125,3,0.02,2026-01-07T07:02:45
4146,TRAIN,DEATH,1438.9000000000133,4006,283,291,2,0.02,2026-01-07T07:02:48
4147,TRAIN,DEATH,226.49999999999636,2135,402,171,3,0.02,2026-01-07T07:02:50
4148,TRAIN,DEATH,2096.3000000000334,5369,215,359,2,0.02,2026-01-07T07:02:54
4149,TRAIN,DEATH,938.3000000000161,3133,332,242,2,0.02,2026-01-07T07:02:56
4150,TRAIN,DEATH,2801.2000000000407,6322,163,411,2,0.02,2026-01-07T07:03:02
4151,TRAIN,DEATH,226.79999999999802,2264,404,170,2,0.02,2026-01-07T07:03:03
4152,TRAIN,DEATH,981.3000000000045,3768,323,250,3,0.02,2026-01-07T07:03:07
4153,TRAIN,DEATH,2088.900000000033,4710,236,338,2,0.02,2026-01-07T07:03:11
4154,TRAIN,DEATH,3016.900000000046,5959,188,387,1,0.02,2026-01-07T07:03:15
4155,TRAIN,DEATH,610.4000000000112,2646,362,211,3,0.02,2026-01-07T07:03:17
4156,TRAIN,DEATH,2135.30000000004,5371,238,338,0,0.02,2026-01-07T07:03:22
4157,TRAIN,DEATH,694.8000000000134,2858,357,217,2,0.02,2026-01-07T07:03:24
4158,TRAIN,DEATH,313.49999999999716,2295,393,180,3,0.02,2026-01-07T07:03:27
4159,TRAIN,DEATH,2236.300000000037,5425,221,353,2,0.02,2026-01-07T07:03:31
4160,TRAIN,DEATH,2177.000000000039,4906,228,346,2,0.02,2026-01-07T07:03:35
4161,TRAIN,DEATH,1602.000000000021,3718,291,284,1,0.02,2026-01-07T07:03:39
4162,TRAIN,DEATH,566.3000000000018,2624,367,206,3,0.02,2026-01-07T07:03:41
4163,TRAIN,DEATH,1684.800000000027,4476,297,277,2,0.02,2026-01-07T07:03:45
4164,TRAIN,DEATH,2581.300000000059,6933,187,387,2,0.02,2026-01-07T07:03:51
4165,TRAIN,DEATH,1529.200000000008,3643,292,282,2,0.02,2026-01-07T07:03:54
4166,TRAIN,DEATH,1092.3000000000188,2866,358,216,2,0.02,2026-01-07T07:03:57
4167,TRAIN,DEATH,722.999999999998,2823,351,222,3,0.02,2026-01-07T07:03:59
4168,TRAIN,DEATH,216.79999999999643,2181,402,171,3,0.02,2026-01-07T07:04:02
4169,TRAIN,DEATH,102.89999999999554,2091,413,160,3,0.02,2026-01-07T07:04:03
4170,TRAIN,DEATH,1083.800000000022,3391,314,259,3,0.02,2026-01-07T07:04:06
4171,TRAIN,DEATH,965.5000000000052,3293,329,245,2,0.02,2026-01-07T07:04:09
4172,TRAIN,DEATH,777.1000000000163,3222,348,226,2,0.02,2026-01-07T07:04:12
4173,TRAIN,DEATH,1055.1000000000179,3697,317,256,3,0.02,2026-01-07T07:04:15
4174,TRAIN,DEATH,1245.300000000005,3515,321,253,2,0.02,2026-01-07T07:04:18
4175,TRAIN,DEATH,-328.7000000000011,1730,457,116,3,0.02,2026-01-07T07:04:20
4176,TRAIN,DEATH,374.59999999999707,2197,410,164,2,0.02,2026-01-07T07:04:21
4177,TRAIN,DEATH,1202.6000000000156,3439,302,271,3,0.02,2026-01-07T07:04:24
4178,TRAIN,DEATH,2575.4000000000406,6073,187,387,2,0.02,2026-01-07T07:04:29
4179,TRAIN,DEATH,1118.3000000000202,3193,310,263,3,0.02,2026-01-07T07:04:32
4180,TRAIN,DEATH,1202.5000000000234,3378,306,268,2,0.02,2026-01-07T07:04:36
4181,TRAIN,DEATH,1402.5000000000186,3661,324,250,2,0.02,2026-01-07T07:04:39
4182,TRAIN,DEATH,1222.400000000014,3097,348,227,1,0.02,2026-01-07T07:04:42
4183,TRAIN,DEATH,1203.4000000000121,3371,351,224,1,0.02,2026-01-07T07:04:44
4184,TRAIN,DEATH,734.6000000000158,2571,370,203,3,0.02,2026-01-07T07:04:46
4185,TRAIN,DEATH,896.9000000000065,2758,334,239,3,0.02,2026-01-07T07:04:49
4186,TRAIN,DEATH,3.199999999996976,2190,424,149,3,0.02,2026-01-07T07:04:50
4187,TRAIN,DEATH,1875.9000000000183,3942,281,294,1,0.02,2026-01-07T07:04:54
4188,TRAIN,DEATH,1274.6000000000142,3761,319,255,2,0.02,2026-01-07T07:04:58
4189,TRAIN,DEATH,2065.8000000000116,4489,244,331,1,0.02,2026-01-07T07:05:01
4190,TRAIN,DEATH,201.49999999999625,2351,404,169,3,0.02,2026-01-07T07:05:03
4191,TRAIN,DEATH,533.2000000000116,2276,415,159,2,0.02,2026-01-07T07:05:05
4192,TRAIN,DEATH,1990.6000000000158,3811,291,284,1,0.02,2026-01-07T07:05:08
4193,TRAIN,DEATH,1699.8000000000184,4634,252,321,3,0.02,2026-01-07T07:05:12
4194,TRAIN,DEATH,2981.2000000000494,6784,171,404,1,0.02,2026-01-07T07:05:18
4195,TRAIN,DEATH,554.9999999999995,2457,393,181,2,0.02,2026-01-07T07:05:20
4196,TRAIN,DEATH,926.700000000015,3259,334,240,2,0.02,2026-01-07T07:05:23
4197,TRAIN,DEATH,109.99999999999773,2183,413,160,3,0.02,2026-01-07T07:05:25
4198,TRAIN,DEATH,1630.4000000000196,3764,308,267,1,0.02,2026-01-07T07:05:28
4199,TRAIN,DEATH,18.199999999995953,1992,422,151,3,0.02,2026-01-07T07:05:29
4200,TRAIN,DEATH,365.79999999999677,2601,386,187,3,0.02,2026-01-07T07:05:31
4201,TRAIN,DEATH,2078.9000000000237,4068,282,293,1,0.02,2026-01-07T07:05:35
4202,TRAIN,DEATH,553.1999999999982,2523,369,204,3,0.02,2026-01-07T07:05:37
4203,TRAIN,DEATH,974.8000000000002,3615,326,247,3,0.02,2026-01-07T07:05:41
4204,TRAIN,DEATH,487.6000000000008,2419,375,198,3,0.02,2026-01-07T07:05:43
4205,TRAIN,DEATH,2418.6000000000386,5162,204,370,2,0.02,2026-01-07T07:05:47
4206,TRAIN,DEATH,685.5000000000023,2906,379,195,2,0.02,2026-01-07T07:05:50
4207,TRAIN,DEATH,727.1000000000026,3197,350,223,3,0.02,2026-01-07T07:05:53
4208,TRAIN,DEATH,357.7999999999955,2577,388,185,3,0.02,2026-01-07T07:05:55
4209,TRAIN,DEATH,431.9999999999952,2422,408,167,1,0.02,2026-01-07T07:05:58
4210,TRAIN,DEATH,1029.0000000000146,3401,347,228,1,0.02,2026-01-07T07:06:01
4211,TRAIN,DEATH,2568.3000000000384,4739,253,322,1,0.02,2026-01-07T07:06:05
4212,TRAIN,DEATH,514.7999999999978,2683,396,178,2,0.02,2026-01-07T07:06:07
4213,TRAIN,DEATH,914.7000000000137,3034,357,217,2,0.02,2026-01-07T07:06:09
4214,TRAIN,DEATH,2523.300000000049,6502,197,378,1,0.02,2026-01-07T07:06:15
4215,TRAIN,DEATH,973.1000000000083,3677,327,246,3,0.02,2026-01-07T07:06:18
4216,TRAIN,DEATH,614.3000000000047,3066,361,212,3,0.02,2026-01-07T07:06:21
4217,TRAIN,DEATH,1298.700000000022,3754,337,237,2,0.02,2026-01-07T07:06:24
4218,TRAIN,DEATH,1758.600000000023,3453,334,241,1,0.02,2026-01-07T07:06:27
4219,TRAIN,DEATH,1036.6000000000033,3199,319,254,3,0.02,2026-01-07T07:06:29
4220,TRAIN,DEATH,-699.8000000000004,968,495,78,3,0.02,2026-01-07T07:06:30
4221,TRAIN,DEATH,877.8000000000059,3046,335,238,3,0.02,2026-01-07T07:06:33
4222,TRAIN,DEATH,553.8999999999992,2816,367,206,3,0.02,2026-01-07T07:06:36
4223,TRAIN,DEATH,1780.2000000000276,4176,308,266,2,0.02,2026-01-07T07:06:39
4224,TRAIN,DEATH,1218.400000000011,3222,326,248,2,0.02,2026-01-07T07:06:42
4225,TRAIN,DEATH,1448.0000000000205,3707,302,272,2,0.02,2026-01-07T07:06:45
4226,TRAIN,DEATH,-240.4000000000014,1426,449,124,3,0.02,2026-01-07T07:06:47
4227,TRAIN,DEATH,1587.6000000000167,4500,287,287,2,0.02,2026-01-07T07:06:52
4228,TRAIN,DEATH,1417.6000000000188,4346,280,293,3,0.02,2026-01-07T07:06:55
4229,TRAIN,DEATH,1287.500000000031,4263,294,279,3,0.02,2026-01-07T07:06:59
4230,TRAIN,DEATH,840.2000000000071,2756,339,234,3,0.02,2026-01-07T07:07:01
4231,TRAIN,DEATH,612.4000000000028,2556,363,210,3,0.02,2026-01-07T07:07:03
4232,TRAIN,DEATH,1326.30000000002,3969,293,281,2,0.02,2026-01-07T07:07:07
4233,TRAIN,DEATH,1162.9000000000226,3690,330,244,2,0.02,2026-01-07T07:07:10
4234,TRAIN,DEATH,586.1000000000033,2801,363,210,3,0.02,2026-01-07T07:07:13
4235,TRAIN,DEATH,12.199999999996749,2151,423,150,3,0.02,2026-01-07T07:07:15
4236,TRAIN,DEATH,428.39999999999463,2431,381,192,3,0.02,2026-01-07T07:07:17
4237,TRAIN,DEATH,953.7999999999981,3149,351,223,2,0.02,2026-01-07T07:07:19
4238,TRAIN,DEATH,1378.6000000000233,3709,309,265,2,0.02,2026-01-07T07:07:22
4239,TRAIN,DEATH,837.1000000000008,3169,362,212,2,0.02,2026-01-07T07:07:25
4240,TRAIN,DEATH,175.59999999999718,2251,409,165,2,0.02,2026-01-07T07:07:27
4241,TRAIN,DEATH,1022.2000000000066,3346,321,252,3,0.02,2026-01-07T07:07:31
4242,TRAIN,DEATH,191.19999999999663,2081,405,168,3,0.02,2026-01-07T07:07:33
4243,TRAIN,DEATH,945.7000000000114,3721,328,245,3,0.02,2026-01-07T07:07:36
4244,TRAIN,DEATH,1607.900000000021,4219,286,288,2,0.02,2026-01-07T07:07:40
4245,TRAIN,DEATH,913.9000000000092,2894,332,241,3,0.02,2026-01-07T07:07:42
4246,TRAIN,DEATH,979.6000000000038,3337,350,224,2,0.02,2026-01-07T07:07:45
4247,TRAIN,DEATH,2138.400000000028,4913,252,322,2,0.02,2026-01-07T07:07:49
4248,TRAIN,DEATH,1530.600000000033,4367,293,281,2,0.02,2026-01-07T07:07:52
4249,TRAIN,DEATH,491.3000000000012,2762,374,199,3,0.02,2026-01-07T07:07:55
4250,TRAIN,DEATH,733.1000000000022,2873,350,223,3,0.02,2026-01-07T07:07:57
4251,TRAIN,DEATH,2015.100000000019,3905,288,287,1,0.02,2026-01-07T07:08:00
4252,TRAIN,DEATH,2007.2000000000398,5684,262,312,2,0.02,2026-01-07T07:08:04
4253,TRAIN,DEATH,1803.4000000000315,4871,266,308,2,0.02,2026-01-07T07:08:08
4254,TRAIN,DEATH,1008.5000000000216,3143,346,228,2,0.02,2026-01-07T07:08:11
4255,TRAIN,DEATH,182.89999999999668,2275,406,167,3,0.02,2026-01-07T07:08:13
4256,TRAIN,DEATH,1948.6000000000308,4014,292,282,2,0.02,2026-01-07T07:08:16
4257,TRAIN,DEATH,1046.8000000000195,3495,317,256,3,0.02,2026-01-07T07:08:20
4258,TRAIN,DEATH,1657.6000000000163,3858,300,274,2,0.02,2026-01-07T07:08:23
4259,TRAIN,DEATH,109.09999999999525,2369,411,162,3,0.02,2026-01-07T07:08:25
4260,TRAIN,DEATH,710.3000000000156,3481,351,222,3,0.02,2026-01-07T07:08:29
4261,TRAIN,DEATH,551.1999999999987,2875,370,204,2,0.02,2026-01-07T07:08:31
4262,TRAIN,DEATH,2628.100000000065,7909,182,392,2,0.02,2026-01-07T07:08:38
4263,TRAIN,DEATH,1808.8000000000243,4523,240,333,3,0.02,2026-01-07T07:08:41
4264,TRAIN,DEATH,301.2000000000004,2872,396,178,2,0.02,2026-01-07T07:08:44
4265,TRAIN,DEATH,1122.1000000000026,3094,360,215,1,0.02,2026-01-07T07:08:47
4266,TRAIN,DEATH,2481.500000000041,5752,221,354,1,0.02,2026-01-07T07:08:51
4267,TRAIN,DEATH,2858.500000000042,5512,223,352,1,0.02,2026-01-07T07:08:56
4268,TRAIN,DEATH,256.89999999999463,2417,398,175,3,0.02,2026-01-07T07:08:58
4269,TRAIN,DEATH,1487.500000000021,3473,298,276,2,0.02,2026-01-07T07:09:01
4270,TRAIN,DEATH,538.8000000000022,2476,394,180,2,0.02,2026-01-07T07:09:02
4271,TRAIN,DEATH,1704.500000000031,5474,252,321,3,0.02,2026-01-07T07:09:07
4272,TRAIN,DEATH,3324.400000000054,6761,155,420,1,0.02,2026-01-07T07:09:13
4273,TRAIN,DEATH,1279.1000000000129,3444,317,257,2,0.02,2026-01-07T07:09:16
4274,TRAIN,DEATH,1674.700000000022,3916,323,252,1,0.02,2026-01-07T07:09:19
4275,TRAIN,DEATH,55.49999999999716,1899,418,155,3,0.02,2026-01-07T07:09:21
4276,TRAIN,DEATH,1079.2000000000162,3833,315,258,3,0.02,2026-01-07T07:09:24
4277,TRAIN,DEATH,1494.7000000000119,3990,317,257,2,0.02,2026-01-07T07:09:27
4278,TRAIN,DEATH,1516.300000000029,5138,271,303,2,0.02,2026-01-07T07:09:31
4279,TRAIN,DEATH,1550.1000000000072,3812,291,283,2,0.02,2026-01-07T07:09:35
4280,TRAIN,DEATH,1634.4000000000328,4689,282,292,2,0.02,2026-01-07T07:09:39
4281,TRAIN,DEATH,2669.0000000000377,5835,194,380,2,0.02,2026-01-07T07:09:43
4282,TRAIN,DEATH,1963.8000000000388,4944,270,304,2,0.02,2026-01-07T07:09:47
4283,TRAIN,DEATH,1231.7000000000248,3719,304,270,2,0.02,2026-01-07T07:09:51
4284,TRAIN,DEATH,1315.3000000000268,4204,314,260,2,0.02,2026-01-07T07:09:55
4285,TRAIN,DEATH,-117.80000000000285,1788,435,138,3,0.02,2026-01-07T07:09:56
4286,TRAIN,DEATH,1507.3000000000104,3497,316,258,2,0.02,2026-01-07T07:09:59
4287,TRAIN,DEATH,836.2000000000048,2949,339,234,3,0.02,2026-01-07T07:10:02
4288,TRAIN,DEATH,779.4000000000037,3064,344,229,3,0.02,2026-01-07T07:10:05
4289,TRAIN,DEATH,763.1000000000026,2919,346,227,3,0.02,2026-01-07T07:10:08
4290,TRAIN,DEATH,315.19999999999595,2499,394,180,2,0.02,2026-01-07T07:10:11
4291,TRAIN,DEATH,614.3,2756,367,207,2,0.02,2026-01-07T07:10:13
4292,TRAIN,DEATH,1064.1000000000256,3795,319,255,2,0.02,2026-01-07T07:10:16
4293,TRAIN,DEATH,1999.5000000000282,3976,290,285,1,0.02,2026-01-07T07:10:19
4294,TRAIN,DEATH,2329.600000000043,5790,212,362,2,0.02,2026-01-07T07:10:24
4295,TRAIN,DEATH,142.4999999999959,2218,409,164,3,0.02,2026-01-07T07:10:25
4296,TRAIN,DEATH,1129.0000000000175,3595,358,217,1,0.02,2026-01-07T07:10:28
4297,TRAIN,DEATH,439.7999999999977,1882,424,150,2,0.02,2026-01-07T07:10:29
4298,TRAIN,DEATH,1720.6000000000226,4027,274,300,2,0.02,2026-01-07T07:10:33
4299,TRAIN,DEATH,1166.700000000024,3822,330,244,2,0.02,2026-01-07T07:10:38
4300,TRAIN,DEATH,525.400000000006,2399,395,179,2,0.02,2026-01-07T07:10:39
4301,TRAIN,DEATH,917.1000000000051,2803,356,218,2,0.02,2026-01-07T07:10:42
4302,TRAIN,DEATH,1430.900000000016,3536,326,249,1,0.02,2026-01-07T07:10:44
4303,TRAIN,DEATH,11.699999999998056,1795,423,150,3,0.02,2026-01-07T07:10:46
4304,TRAIN,DEATH,-152.30000000000416,2048,439,134,3,0.02,2026-01-07T07:10:48
4305,TRAIN,DEATH,2107.200000000028,4832,235,339,2,0.02,2026-01-07T07:10:52
4306,TRAIN,DEATH,517.4999999999949,2712,371,202,3,0.02,2026-01-07T07:10:55
4307,TRAIN,DEATH,1250.200000000015,4341,296,277,3,0.02,2026-01-07T07:10:59
4308,TRAIN,DEATH,1151.3000000000152,3901,330,244,2,0.02,2026-01-07T07:11:02
4309,TRAIN,DEATH,862.4000000000028,3314,337,236,3,0.02,2026-01-07T07:11:04
4310,TRAIN,DEATH,2205.1000000000295,4443,246,328,2,0.02,2026-01-07T07:11:08
4311,TRAIN,DEATH,1396.3000000000243,3600,307,267,2,0.02,2026-01-07T07:11:11
4312,TRAIN,DEATH,2005.60000000003,5125,265,309,2,0.02,2026-01-07T07:11:15
4313,TRAIN,DEATH,65.7999999999962,2147,417,156,3,0.02,2026-01-07T07:11:17
4314,TRAIN,DEATH,1469.9000000000322,4920,298,276,2,0.02,2026-01-07T07:11:22
4315,TRAIN,DEATH,55.699999999997544,1897,419,154,3,0.02,2026-01-07T07:11:23
4316,TRAIN,DEATH,945.1000000000147,3189,331,243,2,0.02,2026-01-07T07:11:26
4317,TRAIN,DEATH,246.59999999999786,2148,402,172,2,0.02,2026-01-07T07:11:28
4318,TRAIN,DEATH,1096.7000000000078,3608,312,261,3,0.02,2026-01-07T07:11:31
4319,TRAIN,DEATH,1241.7000000000214,4930,295,278,3,0.02,2026-01-07T07:11:35
4320,TRAIN,DEATH,569.4999999999961,2994,370,204,2,0.02,2026-01-07T07:11:37
4321,TRAIN,DEATH,1685.5000000000155,4592,254,319,3,0.02,2026-01-07T07:11:41
4322,TRAIN,DEATH,530.1000000000122,3003,370,203,3,0.02,2026-01-07T07:11:44
4323,TRAIN,DEATH,610.1999999999998,2803,362,211,3,0.02,2026-01-07T07:11:47
4324,TRAIN,DEATH,1660.3000000000316,4445,277,297,2,0.02,2026-01-07T07:11:50
4325,TRAIN,DEATH,908.500000000022,3435,333,240,3,0.02,2026-01-07T07:11:53
4326,TRAIN,DEATH,1360.9000000000174,3734,309,265,2,0.02,2026-01-07T07:11:56
4327,TRAIN,DEATH,2543.3000000000497,6169,191,383,2,0.02,2026-01-07T07:12:01
4328,TRAIN,DEATH,2575.800000000046,6102,188,386,2,0.02,2026-01-07T07:12:06
4329,TRAIN,DEATH,536.6000000000076,2789,370,203,3,0.02,2026-01-07T07:12:09
4330,TRAIN,DEATH,390.199999999998,2468,385,188,3,0.02,2026-01-07T07:12:11
4331,TRAIN,DEATH,1216.1000000000186,3197,329,246,1,0.02,2026-01-07T07:12:14
4332,TRAIN,DEATH,2576.200000000042,5938,208,366,2,0.02,2026-01-07T07:12:19
4333,TRAIN,DEATH,560.7999999999954,2855,369,205,2,0.02,2026-01-07T07:12:21
4334,TRAIN,DEATH,1947.500000000035,5184,273,302,1,0.02,2026-01-07T07:12:25
4335,TRAIN,DEATH,1901.3000000000388,5311,255,319,2,0.02,2026-01-07T07:12:30
4336,TRAIN,DEATH,1121.100000000014,3721,314,260,2,0.02,2026-01-07T07:12:32
4337,TRAIN,DEATH,1180.300000000015,3801,308,266,2,0.02,2026-01-07T07:12:36
4338,TRAIN,DEATH,572.8999999999996,2708,368,206,2,0.02,2026-01-07T07:12:39
4339,TRAIN,DEATH,1445.300000000022,3664,326,249,1,0.02,2026-01-07T07:12:42
4340,TRAIN,DEATH,1877.4000000000315,4277,279,295,2,0.02,2026-01-07T07:12:45
4341,TRAIN,DEATH,1513.300000000028,4578,274,300,2,0.02,2026-01-07T07:12:49
4342,TRAIN,DEATH,1176.4000000000026,3121,330,244,2,0.02,2026-01-07T07:12:51
4343,TRAIN,DEATH,-35.20000000000323,2515,433,142,1,0.02,2026-01-07T07:12:53
4344,TRAIN,DEATH,919.300000000009,2925,373,201,2,0.02,2026-01-07T07:12:55
4345,TRAIN,DEATH,871.30000000001,3437,334,239,3,0.02,2026-01-07T07:12:58
4346,TRAIN,DEATH,174.99999999999795,1979,405,168,3,0.02,2026-01-07T07:13:00
4347,TRAIN,DEATH,997.8000000000168,2915,347,227,2,0.02,2026-01-07T07:13:03
4348,TRAIN,DEATH,657.4000000000062,3290,360,214,2,0.02,2026-01-07T07:13:05
4349,TRAIN,DEATH,2400.500000000032,4734,270,305,1,0.02,2026-01-07T07:13:09
4350,TRAIN,DEATH,1045.4000000000071,3424,318,255,3,0.02,2026-01-07T07:13:12
4351,TRAIN,DEATH,115.09999999999809,1843,437,137,2,0.02,2026-01-07T07:13:13
4352,TRAIN,DEATH,2068.600000000023,4551,262,313,1,0.02,2026-01-07T07:13:17
4353,TRAIN,DEATH,1322.1000000000317,4680,289,284,3,0.02,2026-01-07T07:13:21
4354,TRAIN,DEATH,1375.500000000025,4808,282,291,3,0.02,2026-01-07T07:13:25
4355,TRAIN,DEATH,2674.400000000051,6276,176,398,2,0.02,2026-01-07T07:13:30
4356,TRAIN,DEATH,955.8000000000034,3566,354,221,1,0.02,2026-01-07T07:13:33
4357,TRAIN,DEATH,1325.5000000000127,3248,334,240,2,0.02,2026-01-07T07:13:36
4358,TRAIN,DEATH,1480.2000000000278,4407,301,274,1,0.02,2026-01-07T07:13:40
4359,TRAIN,DEATH,1401.6000000000242,3907,306,268,2,0.02,2026-01-07T07:13:44
4360,TRAIN,DEATH,506.3999999999952,2746,372,201,3,0.02,2026-01-07T07:13:46
4361,TRAIN,DEATH,1427.9000000000249,4025,303,271,2,0.02,2026-01-07T07:13:49
4362,TRAIN,DEATH,1778.8000000000238,3915,289,285,2,0.02,2026-01-07T07:13:52
4363,TRAIN,DEATH,1217.6000000000247,3435,344,230,2,0.02,2026-01-07T07:13:55
4364,TRAIN,DEATH,1715.6000000000258,4150,275,299,2,0.02,2026-01-07T07:13:59
4365,TRAIN,DEATH,801.9000000000106,3088,343,230,3,0.02,2026-01-07T07:14:01
4366,TRAIN,DEATH,1152.2000000000075,3808,307,266,3,0.02,2026-01-07T07:14:04
4367,TRAIN,DEATH,192.9999999999984,2031,409,165,2,0.02,2026-01-07T07:14:07
4368,TRAIN,DEATH,110.59999999999764,2159,413,160,3,0.02,2026-01-07T07:14:08
4369,TRAIN,DEATH,957.7000000000075,3382,350,224,2,0.02,2026-01-07T07:14:11
4370,TRAIN,DEATH,1064.300000000013,3064,341,233,2,0.02,2026-01-07T07:14:13
4371,TRAIN,DEATH,821.800000000017,3371,344,230,2,0.02,2026-01-07T07:14:16
4372,TRAIN,DEATH,1201.800000000003,3482,325,249,2,0.02,2026-01-07T07:14:19
4373,TRAIN,DEATH,349.49999999999636,2808,387,186,3,0.02,2026-01-07T07:14:22
4374,TRAIN,DEATH,1034.7000000000064,3300,319,254,3,0.02,2026-01-07T07:14:24
4375,TRAIN,DEATH,403.2999999999946,2512,387,187,2,0.02,2026-01-07T07:14:26
4376,TRAIN,DEATH,955.6000000000197,3231,328,245,3,0.02,2026-01-07T07:14:29
4377,TRAIN,DEATH,1892.6000000000313,4105,278,297,1,0.02,2026-01-07T07:14:32
4378,TRAIN,DEATH,-222.6000000000006,1730,446,127,3,0.02,2026-01-07T07:14:34
4379,TRAIN,DEATH,1221.9000000000135,3399,327,248,1,0.02,2026-01-07T07:14:36
4380,TRAIN,DEATH,1225.3000000000084,3455,325,249,2,0.02,2026-01-07T07:14:40
4381,TRAIN,DEATH,2153.800000000041,5830,229,345,2,0.02,2026-01-07T07:14:45
4382,TRAIN,DEATH,1555.8000000000288,4183,266,307,3,0.02,2026-01-07T07:14:48
4383,TRAIN,DEATH,415.8999999999953,2906,383,191,2,0.02,2026-01-07T07:14:51
4384,TRAIN,DEATH,2613.60000000004,5676,206,369,1,0.02,2026-01-07T07:14:55
4385,TRAIN,DEATH,732.2000000000044,2943,350,223,3,0.02,2026-01-07T07:14:57
4386,TRAIN,DEATH,1095.300000000008,3641,312,261,3,0.02,2026-01-07T07:15:00
4387,TRAIN,DEATH,1161.000000000023,3743,331,243,2,0.02,2026-01-07T07:15:04
4388,TRAIN,DEATH,1746.6000000000208,4759,252,323,1,0.02,2026-01-07T07:15:08
4389,TRAIN,DEATH,547.4999999999955,2849,372,202,2,0.02,2026-01-07T07:15:10
4390,TRAIN,DEATH,315.69999999999925,2027,436,138,2,0.02,2026-01-07T07:15:12
4391,TRAIN,DEATH,847.4000000000087,3370,342,232,2,0.02,2026-01-07T07:15:15
4392,TRAIN,DEATH,391.8999999999977,2640,383,190,3,0.02,2026-01-07T07:15:17
4393,TRAIN,DEATH,1709.900000000032,4251,298,277,1,0.02,2026-01-07T07:15:20
4394,TRAIN,DEATH,1882.4000000000328,4591,279,295,2,0.02,2026-01-07T07:15:24
4395,TRAIN,DEATH,2171.1000000000267,4570,253,322,1,0.02,2026-01-07T07:15:29
4396,TRAIN,DEATH,2145.000000000036,4942,250,324,2,0.02,2026-01-07T07:15:33
4397,TRAIN,DEATH,2860.5000000000546,6917,157,417,2,0.02,2026-01-07T07:15:38
4398,TRAIN,DEATH,619.700000000005,2910,365,209,2,0.02,2026-01-07T07:15:41
4399,TRAIN,DEATH,164.8999999999961,2127,405,168,3,0.02,2026-01-07T07:15:43
4400,TRAIN,DEATH,2211.200000000018,4083,265,309,2,0.02,2026-01-07T07:15:46
4401,TRAIN,DEATH,-119.40000000000191,1949,435,138,3,0.02,2026-01-07T07:15:48
4402,TRAIN,DEATH,547.0000000000009,2710,368,205,3,0.02,2026-01-07T07:15:50
4403,TRAIN,DEATH,1518.6000000000113,4543,317,258,1,0.02,2026-01-07T07:15:55
4404,TRAIN,DEATH,535.7000000000005,2895,370,203,3,0.02,2026-01-07T07:15:57
4405,TRAIN,DEATH,2218.6000000000336,5053,228,347,1,0.02,2026-01-07T07:16:01
4406,TRAIN,DEATH,1040.000000000011,3628,322,252,2,0.02,2026-01-07T07:16:04
4407,TRAIN,DEATH,2636.600000000036,6550,186,390,0,0.02,2026-01-07T07:16:09
4408,TRAIN,DEATH,802.2000000000062,2893,366,208,2,0.02,2026-01-07T07:16:12
4409,TRAIN,DEATH,1130.9000000000094,3513,333,241,2,0.02,2026-01-07T07:16:15
4410,TRAIN,DEATH,2934.8000000000666,7960,124,449,3,0.02,2026-01-07T07:16:22
4411,TRAIN,DEATH,357.8999999999985,2092,432,142,2,0.02,2026-01-07T07:16:23
4412,TRAIN,DEATH,952.5999999999995,3586,326,247,3,0.02,2026-01-07T07:16:27
4413,TRAIN,DEATH,2055.8000000000266,4703,261,313,2,0.02,2026-01-07T07:16:30
4414,TRAIN,DEATH,1403.600000000008,3446,326,248,2,0.02,2026-01-07T07:16:33
4415,TRAIN,DEATH,1803.0000000000296,4336,286,288,2,0.02,2026-01-07T07:16:37
4416,TRAIN,DEATH,612.300000000002,2870,362,211,3,0.02,2026-01-07T07:16:39
4417,TRAIN,DEATH,2008.8000000000247,5722,266,309,1,0.02,2026-01-07T07:16:44
4418,TRAIN,DEATH,-315.10000000000167,1614,456,117,3,0.02,2026-01-07T07:16:45
4419,TRAIN,DEATH,1184.5000000000114,3846,304,269,3,0.02,2026-01-07T07:16:49
4420,TRAIN,DEATH,1825.5000000000236,4669,264,310,2,0.02,2026-01-07T07:16:53
4421,TRAIN,DEATH,2255.5000000000337,4853,243,332,1,0.02,2026-01-07T07:16:57
4422,TRAIN,DEATH,2065.1000000000167,4942,245,330,1,0.02,2026-01-07T07:17:01
4423,TRAIN,DEATH,402.6000000000047,2706,427,147,2,0.02,2026-01-07T07:17:03
4424,TRAIN,DEATH,1708.2000000000298,4494,276,298,2,0.02,2026-01-07T07:17:07
4425,TRAIN,DEATH,872.9000000000151,3269,338,236,2,0.02,2026-01-07T07:17:09
4426,TRAIN,DEATH,159.99999999999773,2164,408,165,3,0.02,2026-01-07T07:17:11
4427,TRAIN,DEATH,594.3999999999974,2472,388,186,2,0.02,2026-01-07T07:17:14
4428,TRAIN,DEATH,1089.4000000000187,2988,334,239,3,0.02,2026-01-07T07:17:17
4429,TRAIN,DEATH,2356.100000000031,5414,210,364,2,0.02,2026-01-07T07:17:21
4430,TRAIN,DEATH,1857.0000000000264,4076,281,293,2,0.02,2026-01-07T07:17:25
4431,TRAIN,DEATH,1367.4000000000206,4159,308,266,2,0.02,2026-01-07T07:17:28
4432,TRAIN,DEATH,727.0000000000009,2886,373,201,2,0.02,2026-01-07T07:17:30
4433,TRAIN,DEATH,1749.2000000000348,4497,274,301,1,0.02,2026-01-07T07:17:34
4434,TRAIN,DEATH,375.799999999997,2750,387,186,3,0.02,2026-01-07T07:17:36
4435,TRAIN,DEATH,339.699999999999,2157,394,180,2,0.02,2026-01-07T07:17:39
4436,TRAIN,DEATH,745.1000000000215,3665,348,225,3,0.02,2026-01-07T07:17:42
4437,TRAIN,DEATH,547.1000000000174,3584,371,203,2,0.02,2026-01-07T07:17:45
4438,TRAIN,DEATH,455.09999999999536,2581,375,198,3,0.02,2026-01-07T07:17:47
4439,TRAIN,DEATH,-353.0000000000015,1818,459,114,3,0.02,2026-01-07T07:17:49
4440,TRAIN,DEATH,169.39999999999725,2132,431,143,2,0.02,2026-01-07T07:17:51
4441,TRAIN,DEATH,1479.8000000000109,5075,272,301,3,0.02,2026-01-07T07:17:55
4442,TRAIN,DEATH,1213.2000000000126,4014,302,271,3,0.02,2026-01-07T07:17:59
4443,TRAIN,DEATH,-459.700000000001,1391,471,102,3,0.02,2026-01-07T07:18:00
4444,TRAIN,DEATH,1182.1000000000017,3365,329,245,2,0.02,2026-01-07T07:18:03
4445,TRAIN,DEATH,377.9999999999966,2376,386,187,3,0.02,2026-01-07T07:18:05
4446,TRAIN,DEATH,483.0000000000098,3110,377,197,2,0.02,2026-01-07T07:18:08
4447,TRAIN,DEATH,1821.100000000039,5384,244,330,2,0.02,2026-01-07T07:18:13
4448,TRAIN,DEATH,1023.7000000000016,2895,362,212,2,0.02,2026-01-07T07:18:15
4449,TRAIN,DEATH,1164.000000000005,3719,307,266,3,0.02,2026-01-07T07:18:18
4450,TRAIN,DEATH,-361.0000000000018,1687,461,112,3,0.02,2026-01-07T07:18:20
4451,TRAIN,DEATH,1255.6000000000101,3350,321,253,2,0.02,2026-01-07T07:18:22
4452,TRAIN,DEATH,-8.600000000002126,1559,469,105,2,0.02,2026-01-07T07:18:23
4453,TRAIN,DEATH,1801.000000000026,3900,331,244,1,0.02,2026-01-07T07:18:26
4454,TRAIN,DEATH,1801.000000000021,4730,268,307,1,0.02,2026-01-07T07:18:30
4455,TRAIN,DEATH,1119.6000000000124,3367,334,240,2,0.02,2026-01-07T07:18:33
4456,TRAIN,DEATH,2539.000000000036,4950,234,341,1,0.02,2026-01-07T07:18:37
4457,TRAIN,DEATH,2407.900000000024,4579,229,346,1,0.02,2026-01-07T07:18:41
4458,TRAIN,DEATH,-242.5000000000004,1534,448,125,3,0.02,2026-01-07T07:18:42
4459,TRAIN,DEATH,1730.6000000000163,3901,293,281,2,0.02,2026-01-07T07:18:45
4460,TRAIN,DEATH,1446.7000000000046,4624,321,253,2,0.02,2026-01-07T07:18:49
4461,TRAIN,DEATH,1692.5000000000314,4340,297,277,2,0.02,2026-01-07T07:18:53
4462,TRAIN,DEATH,857.400000000001,2920,338,235,3,0.02,2026-01-07T07:18:56
4463,TRAIN,DEATH,1516.5000000000312,4542,269,304,3,0.02,2026-01-07T07:19:00
4464,TRAIN,DEATH,-398.60000000000053,1275,464,109,3,0.02,2026-01-07T07:19:01
4465,TRAIN,DEATH,1516.500000000022,4727,272,302,2,0.02,2026-01-07T07:19:05
4466,TRAIN,DEATH,846.8000000000134,2974,339,234,3,0.02,2026-01-07T07:19:07
4467,TRAIN,DEATH,2531.900000000042,5586,200,376,0,0.02,2026-01-07T07:19:12
4468,TRAIN,DEATH,2135.900000000029,4840,235,340,1,0.02,2026-01-07T07:19:16
4469,TRAIN,DEATH,770.9999999999989,2997,350,224,2,0.02,2026-01-07T07:19:19
4470,TRAIN,DEATH,1033.600000000014,3592,343,231,2,0.02,2026-01-07T07:19:21
4471,TRAIN,DEATH,1114.6000000000254,3819,336,238,2,0.02,2026-01-07T07:19:25
4472,TRAIN,DEATH,2590.1000000000386,6292,186,388,2,0.02,2026-01-07T07:19:30
4473,TRAIN,DEATH,1446.7000000000305,4237,275,298,3,0.02,2026-01-07T07:19:34
4474,TRAIN,DEATH,1253.200000000009,2973,342,232,2,0.02,2026-01-07T07:19:36
4475,TRAIN,DEATH,2174.6000000000295,5221,229,345,2,0.02,2026-01-07T07:19:40
4476,TRAIN,DEATH,2097.100000000027,4251,259,316,1,0.02,2026-01-07T07:19:44
4477,TRAIN,DEATH,313.49999999999534,2207,393,180,3,0.02,2026-01-07T07:19:46
4478,TRAIN,DEATH,1594.2000000000298,4198,261,312,3,0.02,2026-01-07T07:19:49
4479,TRAIN,DEATH,156.2999999999978,1974,408,165,3,0.02,2026-01-07T07:19:52
4480,TRAIN,DEATH,718.4000000000019,2520,351,222,3,0.02,2026-01-07T07:19:54
4481,TRAIN,DEATH,1087.3000000000031,2769,359,215,2,0.02,2026-01-07T07:19:56
4482,TRAIN,DEATH,1617.900000000037,5227,284,290,2,0.02,2026-01-07T07:20:01
4483,TRAIN,DEATH,1956.7000000000376,5043,230,344,2,0.02,2026-01-07T07:20:05
4484,TRAIN,DEATH,3138.40000000004,5204,199,377,0,0.02,2026-01-07T07:20:09
4485,TRAIN,DEATH,1394.0000000000105,3978,287,287,2,0.02,2026-01-07T07:20:12
4486,TRAIN,DEATH,1711.2000000000166,3822,299,276,1,0.02,2026-01-07T07:20:16
4487,TRAIN,DEATH,2174.10000000003,4350,273,302,1,0.02,2026-01-07T07:20:19
4488,TRAIN,DEATH,1338.300000000022,3584,317,258,1,0.02,2026-01-07T07:20:22
4489,TRAIN,DEATH,1692.0000000000282,3798,298,276,2,0.02,2026-01-07T07:20:26
4490,TRAIN,DEATH,2601.300000000027,5184,228,347,1,0.02,2026-01-07T07:20:30
4491,TRAIN,DEATH,1088.000000000004,3235,314,259,3,0.02,2026-01-07T07:20:33
4492,TRAIN,DEATH,1598.8000000000175,3750,306,268,2,0.02,2026-01-07T07:20:36
4493,TRAIN,DEATH,1440.3000000000065,3566,306,269,1,0.02,2026-01-07T07:20:38
4494,TRAIN,DEATH,-236.80000000000052,1608,448,125,3,0.02,2026-01-07T07:20:40
4495,TRAIN,DEATH,978.2000000000112,3119,325,248,3,0.02,2026-01-07T07:20:43
4496,TRAIN,DEATH,1310.2000000000075,3560,296,278,2,0.02,2026-01-07T07:20:46
4497,TRAIN,DEATH,1183.200000000023,3415,309,265,2,0.02,2026-01-07T07:20:49
4498,TRAIN,DEATH,780.800000000005,3177,345,228,3,0.02,2026-01-07T07:20:51
4499,TRAIN,DEATH,1638.900000000025,4645,282,292,2,0.02,2026-01-07T07:20:55
4500,TRAIN,DEATH,2725.700000000038,5364,216,359,1,0.02,2026-01-07T07:21:00
4501,TRAIN,DEATH,911.5000000000039,3369,336,238,2,0.02,2026-01-07T07:21:03
4502,TRAIN,DEATH,1735.4000000000196,3900,278,297,1,0.02,2026-01-07T07:21:06
4503,TRAIN,DEATH,1006.800000000002,2740,367,207,2,0.02,2026-01-07T07:21:08
4504,TRAIN,DEATH,2440.400000000042,6713,199,375,2,0.02,2026-01-07T07:21:14
4505,TRAIN,DEATH,951.0000000000027,2822,356,219,1,0.02,2026-01-07T07:21:16
4506,TRAIN,DEATH,1793.2000000000262,3658,289,286,1,0.02,2026-01-07T07:21:20
4507,TRAIN,DEATH,675.9000000000071,2937,355,218,3,0.02,2026-01-07T07:21:22
4508,TRAIN,DEATH,2629.500000000049,6409,224,351,1,0.02,2026-01-07T07:21:28
4509,TRAIN,DEATH,943.800000000017,3842,332,242,2,0.02,2026-01-07T07:21:31
4510,TRAIN,DEATH,2546.100000000042,5735,195,380,1,0.02,2026-01-07T07:21:35
4511,TRAIN,DEATH,2109.100000000035,4788,255,319,2,0.02,2026-01-07T07:21:39
4512,TRAIN,DEATH,2603.8000000000507,6512,189,386,1,0.02,2026-01-07T07:21:45
4513,TRAIN,DEATH,857.2000000000035,3390,340,234,2,0.02,2026-01-07T07:21:48
4514,TRAIN,DEATH,2001.200000000038,5004,225,349,2,0.02,2026-01-07T07:21:54
4515,TRAIN,DEATH,1347.000000000018,4114,288,285,3,0.02,2026-01-07T07:21:58
4516,TRAIN,DEATH,3235.4000000000574,7014,164,411,1,0.02,2026-01-07T07:22:04
4517,TRAIN,DEATH,326.39999999999543,2251,390,183,3,0.02,2026-01-07T07:22:06
4518,TRAIN,DEATH,721.2000000000012,3017,376,198,2,0.02,2026-01-07T07:22:08
4519,TRAIN,DEATH,737.8999999999983,2863,349,224,3,0.02,2026-01-07T07:22:11
4520,TRAIN,DEATH,701.7000000000073,2814,353,220,3,0.02,2026-01-07T07:22:14
4521,TRAIN,TIMEOUT,3327.9000000000638,8000,141,433,2,0.02,2026-01-07T07:22:20
4522,TRAIN,DEATH,-196.40000000000066,1607,444,129,3,0.02,2026-01-07T07:22:21
4523,TRAIN,DEATH,-87.30000000000393,2265,433,140,3,0.02,2026-01-07T07:22:23
4524,TRAIN,DEATH,-40.9999999999996,1623,447,126,3,0.02,2026-01-07T07:22:24
4525,TRAIN,DEATH,1425.4000000000271,4010,305,269,2,0.02,2026-01-07T07:22:28
4526,TRAIN,DEATH,-209.80000000000268,1505,445,128,3,0.02,2026-01-07T07:22:29
4527,TRAIN,DEATH,2075.200000000041,5528,238,336,2,0.02,2026-01-07T07:22:33
4528,TRAIN,DEATH,2190.3000000000416,5527,202,371,3,0.02,2026-01-07T07:22:39
4529,TRAIN,DEATH,1344.4000000000192,4340,311,263,2,0.02,2026-01-07T07:22:43
4530,TRAIN,DEATH,1382.0000000000155,4300,312,263,1,0.02,2026-01-07T07:22:47
4531,TRAIN,DEATH,2151.5000000000327,4721,255,320,1,0.02,2026-01-07T07:22:50
4532,TRAIN,DEATH,2474.700000000043,7042,181,394,1,0.02,2026-01-07T07:22:56
4533,TRAIN,DEATH,831.2000000000164,3610,340,233,3,0.02,2026-01-07T07:22:59
4534,TRAIN,DEATH,1785.800000000026,4657,247,327,2,0.02,2026-01-07T07:23:03
4535,TRAIN,DEATH,419.5999999999972,2393,382,191,3,0.02,2026-01-07T07:23:06
4536,TRAIN,DEATH,573.7999999999961,2774,370,204,2,0.02,2026-01-07T07:23:08
4537,TRAIN,DEATH,2333.500000000028,5347,232,342,2,0.02,2026-01-07T07:23:12
4538,TRAIN,DEATH,1157.500000000009,3202,332,242,2,0.02,2026-01-07T07:23:15
4539,TRAIN,DEATH,2084.4000000000415,5730,221,354,1,0.02,2026-01-07T07:23:20
4540,TRAIN,DEATH,2620.600000000038,5044,232,344,0,0.02,2026-01-07T07:23:24
4541,TRAIN,DEATH,1461.400000000024,4061,281,293,2,0.02,2026-01-07T07:23:27
4542,TRAIN,DEATH,1086.3000000000209,3405,359,215,2,0.02,2026-01-07T07:23:30
4543,TRAIN,DEATH,1209.6000000000115,3888,301,272,3,0.02,2026-01-07T07:23:34
4544,TRAIN,DEATH,534.9000000000003,2784,370,203,3,0.02,2026-01-07T07:23:36
4545,TRAIN,DEATH,2035.5000000000196,3806,263,311,2,0.02,2026-01-07T07:23:40
4546,TRAIN,DEATH,1624.1000000000213,4130,284,290,2,0.02,2026-01-07T07:23:43
4547,TRAIN,DEATH,1775.8000000000325,4159,292,283,1,0.02,2026-01-07T07:23:46
4548,TRAIN,DEATH,2394.1000000000345,5842,206,368,2,0.02,2026-01-07T07:23:51
4549,TRAIN,DEATH,821.6000000000063,2882,346,228,2,0.02,2026-01-07T07:23:53
4550,TRAIN,DEATH,1032.000000000004,3469,320,253,3,0.02,2026-01-07T07:23:56
4551,TRAIN,DEATH,-124.20000000000209,1437,437,136,3,0.02,2026-01-07T07:23:57
4552,TRAIN,DEATH,247.89999999999702,2071,399,174,3,0.02,2026-01-07T07:23:59
4553,TRAIN,DEATH,1063.1000000000165,4116,340,234,2,0.02,2026-01-07T07:24:03
4554,TRAIN,DEATH,2456.5000000000473,6217,173,400,3,0.02,2026-01-07T07:24:08
4555,TRAIN,DEATH,1730.200000000027,4637,253,321,2,0.02,2026-01-07T07:24:12
4556,TRAIN,DEATH,1344.9000000000092,3969,331,243,2,0.02,2026-01-07T07:24:15
4557,TRAIN,DEATH,277.4999999999959,2317,398,176,2,0.02,2026-01-07T07:24:17
4558,TRAIN,DEATH,807.3000000000036,2813,342,231,3,0.02,2026-01-07T07:24:20
4559,TRAIN,DEATH,2107.9000000000387,5553,235,339,2,0.02,2026-01-07T07:24:24
4560,TRAIN,DEATH,1249.7000000000148,3203,322,252,2,0.02,2026-01-07T07:24:27
4561,TRAIN,DEATH,1713.400000000041,5485,275,299,2,0.02,2026-01-07T07:24:32
4562,TRAIN,DEATH,1772.4000000000246,4534,252,323,1,0.02,2026-01-07T07:24:36
4563,TRAIN,DEATH,2348.1000000000377,5825,190,384,2,0.02,2026-01-07T07:24:41
4564,TRAIN,DEATH,702.600000000002,2819,361,214,1,0.02,2026-01-07T07:24:43
4565,TRAIN,DEATH,582.7999999999952,2715,364,209,3,0.02,2026-01-07T07:24:46
4566,TRAIN,DEATH,1102.6000000000163,3798,319,256,1,0.02,2026-01-07T07:24:49
4567,TRAIN,DEATH,1535.400000000023,4275,268,305,3,0.02,2026-01-07T07:24:53
4568,TRAIN,DEATH,2267.3000000000375,5437,195,378,3,0.02,2026-01-07T07:24:57
4569,TRAIN,DEATH,435.09999999999377,2793,379,194,3,0.02,2026-01-07T07:25:00
4570,TRAIN,DEATH,1035.8000000000075,2971,324,250,2,0.02,2026-01-07T07:25:03
4571,TRAIN,DEATH,2137.600000000042,5676,232,342,2,0.02,2026-01-07T07:25:07
4572,TRAIN,DEATH,3142.400000000049,6586,154,421,1,0.02,2026-01-07T07:25:13
4573,TRAIN,DEATH,2070.800000000031,4979,213,360,3,0.02,2026-01-07T07:25:17
4574,TRAIN,DEATH,2229.8000000000393,5282,223,351,2,0.02,2026-01-07T07:25:21
4575,TRAIN,DEATH,849.8000000000002,3085,338,235,3,0.02,2026-01-07T07:25:24
4576,TRAIN,DEATH,295.0999999999966,2133,398,176,2,0.02,2026-01-07T07:25:26
4577,TRAIN,DEATH,2095.000000000039,6277,211,362,3,0.02,2026-01-07T07:25:31
4578,TRAIN,DEATH,1359.0000000000082,3580,286,287,3,0.02,2026-01-07T07:25:35
4579,TRAIN,DEATH,1335.2000000000212,4265,288,285,3,0.02,2026-01-07T07:25:39
4580,TRAIN,DEATH,2012.2000000000216,5396,223,351,2,0.02,2026-01-07T07:25:43
4581,TRAIN,DEATH,2512.8000000000357,5099,219,356,1,0.02,2026-01-07T07:25:47
4582,TRAIN,DEATH,2196.1000000000445,5766,227,347,2,0.02,2026-01-07T07:25:52
4583,TRAIN,DEATH,1312.700000000008,3148,335,239,2,0.02,2026-01-07T07:25:55
4584,TRAIN,DEATH,1116.8000000000175,2811,336,238,2,0.02,2026-01-07T07:25:57
4585,TRAIN,DEATH,1774.5000000000205,4578,272,303,1,0.02,2026-01-07T07:26:01
4586,TRAIN,DEATH,1123.8000000000056,3371,310,263,3,0.02,2026-01-07T07:26:04
4587,TRAIN,DEATH,427.4000000000001,1946,405,169,2,0.02,2026-01-07T07:26:05
4588,TRAIN,DEATH,1292.1000000000151,3519,293,280,3,0.02,2026-01-07T07:26:08
4589,TRAIN,DEATH,1064.4000000000153,2960,345,230,1,0.02,2026-01-07T07:26:11
4590,TRAIN,DEATH,2600.600000000042,6424,210,365,1,0.02,2026-01-07T07:26:17
4591,TRAIN,DEATH,857.6000000000063,3426,337,236,3,0.02,2026-01-07T07:26:20
4592,TRAIN,DEATH,6.699999999999136,1741,424,149,3,0.02,2026-01-07T07:26:21
4593,TRAIN,DEATH,1590.9000000000124,4230,288,286,2,0.02,2026-01-07T07:26:25
4594,TRAIN,DEATH,1625.600000000023,3872,328,247,1,0.02,2026-01-07T07:26:28
4595,TRAIN,DEATH,1375.000000000022,4257,309,265,2,0.02,2026-01-07T07:26:31
4596,TRAIN,DEATH,983.1000000000186,2792,348,226,2,0.02,2026-01-07T07:26:34
4597,TRAIN,DEATH,1045.4000000000142,3877,321,253,2,0.02,2026-01-07T07:26:37
4598,TRAIN,DEATH,2596.300000000046,6615,190,385,1,0.02,2026-01-07T07:26:43
4599,TRAIN,DEATH,1988.0000000000305,4286,252,323,1,0.02,2026-01-07T07:26:47
4600,TRAIN,DEATH,1161.2000000000144,3411,305,268,3,0.02,2026-01-07T07:26:50
4601,TRAIN,DEATH,-46.00000000000199,1822,428,145,3,0.02,2026-01-07T07:26:52
4602,TRAIN,DEATH,1632.7000000000212,3573,304,270,2,0.02,2026-01-07T07:26:55
4603,TRAIN,DEATH,1016.4000000000151,2883,366,208,2,0.02,2026-01-07T07:26:57
4604,TRAIN,DEATH,745.2000000000082,2570,372,202,2,0.02,2026-01-07T07:27:00
4605,TRAIN,DEATH,813.400000000008,3222,345,229,2,0.02,2026-01-07T07:27:03
4606,TRAIN,DEATH,2824.100000000051,6641,165,410,1,0.02,2026-01-07T07:27:08
4607,TRAIN,DEATH,1997.7000000000367,6015,223,350,3,0.02,2026-01-07T07:27:13
4608,TRAIN,DEATH,967.5000000000159,2898,351,223,2,0.02,2026-01-07T07:27:15
4609,TRAIN,DEATH,1432.400000000015,3465,309,266,1,0.02,2026-01-07T07:27:18
4610,TRAIN,DEATH,1502.9000000000221,4532,296,278,2,0.02,2026-01-07T07:27:22
4611,TRAIN,DEATH,403.79999999999734,2799,384,189,3,0.02,2026-01-07T07:27:24
4612,TRAIN,DEATH,2807.1000000000536,6603,165,409,2,0.02,2026-01-07T07:27:30
4613,TRAIN,DEATH,1630.5000000000264,3870,310,266,0,0.02,2026-01-07T07:27:33
4614,TRAIN,DEATH,522.0999999999985,2727,372,201,3,0.02,2026-01-07T07:27:36
4615,TRAIN,DEATH,322.8999999999953,2376,391,182,3,0.02,2026-01-07T07:27:38
4616,TRAIN,DEATH,1023.8000000000059,2908,344,230,2,0.02,2026-01-07T07:27:40
4617,TRAIN,DEATH,1642.300000000022,4670,258,315,3,0.02,2026-01-07T07:27:45
4618,TRAIN,DEATH,1661.4000000000065,4009,303,272,1,0.02,2026-01-07T07:27:48
4619,TRAIN,DEATH,740.900000000003,3013,348,225,3,0.02,2026-01-07T07:27:50
4620,TRAIN,DEATH,228.99999999999557,2036,401,172,3,0.02,2026-01-07T07:27:52
4621,TRAIN,DEATH,2411.6000000000304,4658,230,345,1,0.02,2026-01-07T07:27:56
4622,TRAIN,DEATH,504.20000000000744,2986,372,201,3,0.02,2026-01-07T07:27:58
4623,TRAIN,DEATH,2263.800000000036,4933,218,356,2,0.02,2026-01-07T07:28:03
4624,TRAIN,DEATH,1894.4000000000306,5189,233,340,3,0.02,2026-01-07T07:28:07
4625,TRAIN,DEATH,2347.2000000000526,6594,210,364,2,0.02,2026-01-07T07:28:12
4626,TRAIN,DEATH,1157.7000000000173,2932,350,224,2,0.02,2026-01-07T07:28:15
4627,TRAIN,DEATH,1198.7000000000205,3972,307,267,2,0.02,2026-01-07T07:28:19
4628,TRAIN,DEATH,2352.500000000032,4612,235,340,1,0.02,2026-01-07T07:28:22
4629,TRAIN,DEATH,1500.1000000000126,3387,317,257,2,0.02,2026-01-07T07:28:25
4630,TRAIN,DEATH,1843.2000000000257,4146,283,291,2,0.02,2026-01-07T07:28:29
4631,TRAIN,DEATH,1175.5000000000143,3673,305,268,3,0.02,2026-01-07T07:28:31
4632,TRAIN,TIMEOUT,3439.600000000068,8000,151,423,2,0.02,2026-01-07T07:28:38
4633,TRAIN,DEATH,1452.600000000008,4094,276,297,3,0.02,2026-01-07T07:28:41
4634,TRAIN,DEATH,280.49999999999466,2422,396,177,3,0.02,2026-01-07T07:28:43
4635,TRAIN,DEATH,1894.8000000000297,4264,256,318,2,0.02,2026-01-07T07:28:47
4636,TRAIN,DEATH,908.7000000000189,3135,332,241,3,0.02,2026-01-07T07:28:50
4637,TRAIN,DEATH,340.99999999999454,2501,390,183,3,0.02,2026-01-07T07:28:52
4638,TRAIN,DEATH,413.299999999996,2489,382,191,3,0.02,2026-01-07T07:28:54
4639,TRAIN,DEATH,662.6999999999978,2782,357,216,3,0.02,2026-01-07T07:28:57
4640,TRAIN,DEATH,-217.2000000000013,1422,445,128,3,0.02,2026-01-07T07:28:58
4641,TRAIN,DEATH,2258.5000000000223,4246,265,310,1,0.02,2026-01-07T07:29:01
4642,TRAIN,DEATH,42.199999999996066,1989,420,153,3,0.02,2026-01-07T07:29:03
4643,TRAIN,DEATH,330.79999999999586,2205,390,183,3,0.02,2026-01-07T07:29:05
4644,TRAIN,DEATH,2097.8000000000206,4034,282,293,1,0.02,2026-01-07T07:29:09
4645,TRAIN,DEATH,472.89999999999475,2733,379,195,2,0.02,2026-01-07T07:29:11
4646,TRAIN,DEATH,638.8999999999999,2838,363,211,2,0.02,2026-01-07T07:29:13
4647,TRAIN,DEATH,1763.2000000000212,3804,274,301,1,0.02,2026-01-07T07:29:16
4648,TRAIN,DEATH,1680.3000000000243,3525,322,253,1,0.02,2026-01-07T07:29:19
4649,TRAIN,DEATH,1085.900000000002,3853,318,256,2,0.02,2026-01-07T07:29:22
4650,TRAIN,DEATH,1734.7000000000403,5480,248,325,3,0.02,2026-01-07T07:29:26
4651,TRAIN,DEATH,85.79999999999609,1939,414,159,3,0.02,2026-01-07T07:29:28
4652,TRAIN,DEATH,686.5000000000198,3222,354,219,3,0.02,2026-01-07T07:29:31
4653,TRAIN,DEATH,2085.7000000000235,4453,261,314,1,0.02,2026-01-07T07:29:36
4654,TRAIN,DEATH,2644.9000000000487,6739,156,417,3,0.02,2026-01-07T07:29:42
4655,TRAIN,DEATH,403.1999999999964,2061,408,166,2,0.02,2026-01-07T07:29:44
4656,TRAIN,DEATH,1426.8000000000209,3903,327,248,1,0.02,2026-01-07T07:29:47
4657,TRAIN,DEATH,1862.50000000002,4974,260,314,2,0.02,2026-01-07T07:29:51
4658,TRAIN,DEATH,720.4000000000015,2725,356,218,2,0.02,2026-01-07T07:29:54
4659,TRAIN,DEATH,1020.6000000000154,3102,320,253,3,0.02,2026-01-07T07:29:57
4660,TRAIN,DEATH,980.6000000000131,3487,326,247,3,0.02,2026-01-07T07:30:00
4661,TRAIN,DEATH,253.4999999999958,2006,398,175,3,0.02,2026-01-07T07:30:02
4662,TRAIN,DEATH,1537.1000000000047,3878,295,280,1,0.02,2026-01-07T07:30:05
4663,TRAIN,DEATH,1056.200000000006,3268,342,232,2,0.02,2026-01-07T07:30:08
4664,TRAIN,DEATH,1187.2000000000135,3130,352,223,1,0.02,2026-01-07T07:30:10
4665,TRAIN,DEATH,1846.9000000000292,4587,286,289,1,0.02,2026-01-07T07:30:14
4666,TRAIN,DEATH,1632.90000000003,4392,283,291,2,0.02,2026-01-07T07:30:18
4667,TRAIN,DEATH,1106.2000000000169,3331,335,239,2,0.02,2026-01-07T07:30:20
4668,TRAIN,DEATH,384.99999999999795,2895,407,167,2,0.02,2026-01-07T07:30:22
4669,TRAIN,DEATH,974.1000000000083,3132,350,224,2,0.02,2026-01-07T07:30:25
4670,TRAIN,DEATH,2482.2000000000385,5359,216,358,2,0.02,2026-01-07T07:30:30
4671,TRAIN,DEATH,765.5000000000036,3167,349,225,2,0.02,2026-01-07T07:30:32
4672,TRAIN,DEATH,-170.80000000000138,1630,441,132,3,0.02,2026-01-07T07:30:34
4673,TRAIN,DEATH,1654.400000000022,4148,280,294,2,0.02,2026-01-07T07:30:38
4674,TRAIN,DEATH,-322.8000000000004,1301,457,116,3,0.02,2026-01-07T07:30:39
4675,TRAIN,DEATH,874.1000000000024,3402,357,217,2,0.02,2026-01-07T07:30:42
4676,TRAIN,DEATH,1533.900000000017,4227,269,304,3,0.02,2026-01-07T07:30:46
4677,TRAIN,DEATH,1880.6000000000263,3785,282,293,1,0.02,2026-01-07T07:30:49
4678,TRAIN,DEATH,712.8999999999978,2826,356,218,2,0.02,2026-01-07T07:30:52
4679,TRAIN,DEATH,1762.9000000000347,4742,270,304,2,0.02,2026-01-07T07:30:56
4680,TRAIN,DEATH,1109.000000000021,3247,312,261,3,0.02,2026-01-07T07:30:58
4681,TRAIN,DEATH,1231.3000000000102,3448,300,273,3,0.02,2026-01-07T07:31:01
4682,TRAIN,DEATH,1934.00000000003,4694,257,318,1,0.02,2026-01-07T07:31:05
4683,TRAIN,DEATH,897.2000000000223,3695,332,241,3,0.02,2026-01-07T07:31:08
4684,TRAIN,DEATH,2089.9000000000397,4953,235,339,2,0.02,2026-01-07T07:31:13
4685,TRAIN,DEATH,1921.3000000000388,4876,257,318,1,0.02,2026-01-07T07:31:17
4686,TRAIN,DEATH,1433.3000000000184,4356,279,294,3,0.02,2026-01-07T07:31:22
4687,TRAIN,DEATH,687.6000000000095,2979,354,219,3,0.02,2026-01-07T07:31:24
4688,TRAIN,DEATH,1114.0000000000205,3481,312,261,3,0.02,2026-01-07T07:31:27
4689,TRAIN,DEATH,1069.4000000000094,3719,317,257,2,0.02,2026-01-07T07:31:30
4690,TRAIN,DEATH,2475.100000000054,6776,199,375,2,0.02,2026-01-07T07:31:36
4691,TRAIN,DEATH,2190.8000000000325,4852,231,344,1,0.02,2026-01-07T07:31:40
4692,TRAIN,DEATH,2588.7000000000417,5414,211,364,1,0.02,2026-01-07T07:31:45
4693,TRAIN,DEATH,1316.2000000000155,3483,291,282,3,0.02,2026-01-07T07:31:48
4694,TRAIN,DEATH,1764.500000000016,4785,247,327,2,0.02,2026-01-07T07:31:52
4695,TRAIN,DEATH,829.800000000005,3326,341,232,3,0.02,2026-01-07T07:31:55
4696,TRAIN,DEATH,3293.6000000000445,5675,184,392,0,0.02,2026-01-07T07:31:59
4697,TRAIN,DEATH,1134.7000000000141,3380,309,264,3,0.02,2026-01-07T07:32:02
4698,TRAIN,DEATH,1273.4000000000244,3912,296,277,3,0.02,2026-01-07T07:32:06
4699,TRAIN,DEATH,2154.1000000000386,5358,210,364,2,0.02,2026-01-07T07:32:10
4700,TRAIN,DEATH,2018.6000000000226,4670,244,330,2,0.02,2026-01-07T07:32:14
4701,TRAIN,DEATH,1776.300000000028,3643,313,262,1,0.02,2026-01-07T07:32:17
4702,TRAIN,DEATH,1356.3000000000266,4071,312,262,2,0.02,2026-01-07T07:32:22
4703,TRAIN,DEATH,1075.500000000009,2839,340,234,2,0.02,2026-01-07T07:32:24
4704,TRAIN,DEATH,731.1000000000058,2499,374,200,2,0.02,2026-01-07T07:32:26
4705,TRAIN,DEATH,1892.6000000000354,4967,256,318,2,0.02,2026-01-07T07:32:30
4706,TRAIN,DEATH,940.1000000000156,3058,353,221,2,0.02,2026-01-07T07:32:32
4707,TRAIN,DEATH,1176.2000000000094,3643,310,264,2,0.02,2026-01-07T07:32:35
4708,TRAIN,DEATH,1450.900000000024,3909,301,273,2,0.02,2026-01-07T07:32:39
4709,TRAIN,DEATH,738.8000000000038,2893,349,224,3,0.02,2026-01-07T07:32:42
4710,TRAIN,DEATH,541.5000000000007,2498,370,203,3,0.02,2026-01-07T07:32:44
4711,TRAIN,DEATH,1177.4000000000206,4014,306,267,3,0.02,2026-01-07T07:32:48
4712,TRAIN,DEATH,-5.400000000003558,1842,425,148,3,0.02,2026-01-07T07:32:50
4713,TRAIN,DEATH,680.0000000000032,2525,379,195,2,0.02,2026-01-07T07:32:52
4714,TRAIN,DEATH,1264.8000000000056,3745,320,254,2,0.02,2026-01-07T07:32:55
4715,TRAIN,DEATH,455.2999999999946,2570,382,192,2,0.02,2026-01-07T07:32:57
4716,TRAIN,DEATH,365.29999999999666,2451,387,186,3,0.02,2026-01-07T07:33:00
4717,TRAIN,DEATH,920.5000000000146,3439,331,242,3,0.02,2026-01-07T07:33:03
4718,TRAIN,DEATH,1797.900000000031,4681,245,329,2,0.02,2026-01-07T07:33:06
4719,TRAIN,DEATH,1672.200000000028,4077,278,296,2,0.02,2026-01-07T07:33:09
4720,TRAIN,DEATH,914.600000000002,3506,331,242,3,0.02,2026-01-07T07:33:12
4721,TRAIN,DEATH,781.8000000000015,3236,348,226,2,0.02,2026-01-07T07:33:15
4722,TRAIN,DEATH,1563.2000000000303,4456,310,264,2,0.02,2026-01-07T07:33:19
4723,TRAIN,DEATH,1880.0000000000255,4275,281,294,1,0.02,2026-01-07T07:33:23
4724,TRAIN,DEATH,1216.2000000000207,3993,305,269,2,0.02,2026-01-07T07:33:26
4725,TRAIN,DEATH,55.29999999999677,1778,420,153,3,0.02,2026-01-07T07:33:28
4726,TRAIN,DEATH,811.3000000000056,2618,367,207,2,0.02,2026-01-07T07:33:30
4727,TRAIN,DEATH,444.6999999999963,2548,379,194,3,0.02,2026-01-07T07:33:32
4728,TRAIN,DEATH,1998.1000000000395,5065,247,327,2,0.02,2026-01-07T07:33:37
4729,TRAIN,DEATH,1717.4000000000292,4297,249,324,3,0.02,2026-01-07T07:33:40
4730,TRAIN,DEATH,689.200000000003,2702,354,219,3,0.02,2026-01-07T07:33:43
4731,TRAIN,DEATH,1130.000000000023,3673,309,264,3,0.02,2026-01-07T07:33:47
4732,TRAIN,DEATH,889.9000000000119,3299,379,195,2,0.02,2026-01-07T07:33:49
4733,TRAIN,DEATH,1792.200000000023,4589,267,307,2,0.02,2026-01-07T07:33:53
4734,TRAIN,DEATH,1146.4000000000194,3480,331,243,2,0.02,2026-01-07T07:33:56
4735,TRAIN,DEATH,1207.3000000000122,3293,306,268,2,0.02,2026-01-07T07:33:59
4736,TRAIN,DEATH,576.4999999999986,2273,390,184,2,0.02,2026-01-07T07:34:01
4737,TRAIN,DEATH,612.9999999999998,2523,367,207,2,0.02,2026-01-07T07:34:03
4738,TRAIN,DEATH,2213.500000000034,5176,227,348,1,0.02,2026-01-07T07:34:07
4739,TRAIN,DEATH,930.400000000001,3107,328,245,3,0.02,2026-01-07T07:34:09
4740,TRAIN,DEATH,826.6000000000101,3107,345,229,2,0.02,2026-01-07T07:34:12
4741,TRAIN,DEATH,1713.400000000021,4770,258,317,1,0.02,2026-01-07T07:34:16
4742,TRAIN,DEATH,1381.1000000000054,3462,330,244,2,0.02,2026-01-07T07:34:19
4743,TRAIN,DEATH,564.3000000000043,2525,366,207,3,0.02,2026-01-07T07:34:21
4744,TRAIN,DEATH,1107.2000000000144,3449,310,263,3,0.02,2026-01-07T07:34:24
4745,TRAIN,DEATH,2129.4000000000337,4614,276,299,1,0.02,2026-01-07T07:34:28
4746,TRAIN,DEATH,399.19999999999516,2306,383,190,3,0.02,2026-01-07T07:34:30
4747,TRAIN,DEATH,583.2000000000048,2524,365,208,3,0.02,2026-01-07T07:34:32
4748,TRAIN,DEATH,1324.60000000002,3383,334,240,2,0.02,2026-01-07T07:34:35
4749,TRAIN,DEATH,787.5000000000055,2781,371,204,1,0.02,2026-01-07T07:34:37
4750,TRAIN,DEATH,543.8999999999955,2341,368,205,3,0.02,2026-01-07T07:34:40
4751,TRAIN,DEATH,493.6999999999948,2407,374,199,3,0.02,2026-01-07T07:34:42
4752,TRAIN,DEATH,2043.9000000000278,4250,287,288,1,0.02,2026-01-07T07:34:45
4753,TRAIN,DEATH,361.9999999999957,2308,386,187,3,0.02,2026-01-07T07:34:48
4754,TRAIN,DEATH,2949.2000000000457,6230,174,401,1,0.02,2026-01-07T07:34:53
4755,TRAIN,DEATH,987.8000000000179,2994,348,226,2,0.02,2026-01-07T07:34:55
4756,TRAIN,DEATH,846.6000000000147,2817,363,211,2,0.02,2026-01-07T07:34:57
4757,TRAIN,DEATH,1056.9000000000192,3305,341,233,2,0.02,2026-01-07T07:35:00
4758,TRAIN,DEATH,1108.4000000000092,3660,316,258,2,0.02,2026-01-07T07:35:03
4759,TRAIN,DEATH,618.6000000000115,2729,364,210,2,0.02,2026-01-07T07:35:05
4760,TRAIN,DEATH,1895.0000000000273,3960,277,297,2,0.02,2026-01-07T07:35:09
4761,TRAIN,DEATH,668.9000000000099,2432,384,191,1,0.02,2026-01-07T07:35:11
4762,TRAIN,DEATH,1618.5000000000332,4812,258,315,3,0.02,2026-01-07T07:35:15
4763,TRAIN,DEATH,1653.0000000000182,3775,301,273,2,0.02,2026-01-07T07:35:19
4764,TRAIN,DEATH,920.100000000019,3653,355,219,2,0.02,2026-01-07T07:35:22
4765,TRAIN,DEATH,-51.30000000000132,1711,429,144,3,0.02,2026-01-07T07:35:24
4766,TRAIN,DEATH,200.39999999999839,2115,404,169,3,0.02,2026-01-07T07:35:25
4767,TRAIN,DEATH,2350.1000000000313,5380,231,343,2,0.02,2026-01-07T07:35:31
4768,TRAIN,DEATH,-15.400000000001796,1809,426,147,3,0.02,2026-01-07T07:35:32
4769,TRAIN,DEATH,74.89999999999588,1979,416,157,3,0.02,2026-01-07T07:35:34
4770,TRAIN,TIMEOUT,4082.399999999977,8000,86,488,2,0.02,2026-01-07T07:35:41
4771,TRAIN,DEATH,1470.2000000000207,3901,275,298,3,0.02,2026-01-07T07:35:44
4772,TRAIN,DEATH,710.4999999999977,2669,353,220,3,0.02,2026-01-07T07:35:47
4773,TRAIN,DEATH,520.5000000000031,2605,395,179,2,0.02,2026-01-07T07:35:49
4774,TRAIN,DEATH,1628.3000000000116,4037,303,271,2,0.02,2026-01-07T07:35:53
4775,TRAIN,DEATH,327.2999999999961,2138,390,183,3,0.02,2026-01-07T07:35:55
4776,TRAIN,DEATH,1186.0000000000123,3247,328,246,2,0.02,2026-01-07T07:35:57
4777,TRAIN,DEATH,1360.7000000000041,3060,332,242,2,0.02,2026-01-07T07:36:00
4778,TRAIN,DEATH,1925.40000000003,4325,295,280,1,0.02,2026-01-07T07:36:03
4779,TRAIN,DEATH,449.6999999999982,2285,379,194,3,0.02,2026-01-07T07:36:05
4780,TRAIN,DEATH,1463.6000000000192,3075,341,233,2,0.02,2026-01-07T07:36:08
4781,TRAIN,DEATH,953.5000000000107,2987,328,245,3,0.02,2026-01-07T07:36:11
4782,TRAIN,DEATH,1823.9000000000296,4672,284,290,2,0.02,2026-01-07T07:36:15
4783,TRAIN,DEATH,1912.6000000000336,4771,235,339,2,0.02,2026-01-07T07:36:20
4784,TRAIN,DEATH,755.700000000006,2561,372,202,2,0.02,2026-01-07T07:36:22
4785,TRAIN,DEATH,915.0000000000036,3155,332,241,3,0.02,2026-01-07T07:36:24
4786,TRAIN,DEATH,1063.800000000024,3364,340,234,2,0.02,2026-01-07T07:36:27
4787,TRAIN,DEATH,-313.10000000000036,1472,456,117,3,0.02,2026-01-07T07:36:29
4788,TRAIN,DEATH,511.899999999997,2444,372,201,3,0.02,2026-01-07T07:36:31
4789,TRAIN,DEATH,1550.8000000000188,3969,268,305,3,0.02,2026-01-07T07:36:35
4790,TRAIN,DEATH,2003.7000000000353,4541,269,306,1,0.02,2026-01-07T07:36:39
4791,TRAIN,DEATH,2208.8000000000343,4771,234,342,0,0.02,2026-01-07T07:36:42
4792,TRAIN,DEATH,665.7999999999988,2863,357,216,3,0.02,2026-01-07T07:36:45
4793,TRAIN,DEATH,1718.5000000000246,4636,273,301,2,0.02,2026-01-07T07:36:49
4794,TRAIN,DEATH,1615.3000000000238,3670,306,268,2,0.02,2026-01-07T07:36:52
4795,TRAIN,DEATH,601.7000000000032,2193,387,187,2,0.02,2026-01-07T07:36:54
4796,TRAIN,DEATH,383.1999999999954,2262,386,187,3,0.02,2026-01-07T07:36:57
4797,TRAIN,DEATH,1366.3000000000202,3554,354,221,1,0.02,2026-01-07T07:37:00
4798,TRAIN,DEATH,833.6000000000076,2941,339,234,3,0.02,2026-01-07T07:37:02
4799,TRAIN,DEATH,2951.100000000046,7046,153,422,1,0.02,2026-01-07T07:37:08
4800,TRAIN,DEATH,1471.500000000027,4718,271,302,3,0.02,2026-01-07T07:37:12
4801,TRAIN,DEATH,924.3000000000079,2574,375,199,2,0.02,2026-01-07T07:37:14
4802,TRAIN,DEATH,1728.8000000000243,3854,298,277,1,0.02,2026-01-07T07:37:17
4803,TRAIN,DEATH,661.800000000007,2683,381,193,2,0.02,2026-01-07T07:37:19
4804,TRAIN,DEATH,2348.30000000004,5630,210,364,2,0.02,2026-01-07T07:37:25
4805,TRAIN,DEATH,698.4000000000083,2861,353,220,3,0.02,2026-01-07T07:37:27
4806,TRAIN,DEATH,1343.7000000000264,4211,314,261,1,0.02,2026-01-07T07:37:30
4807,TRAIN,DEATH,1253.2000000000205,3514,301,273,2,0.02,2026-01-07T07:37:33
4808,TRAIN,DEATH,143.3999999999969,1876,410,163,3,0.02,2026-01-07T07:37:35
4809,TRAIN,DEATH,1315.9000000000187,3723,291,282,3,0.02,2026-01-07T07:37:38
4810,TRAIN,DEATH,2331.700000000034,5662,214,361,1,0.02,2026-01-07T07:37:43
4811,TRAIN,DEATH,1130.000000000004,2996,358,217,1,0.02,2026-01-07T07:37:46
4812,TRAIN,DEATH,1287.1000000000292,4270,297,277,2,0.02,2026-01-07T07:37:49
4813,TRAIN,DEATH,-46.6000000000015,1807,429,144,3,0.02,2026-01-07T07:37:51
4814,TRAIN,DEATH,242.89999999999498,2338,400,173,3,0.02,2026-01-07T07:37:53
4815,TRAIN,DEATH,2754.2000000000403,5664,211,364,1,0.02,2026-01-07T07:37:57
4816,TRAIN,DEATH,1180.7000000000226,3959,304,269,3,0.02,2026-01-07T07:38:00
4817,TRAIN,DEATH,2362.0000000000327,5626,213,362,1,0.02,2026-01-07T07:38:05
4818,TRAIN,DEATH,569.3999999999978,2529,366,207,3,0.02,2026-01-07T07:38:07
4819,TRAIN,DEATH,1493.2000000000164,4080,297,277,2,0.02,2026-01-07T07:38:11
4820,TRAIN,DEATH,2158.0000000000255,5627,205,368,3,0.02,2026-01-07T07:38:15
4821,TRAIN,DEATH,265.59999999999457,2454,396,177,3,0.02,2026-01-07T07:38:17
4822,TRAIN,DEATH,1709.2000000000266,3996,295,279,2,0.02,2026-01-07T07:38:20
4823,TRAIN,DEATH,1079.400000000017,3504,315,258,3,0.02,2026-01-07T07:38:23
4824,TRAIN,DEATH,660.5000000000034,2779,357,216,3,0.02,2026-01-07T07:38:25
4825,TRAIN,DEATH,971.8000000000116,3245,326,247,3,0.02,2026-01-07T07:38:28
4826,TRAIN,DEATH,895.7999999999997,3255,333,240,3,0.02,2026-01-07T07:38:31
4827,TRAIN,DEATH,-48.000000000003524,1757,429,144,3,0.02,2026-01-07T07:38:33
4828,TRAIN,DEATH,1180.8000000000063,3360,329,245,2,0.02,2026-01-07T07:38:35
4829,TRAIN,DEATH,2000.100000000018,4817,265,309,2,0.02,2026-01-07T07:38:39
4830,TRAIN,DEATH,2105.7000000000435,5561,214,360,2,0.02,2026-01-07T07:38:44
4831,TRAIN,DEATH,1532.200000000022,3624,336,239,1,0.02,2026-01-07T07:38:47
4832,TRAIN,DEATH,2249.8000000000334,4376,260,314,2,0.02,2026-01-07T07:38:50
4833,TRAIN,DEATH,414.80000000000473,2975,382,191,3,0.02,2026-01-07T07:38:53
4834,TRAIN,DEATH,1389.600000000015,3450,306,268,2,0.02,2026-01-07T07:38:56
4835,TRAIN,DEATH,-420.20000000000056,1268,467,106,3,0.02,2026-01-07T07:38:57
4836,TRAIN,DEATH,571.8999999999983,2544,367,206,3,0.02,2026-01-07T07:38:59
4837,TRAIN,DEATH,791.1000000000065,3102,343,230,3,0.02,2026-01-07T07:39:02
4838,TRAIN,DEATH,2860.3000000000393,6266,203,372,1,0.02,2026-01-07T07:39:07
4839,TRAIN,DEATH,-193.3000000000004,1493,444,129,3,0.02,2026-01-07T07:39:08
4840,TRAIN,DEATH,1951.4000000000292,3946,296,279,1,0.02,2026-01-07T07:39:11
4841,TRAIN,DEATH,1768.3000000000302,3934,294,281,1,0.02,2026-01-07T07:39:14
4842,TRAIN,DEATH,1016.8000000000181,3871,324,250,2,0.02,2026-01-07T07:39:18
4843,TRAIN,DEATH,2613.700000000031,5393,204,370,2,0.02,2026-01-07T07:39:22
4844,TRAIN,DEATH,1624.6000000000217,4762,261,313,2,0.02,2026-01-07T07:39:26
4845,TRAIN,DEATH,1343.9000000000108,4346,288,285,3,0.02,2026-01-07T07:39:30
4846,TRAIN,DEATH,1488.8000000000204,3436,318,256,2,0.02,2026-01-07T07:39:33
4847,TRAIN,DEATH,2212.200000000026,4753,249,326,1,0.02,2026-01-07T07:39:36
4848,TRAIN,DEATH,1091.9000000000037,4252,317,257,2,0.02,2026-01-07T07:39:40
4849,TRAIN,DEATH,1605.0000000000318,4531,262,311,3,0.02,2026-01-07T07:39:43
4850,TRAIN,DEATH,2409.6000000000467,5882,225,349,2,0.02,2026-01-07T07:39:49
4851,TRAIN,DEATH,404.89999999999566,2512,387,187,2,0.02,2026-01-07T07:39:51
4852,TRAIN,DEATH,699.5000000000055,3118,353,220,3,0.02,2026-01-07T07:39:53
4853,TRAIN,DEATH,2160.8000000000416,5335,209,365,2,0.02,2026-01-07T07:39:57
4854,TRAIN,DEATH,1282.1000000000126,3433,323,252,1,0.02,2026-01-07T07:40:00
4855,TRAIN,DEATH,778.5000000000041,3113,345,228,3,0.02,2026-01-07T07:40:03
4856,TRAIN,DEATH,1108.7000000000082,3425,336,238,2,0.02,2026-01-07T07:40:05
4857,TRAIN,DEATH,1363.7000000000207,3750,287,286,3,0.02,2026-01-07T07:40:08
4858,TRAIN,DEATH,1601.0000000000282,3892,286,288,2,0.02,2026-01-07T07:40:11
4859,TRAIN,DEATH,2768.2000000000435,6390,167,407,2,0.02,2026-01-07T07:40:17
4860,TRAIN,DEATH,619.9999999999986,2732,362,211,3,0.02,2026-01-07T07:40:19
4861,TRAIN,DEATH,362.29999999999484,2338,386,187,3,0.02,2026-01-07T07:40:21
4862,TRAIN,DEATH,712.800000000007,3245,357,218,1,0.02,2026-01-07T07:40:24
4863,TRAIN,DEATH,1132.5000000000232,3428,310,263,3,0.02,2026-01-07T07:40:26
4864,TRAIN,DEATH,1170.3000000000202,3812,305,268,3,0.02,2026-01-07T07:40:29
4865,TRAIN,DEATH,477.29999999999495,2530,380,194,2,0.02,2026-01-07T07:40:31
4866,TRAIN,DEATH,746.3999999999987,2962,347,226,3,0.02,2026-01-07T07:40:34
4867,TRAIN,DEATH,595.1000000000008,2796,364,209,3,0.02,2026-01-07T07:40:37
4868,TRAIN,DEATH,1506.2000000000255,3957,317,257,2,0.02,2026-01-07T07:40:41
4869,TRAIN,DEATH,1569.2000000000016,3098,330,244,2,0.02,2026-01-07T07:40:43
4870,TRAIN,DEATH,1323.700000000022,3650,313,261,2,0.02,2026-01-07T07:40:47
4871,TRAIN,DEATH,1051.400000000023,3574,317,256,3,0.02,2026-01-07T07:40:49
4872,TRAIN,DEATH,342.89999999999486,2600,390,183,3,0.02,2026-01-07T07:40:51
4873,TRAIN,DEATH,1500.100000000014,3720,317,257,2,0.02,2026-01-07T07:40:54
4874,TRAIN,DEATH,2029.2000000000276,4642,222,352,2,0.02,2026-01-07T07:40:58
4875,TRAIN,DEATH,-165.50000000000165,1531,442,131,3,0.02,2026-01-07T07:41:00
4876,TRAIN,DEATH,1269.0000000000132,3474,344,231,1,0.02,2026-01-07T07:41:03
4877,TRAIN,DEATH,2787.1000000000554,6999,145,429,2,0.02,2026-01-07T07:41:08
4878,TRAIN,DEATH,707.500000000003,2550,377,197,2,0.02,2026-01-07T07:41:10
4879,TRAIN,DEATH,1706.1000000000254,3692,301,274,1,0.02,2026-01-07T07:41:13
4880,TRAIN,DEATH,356.39999999999475,2378,387,186,3,0.02,2026-01-07T07:41:15
4881,TRAIN,DEATH,1623.300000000032,4337,284,290,2,0.02,2026-01-07T07:41:19
4882,TRAIN,DEATH,2308.400000000038,5226,238,337,1,0.02,2026-01-07T07:41:23
4883,TRAIN,DEATH,238.8999999999944,2510,400,173,3,0.02,2026-01-07T07:41:24
4884,TRAIN,DEATH,1875.700000000047,6236,258,316,2,0.02,2026-01-07T07:41:29
4885,TRAIN,DEATH,1529.700000000012,3809,270,303,3,0.02,2026-01-07T07:41:33
4886,TRAIN,DEATH,2003.9000000000328,4841,225,349,2,0.02,2026-01-07T07:41:36
4887,TRAIN,DEATH,1968.4000000000196,3856,293,282,1,0.02,2026-01-07T07:41:39
4888,TRAIN,DEATH,319.19999999999686,2316,392,181,3,0.02,2026-01-07T07:41:41
4889,TRAIN,DEATH,909.7000000000098,3223,357,217,2,0.02,2026-01-07T07:41:44
4890,TRAIN,DEATH,1717.0000000000377,4998,278,297,1,0.02,2026-01-07T07:41:48
4891,TRAIN,DEATH,487.399999999996,2791,374,199,3,0.02,2026-01-07T07:41:50
4892,TRAIN,DEATH,682.2000000000062,2544,354,219,3,0.02,2026-01-07T07:41:52
4893,TRAIN,DEATH,1592.7000000000357,4741,266,308,2,0.02,2026-01-07T07:41:56
4894,TRAIN,DEATH,1669.8000000000234,4432,256,317,3,0.02,2026-01-07T07:42:00
4895,TRAIN,DEATH,137.19999999999948,2230,410,163,3,0.02,2026-01-07T07:42:02
4896,TRAIN,DEATH,1966.900000000041,5395,224,349,3,0.02,2026-01-07T07:42:06
4897,TRAIN,DEATH,1062.3000000000104,2831,340,234,2,0.02,2026-01-07T07:42:08
4898,TRAIN,DEATH,522.0000000000094,2750,379,196,1,0.02,2026-01-07T07:42:11
4899,TRAIN,DEATH,2398.400000000036,5376,225,349,2,0.02,2026-01-07T07:42:15
4900,TRAIN,DEATH,602.1000000000076,2568,363,210,3,0.02,2026-01-07T07:42:17
4901,TRAIN,DEATH,1211.0000000000127,3381,325,249,2,0.02,2026-01-07T07:42:20
4902,TRAIN,DEATH,1585.200000000019,4254,292,283,1,0.02,2026-01-07T07:42:24
4903,TRAIN,DEATH,2116.2000000000344,4700,254,320,2,0.02,2026-01-07T07:42:28
4904,TRAIN,DEATH,1512.5000000000216,4581,272,302,2,0.02,2026-01-07T07:42:32
4905,TRAIN,DEATH,1636.900000000011,3333,327,248,1,0.02,2026-01-07T07:42:34
4906,TRAIN,DEATH,2424.900000000046,5652,203,371,2,0.02,2026-01-07T07:42:39
4907,TRAIN,DEATH,581.8999999999983,2803,364,209,3,0.02,2026-01-07T07:42:41
4908,TRAIN,DEATH,2228.1000000000413,5393,203,371,2,0.02,2026-01-07T07:42:46
4909,TRAIN,DEATH,222.49999999999784,2035,401,172,3,0.02,2026-01-07T07:42:48
4910,TRAIN,DEATH,928.6000000000056,3437,335,239,2,0.02,2026-01-07T07:42:51
4911,TRAIN,DEATH,1818.0000000000337,4684,285,289,2,0.02,2026-01-07T07:42:55
4912,TRAIN,DEATH,2309.9000000000433,5909,212,362,2,0.02,2026-01-07T07:43:00
4913,TRAIN,DEATH,1069.000000000013,3224,340,234,2,0.02,2026-01-07T07:43:03
4914,TRAIN,DEATH,1476.8000000000193,4251,299,275,2,0.02,2026-01-07T07:43:08
4915,TRAIN,DEATH,1342.4000000000135,3533,291,283,2,0.02,2026-01-07T07:43:12
4916,TRAIN,DEATH,2201.500000000027,4289,269,306,1,0.02,2026-01-07T07:43:17
4917,TRAIN,DEATH,1031.8000000000068,3529,320,253,3,0.02,2026-01-07T07:43:20
4918,TRAIN,DEATH,1411.9000000000183,3618,330,245,1,0.02,2026-01-07T07:43:23
4919,TRAIN,DEATH,1934.600000000028,4306,273,301,2,0.02,2026-01-07T07:43:27
4920,TRAIN,DEATH,1969.600000000039,5133,222,351,3,0.02,2026-01-07T07:43:32
4921,TRAIN,DEATH,1607.8000000000134,3553,306,268,2,0.02,2026-01-07T07:43:36
4922,TRAIN,DEATH,1197.3000000000043,3484,326,248,2,0.02,2026-01-07T07:43:39
4923,TRAIN,DEATH,1957.800000000028,4681,230,344,2,0.02,2026-01-07T07:43:43
4924,TRAIN,DEATH,1686.100000000034,4731,277,297,2,0.02,2026-01-07T07:43:48
4925,TRAIN,DEATH,820.9000000000024,2794,366,208,2,0.02,2026-01-07T07:43:51
4926,TRAIN,DEATH,1259.9000000000212,4399,297,276,3,0.02,2026-01-07T07:43:55
4927,TRAIN,DEATH,1006.5000000000166,3404,327,247,2,0.02,2026-01-07T07:43:58
4928,TRAIN,DEATH,1457.2000000000155,4329,275,298,3,0.02,2026-01-07T07:44:02
4929,TRAIN,DEATH,1238.9000000000137,4055,300,273,3,0.02,2026-01-07T07:44:06
4930,TRAIN,DEATH,1329.0000000000086,3868,314,260,2,0.02,2026-01-07T07:44:10
4931,TRAIN,DEATH,1307.900000000016,3507,317,257,2,0.02,2026-01-07T07:44:13
4932,TRAIN,DEATH,469.8999999999961,2646,377,196,3,0.02,2026-01-07T07:44:16
4933,TRAIN,DEATH,1143.400000000007,4215,311,263,2,0.02,2026-01-07T07:44:20
4934,TRAIN,DEATH,302.2999999999971,2466,394,179,3,0.02,2026-01-07T07:44:22
4935,TRAIN,DEATH,80.59999999999775,2028,415,158,3,0.02,2026-01-07T07:44:24
4936,TRAIN,DEATH,500.6999999999954,2603,377,197,2,0.02,2026-01-07T07:44:27
4937,TRAIN,DEATH,1190.1000000000151,3526,304,269,3,0.02,2026-01-07T07:44:31
4938,TRAIN,DEATH,1983.4000000000306,4115,292,283,1,0.02,2026-01-07T07:44:34
4939,TRAIN,DEATH,1729.6000000000254,4864,255,320,1,0.02,2026-01-07T07:44:39
4940,TRAIN,DEATH,1318.7000000000141,3321,316,258,2,0.02,2026-01-07T07:44:42
4941,TRAIN,DEATH,1127.900000000002,3234,309,264,3,0.02,2026-01-07T07:44:46
4942,TRAIN,DEATH,824.6000000000151,2665,386,188,2,0.02,2026-01-07T07:44:49
4943,TRAIN,DEATH,979.6000000000176,3023,349,225,2,0.02,2026-01-07T07:44:52
4944,TRAIN,DEATH,1308.8000000000056,3326,317,257,2,0.02,2026-01-07T07:44:55
4945,TRAIN,DEATH,1533.3000000000243,3383,313,261,2,0.02,2026-01-07T07:44:59
4946,TRAIN,DEATH,1406.000000000025,3767,283,290,3,0.02,2026-01-07T07:45:02
4947,TRAIN,DEATH,1287.6000000000113,3824,297,277,2,0.02,2026-01-07T07:45:06
4948,TRAIN,DEATH,1365.9000000000194,3809,287,286,3,0.02,2026-01-07T07:45:11
4949,TRAIN,DEATH,2127.0000000000327,4938,232,342,2,0.02,2026-01-07T07:45:16
4950,TRAIN,DEATH,1548.4000000000215,4034,268,305,3,0.02,2026-01-07T07:45:20
4951,TRAIN,DEATH,595.5999999999967,2638,364,209,3,0.02,2026-01-07T07:45:23
4952,TRAIN,DEATH,977.3000000000095,3212,325,248,3,0.02,2026-01-07T07:45:25
4953,TRAIN,DEATH,1932.1000000000422,5689,252,322,2,0.02,2026-01-07T07:45:30
4954,TRAIN,DEATH,475.800000000001,2425,375,198,3,0.02,2026-01-07T07:45:34
4955,TRAIN,DEATH,2158.6000000000354,4874,230,344,2,0.02,2026-01-07T07:45:38
4956,TRAIN,DEATH,2746.300000000052,6965,174,401,1,0.02,2026-01-07T07:45:44
4957,TRAIN,DEATH,1797.9000000000337,4785,266,308,2,0.02,2026-01-07T07:45:49
4958,TRAIN,DEATH,2103.000000000021,4167,261,314,1,0.02,2026-01-07T07:45:52
4959,TRAIN,DEATH,714.5000000000055,2918,352,221,3,0.02,2026-01-07T07:45:55
4960,TRAIN,DEATH,1713.5000000000318,4949,249,324,3,0.02,2026-01-07T07:45:59
4961,TRAIN,DEATH,1908.2000000000203,4499,282,294,0,0.02,2026-01-07T07:46:03
4962,TRAIN,DEATH,1348.6000000000208,3459,333,241,2,0.02,2026-01-07T07:46:07
4963,TRAIN,DEATH,1538.1000000000365,4559,314,261,1,0.02,2026-01-07T07:46:11
4964,TRAIN,DEATH,1672.9000000000224,4193,280,294,2,0.02,2026-01-07T07:46:15
4965,TRAIN,DEATH,1785.600000000033,4671,243,330,3,0.02,2026-01-07T07:46:20
4966,TRAIN,DEATH,29.199999999996976,1825,420,153,3,0.02,2026-01-07T07:46:22
4967,TRAIN,DEATH,900.6000000000022,2872,334,239,3,0.02,2026-01-07T07:46:25
4968,TRAIN,DEATH,1148.1000000000179,3553,319,257,0,0.02,2026-01-07T07:46:28
4969,TRAIN,DEATH,1008.1000000000088,3212,323,250,3,0.02,2026-01-07T07:46:32
4970,TRAIN,DEATH,420.59999999999786,2277,382,191,3,0.02,2026-01-07T07:46:34
4971,TRAIN,DEATH,2068.6000000000304,5280,238,336,2,0.02,2026-01-07T07:46:40
4972,TRAIN,DEATH,1230.4000000000005,2795,344,230,2,0.02,2026-01-07T07:46:42
4973,TRAIN,DEATH,1377.7000000000246,5157,288,286,2,0.02,2026-01-07T07:46:48
4974,TRAIN,DEATH,2092.2000000000407,5878,212,361,3,0.02,2026-01-07T07:46:53
4975,TRAIN,DEATH,1662.8000000000302,4570,303,272,1,0.02,2026-01-07T07:46:57
4976,TRAIN,DEATH,3162.400000000052,6494,154,422,0,0.02,2026-01-07T07:47:02
4977,TRAIN,DEATH,1919.900000000021,3914,276,298,2,0.02,2026-01-07T07:47:05
4978,TRAIN,DEATH,888.5999999999988,3023,358,216,2,0.02,2026-01-07T07:47:08
4979,TRAIN,DEATH,519.799999999997,2476,371,202,3,0.02,2026-01-07T07:47:10
4980,TRAIN,DEATH,2100.4000000000365,6253,236,338,2,0.02,2026-01-07T07:47:17
4981,TRAIN,DEATH,727.5000000000009,2965,355,219,2,0.02,2026-01-07T07:47:20
4982,TRAIN,DEATH,2079.400000000031,4497,262,313,1,0.02,2026-01-07T07:47:24
4983,TRAIN,DEATH,484.9999999999949,2431,380,194,2,0.02,2026-01-07T07:47:27
4984,TRAIN,DEATH,2440.2000000000558,6964,177,396,3,0.02,2026-01-07T07:47:33
4985,TRAIN,DEATH,852.8000000000106,2860,361,213,2,0.02,2026-01-07T07:47:36
4986,TRAIN,DEATH,2035.7000000000253,5102,239,335,2,0.02,2026-01-07T07:47:41
4987,TRAIN,DEATH,1512.0000000000214,3753,299,276,1,0.02,2026-01-07T07:47:45
4988,TRAIN,DEATH,2516.800000000039,5675,214,360,2,0.02,2026-01-07T07:47:51
4989,TRAIN,DEATH,2438.8000000000425,5786,201,373,2,0.02,2026-01-07T07:47:56
4990,TRAIN,DEATH,308.79999999999507,2344,393,180,3,0.02,2026-01-07T07:47:59
4991,TRAIN,DEATH,373.59999999999525,2827,387,186,3,0.02,2026-01-07T07:48:01
4992,TRAIN,DEATH,201.89999999999748,2157,404,169,3,0.02,2026-01-07T07:48:04
4993,TRAIN,DEATH,592.1999999999953,2977,368,206,2,0.02,2026-01-07T07:48:06
4994,TRAIN,DEATH,1090.1000000000035,3257,318,256,2,0.02,2026-01-07T07:48:10
4995,TRAIN,DEATH,1776.4000000000337,5147,272,303,1,0.02,2026-01-07T07:48:14
4996,TRAIN,DEATH,-497.90000000000066,1121,474,99,3,0.02,2026-01-07T07:48:16
4997,TRAIN,DEATH,860.3000000000143,3242,337,236,3,0.02,2026-01-07T07:48:20
4998,TRAIN,DEATH,766.9000000000069,2837,351,223,2,0.02,2026-01-07T07:48:23
4999,TRAIN,DEATH,774.5000000000125,2569,390,184,2,0.02,2026-01-07T07:48:26
5000,TRAIN,DEATH,1554.4000000000106,4341,290,284,2,0.02,2026-01-07T07:48:31
5001,TRAIN,DEATH,1644.7000000000407,5305,257,316,3,0.02,2026-01-07T07:48:36
5002,TRAIN,DEATH,2.5999999999979764,2109,425,149,2,0.02,2026-01-07T07:48:38
5003,TRAIN,DEATH,1930.7000000000298,5372,272,302,2,0.02,2026-01-07T07:48:42
5004,TRAIN,DEATH,1245.6000000000254,3171,341,233,2,0.02,2026-01-07T07:48:45
5005,TRAIN,DEATH,66.19999999999709,2059,418,155,3,0.09960000000000001,2026-01-07T08:06:41
5006,TRAIN,DEATH,-564.7000000000003,1250,480,93,3,0.0992016,2026-01-07T08:07:23
5007,TRAIN,DEATH,855.7000000000255,3908,337,236,3,0.0988047936,2026-01-07T08:09:34
5008,TRAIN,DEATH,795.7000000000035,3751,344,229,3,0.0984095744256,2026-01-07T08:11:39
5009,TRAIN,DEATH,667.200000000003,2627,381,193,2,0.0980159361278976,2026-01-07T08:13:08
5010,TRAIN,DEATH,1133.1000000000274,4137,310,263,3,0.097623872383386,2026-01-07T08:15:27
5034,TRAIN,DEATH,303.4999999999968,3010,391,182,3,0.09960000000000001,2026-01-07T09:56:06
